-- MySQL dump 10.14  Distrib 5.5.68-MariaDB, for Linux (x86_64)
--
-- Host: localhost    Database: flejob
-- ------------------------------------------------------
-- Server version	5.5.68-MariaDB

/*!40101 SET @OLD_CHARACTER_SET_CLIENT=@@CHARACTER_SET_CLIENT */;
/*!40101 SET @OLD_CHARACTER_SET_RESULTS=@@CHARACTER_SET_RESULTS */;
/*!40101 SET @OLD_COLLATION_CONNECTION=@@COLLATION_CONNECTION */;
/*!40101 SET NAMES utf8 */;
/*!40103 SET @OLD_TIME_ZONE=@@TIME_ZONE */;
/*!40103 SET TIME_ZONE='+00:00' */;
/*!40014 SET @OLD_UNIQUE_CHECKS=@@UNIQUE_CHECKS, UNIQUE_CHECKS=0 */;
/*!40014 SET @OLD_FOREIGN_KEY_CHECKS=@@FOREIGN_KEY_CHECKS, FOREIGN_KEY_CHECKS=0 */;
/*!40101 SET @OLD_SQL_MODE=@@SQL_MODE, SQL_MODE='NO_AUTO_VALUE_ON_ZERO' */;
/*!40111 SET @OLD_SQL_NOTES=@@SQL_NOTES, SQL_NOTES=0 */;

--
-- Table structure for table `blogs`
--

DROP TABLE IF EXISTS `blogs`;
/*!40101 SET @saved_cs_client     = @@character_set_client */;
/*!40101 SET character_set_client = utf8 */;
CREATE TABLE `blogs` (
  `id` bigint(20) unsigned NOT NULL AUTO_INCREMENT,
  `Title` varchar(255) COLLATE utf8_general_ci NOT NULL,
  `Description` text COLLATE utf8_general_ci NOT NULL,
  `Image` varchar(255) COLLATE utf8_general_ci NOT NULL,
  `MetaTitle` text COLLATE utf8_general_ci,
  `MetaDescription` text COLLATE utf8_general_ci,
  `MetaKeywords` text COLLATE utf8_general_ci,
  `created_at` timestamp NULL DEFAULT NULL,
  `updated_at` timestamp NULL DEFAULT NULL,
  PRIMARY KEY (`id`)
) ENGINE=InnoDB AUTO_INCREMENT=2 DEFAULT CHARSET=utf8 COLLATE=utf8_general_ci;
/*!40101 SET character_set_client = @saved_cs_client */;

--
-- Dumping data for table `blogs`
--

LOCK TABLES `blogs` WRITE;
/*!40000 ALTER TABLE `blogs` DISABLE KEYS */;
/*!40000 ALTER TABLE `blogs` ENABLE KEYS */;
UNLOCK TABLES;

--
-- Table structure for table `categories`
--

DROP TABLE IF EXISTS `categories`;
/*!40101 SET @saved_cs_client     = @@character_set_client */;
/*!40101 SET character_set_client = utf8 */;
CREATE TABLE `categories` (
  `id` bigint(20) unsigned NOT NULL AUTO_INCREMENT,
  `StyleClass` varchar(255) COLLATE utf8_general_ci DEFAULT NULL,
  `SortOrder` int(11) DEFAULT NULL,
  `created_at` timestamp NULL DEFAULT NULL,
  `updated_at` timestamp NULL DEFAULT NULL,
  PRIMARY KEY (`id`)
) ENGINE=InnoDB AUTO_INCREMENT=18 DEFAULT CHARSET=utf8 COLLATE=utf8_general_ci;
/*!40101 SET character_set_client = @saved_cs_client */;

--
-- Dumping data for table `categories`
--

LOCK TABLES `categories` WRITE;
/*!40000 ALTER TABLE `categories` DISABLE KEYS */;
INSERT INTO `categories` VALUES (4,'<i class=\"fa-solid fa-coins\"></i>',NULL,'2023-01-05 09:14:23','2023-01-05 09:15:17'),(5,'<i class=\"fa-solid fa-comments-dollar\"></i>',NULL,'2023-01-05 09:19:29','2023-01-05 09:20:52'),(6,'<i class=\"fa-solid fa-code\"></i>',NULL,'2023-01-05 09:25:23','2023-01-05 09:26:35'),(7,'<i class=\"fa-solid fa-business-time\"></i>',NULL,'2023-01-05 09:29:06','2023-01-05 09:30:28'),(8,'<i class=\"fa-solid fa-money-bill\"></i>',NULL,'2023-01-05 09:32:55','2023-01-05 09:34:11'),(9,'<i class=\"fa-solid fa-pen\"></i>',NULL,'2023-01-05 09:42:33','2023-01-05 09:42:48'),(10,'<i class=\"fa-solid fa-scale-balanced\"></i>',NULL,'2023-01-05 09:46:09','2023-01-05 09:46:34'),(11,'<i class=\"fa-solid fa-school\"></i>',NULL,'2023-01-05 09:48:23','2023-01-05 09:48:35'),(12,'<i class=\"fa-solid fa-industry\"></i>',NULL,'2023-01-05 09:50:53','2023-01-05 09:51:03'),(13,'<i class=\"fa-solid fa-bell-concierge\"></i>',NULL,'2023-01-05 09:53:47','2023-01-05 09:53:57'),(14,'<i class=\"fa-solid fa-stethoscope\"></i>',NULL,'2023-01-05 09:55:43','2023-01-05 09:55:53'),(15,'<i class=\"fa-regular fa-map\"></i>',NULL,'2023-01-05 10:00:42','2023-01-05 10:01:33'),(16,'<i class=\"fa-brands fa-searchengin\"></i>',NULL,'2023-01-05 10:05:10','2023-01-05 10:05:21'),(17,'<i class=\"fa-regular fa-building\"></i>',NULL,'2023-01-05 10:14:01','2023-01-05 10:15:02');
/*!40000 ALTER TABLE `categories` ENABLE KEYS */;
UNLOCK TABLES;

--
-- Table structure for table `category_langs`
--

DROP TABLE IF EXISTS `category_langs`;
/*!40101 SET @saved_cs_client     = @@character_set_client */;
/*!40101 SET character_set_client = utf8 */;
CREATE TABLE `category_langs` (
  `id` bigint(20) unsigned NOT NULL AUTO_INCREMENT,
  `CategoryName` varchar(255) COLLATE utf8_general_ci NOT NULL,
  `MetaTitle` text COLLATE utf8_general_ci,
  `MetaDescription` text COLLATE utf8_general_ci,
  `MetaKeywords` text COLLATE utf8_general_ci,
  `category_id` bigint(20) unsigned NOT NULL,
  `lang_id` bigint(20) unsigned NOT NULL,
  `created_at` timestamp NULL DEFAULT NULL,
  `updated_at` timestamp NULL DEFAULT NULL,
  PRIMARY KEY (`id`),
  KEY `category_langs_category_id_foreign` (`category_id`),
  KEY `category_langs_lang_id_foreign` (`lang_id`),
  CONSTRAINT `category_langs_category_id_foreign` FOREIGN KEY (`category_id`) REFERENCES `categories` (`id`),
  CONSTRAINT `category_langs_lang_id_foreign` FOREIGN KEY (`lang_id`) REFERENCES `langs` (`id`)
) ENGINE=InnoDB AUTO_INCREMENT=49 DEFAULT CHARSET=utf8 COLLATE=utf8_general_ci;
/*!40101 SET character_set_client = @saved_cs_client */;

--
-- Dumping data for table `category_langs`
--

LOCK TABLES `category_langs` WRITE;
/*!40000 ALTER TABLE `category_langs` DISABLE KEYS */;
INSERT INTO `category_langs` VALUES (7,'Finance','Finance','Finance','Finance',4,1,'2023-01-05 09:14:23','2023-01-05 09:23:16'),(8,'Maliyyə','Maliyyə','Maliyyə','Maliyyə',4,2,'2023-01-05 09:14:23','2023-01-05 09:23:16'),(9,'Финансы','Финансы','Финансы','Финансы',4,3,'2023-01-05 09:14:23','2023-01-05 09:14:23'),(10,'Marketing','Marketing','Marketing','Marketing',5,1,'2023-01-05 09:19:29','2023-01-05 09:22:40'),(11,'Marketinq','Marketinq','Marketinq','Marketinq',5,2,'2023-01-05 09:19:29','2023-01-05 09:22:40'),(12,'Маркетинг','Маркетинг','Маркетинг','Маркетинг',5,3,'2023-01-05 09:19:29','2023-01-05 09:19:29'),(13,'Information technologies','Information technologies','Information technologies','Information technologies',6,1,'2023-01-05 09:25:23','2023-01-05 09:25:23'),(14,'İnformasiya texnologiyaları','İnformasiya texnologiyaları','İnformasiya texnologiyaları','İnformasiya texnologiyaları',6,2,'2023-01-05 09:25:23','2023-01-05 09:25:23'),(15,'Информационные технологии','Информационные технологии','Информационные технологии','Информационные технологии',6,3,'2023-01-05 09:25:23','2023-01-05 09:25:23'),(16,'Administrative','Administrative','Administrative','Administrative',7,1,'2023-01-05 09:29:06','2023-01-05 09:29:06'),(17,'İnzibati','İnzibati','İnzibati','İnzibati',7,2,'2023-01-05 09:29:06','2023-01-05 09:29:06'),(18,'Административный','Административный','Административный','Административный',7,3,'2023-01-05 09:29:06','2023-01-05 09:29:06'),(19,'Sale','Sale','Sale','Sale',8,1,'2023-01-05 09:32:55','2023-01-05 09:32:55'),(20,'Satış','Satış','Satış','Satış',8,2,'2023-01-05 09:32:55','2023-01-05 09:32:55'),(21,'Продажа','Продажа','Продажа','Продажа',8,3,'2023-01-05 09:32:55','2023-01-05 09:32:55'),(22,'Design','Design','Design','Design',9,1,'2023-01-05 09:42:33','2023-01-05 09:42:33'),(23,'Dizayn','Dizayn','Dizayn','Dizayn',9,2,'2023-01-05 09:42:33','2023-01-05 09:42:33'),(24,'Дизайн','Дизайн','Дизайн','Дизайн',9,3,'2023-01-05 09:42:33','2023-01-05 09:42:33'),(25,'Lawyer','Lawyer','Lawyer','Lawyer',10,1,'2023-01-05 09:46:09','2023-01-05 09:46:09'),(26,'Hüquqşünas','Hüquqşünas','Hüquqşünas','Hüquqşünas',10,2,'2023-01-05 09:46:09','2023-01-05 09:46:09'),(27,'Юрист','Юрист','Юрист','Юрист',10,3,'2023-01-05 09:46:09','2023-01-05 09:46:09'),(28,'Education and science','Education and science','Education and science','Education and science',11,1,'2023-01-05 09:48:23','2023-01-05 09:48:23'),(29,'Təhsil və elm','Təhsil və elm','Təhsil və elm','Təhsil və elm',11,2,'2023-01-05 09:48:23','2023-01-05 09:48:23'),(30,'Образование и наука','Образование и наука','Образование и наука','Образование и наука',11,3,'2023-01-05 09:48:23','2023-01-05 09:48:23'),(31,'Industry and agriculture','Industry and agriculture','Industry and agriculture','Industry and agriculture',12,1,'2023-01-05 09:50:53','2023-01-05 09:50:53'),(32,'Sənaye və kənd təsərrüfatı','Sənaye və kənd təsərrüfatı','Sənaye və kənd təsərrüfatı','Sənaye və kənd təsərrüfatı',12,2,'2023-01-05 09:50:53','2023-01-05 09:50:53'),(33,'Промышленность и сельское хозяйство','Промышленность и сельское хозяйство','Промышленность и сельское хозяйство','Промышленность и сельское хозяйство',12,3,'2023-01-05 09:50:53','2023-01-05 09:50:53'),(34,'Service','Service','Service','Service',13,1,'2023-01-05 09:53:47','2023-01-05 09:53:47'),(35,'Xidmət','Xidmət','Xidmət','Xidmət',13,2,'2023-01-05 09:53:47','2023-01-05 09:53:47'),(36,'Услуги','Услуги','Услуги','Услуги',13,3,'2023-01-05 09:53:47','2023-01-05 09:53:47'),(37,'Medicine and pharmacy','Medicine and pharmacy','Medicine and pharmacy','Medicine and pharmacy',14,1,'2023-01-05 09:55:43','2023-01-05 09:55:43'),(38,'Tibb və əczaçılıq','Tibb və əczaçılıq','Tibb və əczaçılıq','Tibb və əczaçılıq',14,2,'2023-01-05 09:55:43','2023-01-05 09:55:43'),(39,'Медицина и фармация','Медицина и фармация','Медицина и фармация','Медицина и фармация',14,3,'2023-01-05 09:55:43','2023-01-05 09:55:43'),(40,'Tourism','Tourism','Tourism','Tourism',15,1,'2023-01-05 10:00:42','2023-01-05 10:00:42'),(41,'Turizm','Turizm','Turizm','Turizm',15,2,'2023-01-05 10:00:42','2023-01-05 10:00:42'),(42,'Туризм','Туризм','Туризм','Туризм',15,3,'2023-01-05 10:00:42','2023-01-05 10:00:42'),(43,'Engineering','Engineering','Engineering','Engineering',16,1,'2023-01-05 10:05:10','2023-01-05 10:05:10'),(44,'Mühəndislik','Mühəndislik','Mühəndislik','Mühəndislik',16,2,'2023-01-05 10:05:10','2023-01-05 10:05:10'),(45,'Инженерия','Инженерия','Инженерия','Инженерия',16,3,'2023-01-05 10:05:10','2023-01-05 10:05:10'),(46,'Different','Different','Different','Different',17,1,'2023-01-05 10:14:01','2023-01-05 10:14:01'),(47,'Müxtəlif','Müxtəlif','Müxtəlif','Müxtəlif',17,2,'2023-01-05 10:14:01','2023-01-05 10:14:01'),(48,'Разные','Разные','Разные','Разные',17,3,'2023-01-05 10:14:01','2023-01-05 10:14:01');
/*!40000 ALTER TABLE `category_langs` ENABLE KEYS */;
UNLOCK TABLES;

--
-- Table structure for table `cities`
--

DROP TABLE IF EXISTS `cities`;
/*!40101 SET @saved_cs_client     = @@character_set_client */;
/*!40101 SET character_set_client = utf8 */;
CREATE TABLE `cities` (
  `id` bigint(20) unsigned NOT NULL AUTO_INCREMENT,
  `created_at` timestamp NULL DEFAULT NULL,
  `updated_at` timestamp NULL DEFAULT NULL,
  PRIMARY KEY (`id`)
) ENGINE=InnoDB AUTO_INCREMENT=86 DEFAULT CHARSET=utf8 COLLATE=utf8_general_ci;
/*!40101 SET character_set_client = @saved_cs_client */;

--
-- Dumping data for table `cities`
--

LOCK TABLES `cities` WRITE;
/*!40000 ALTER TABLE `cities` DISABLE KEYS */;
INSERT INTO `cities` VALUES (5,'2023-01-05 08:19:30','2023-01-05 08:19:30'),(6,'2023-01-05 08:38:23','2023-01-05 08:38:23'),(7,'2023-01-05 08:39:56','2023-01-05 08:39:56'),(9,'2023-01-05 08:41:55','2023-01-05 08:41:55'),(10,'2023-01-05 08:44:47','2023-01-05 08:44:47'),(11,'2023-01-05 08:47:04','2023-01-05 08:47:04'),(12,'2023-01-05 08:50:05','2023-01-05 08:50:05'),(14,'2023-01-05 08:55:02','2023-01-05 08:55:02'),(16,'2023-01-05 09:01:42','2023-01-05 09:01:42'),(17,'2023-01-05 09:03:15','2023-01-05 09:03:15'),(18,'2023-01-05 09:08:37','2023-01-05 09:08:37'),(21,'2023-01-05 09:14:31','2023-01-05 09:14:31'),(22,'2023-01-05 09:15:21','2023-01-05 09:15:21'),(24,'2023-01-05 09:17:28','2023-01-05 09:17:28'),(25,'2023-01-05 09:18:26','2023-01-05 09:18:26'),(27,'2023-01-05 09:22:46','2023-01-05 09:22:46'),(28,'2023-01-05 09:23:35','2023-01-05 09:23:35'),(29,'2023-01-05 09:24:52','2023-01-05 09:24:52'),(30,'2023-01-05 09:26:38','2023-01-05 09:26:38'),(31,'2023-01-05 09:30:25','2023-01-05 09:30:25'),(32,'2023-01-05 09:39:32','2023-01-05 09:39:32'),(33,'2023-01-05 09:40:31','2023-01-05 09:40:31'),(34,'2023-01-05 09:42:33','2023-01-05 09:42:33'),(35,'2023-01-05 09:43:15','2023-01-05 09:43:15'),(36,'2023-01-05 09:44:45','2023-01-05 09:44:45'),(37,'2023-01-05 09:46:04','2023-01-05 09:46:04'),(38,'2023-01-05 09:46:59','2023-01-05 09:46:59'),(39,'2023-01-05 09:47:54','2023-01-05 09:47:54'),(40,'2023-01-05 09:48:32','2023-01-05 09:48:32'),(41,'2023-01-05 09:49:14','2023-01-05 09:49:14'),(42,'2023-01-05 09:49:56','2023-01-05 09:49:56'),(43,'2023-01-05 09:50:47','2023-01-05 09:50:47'),(44,'2023-01-05 09:52:39','2023-01-05 09:52:39'),(45,'2023-01-05 09:53:31','2023-01-05 09:53:31'),(46,'2023-01-05 09:54:16','2023-01-05 09:54:16'),(47,'2023-01-05 09:54:58','2023-01-05 09:54:58'),(48,'2023-01-05 10:00:02','2023-01-05 10:00:02'),(49,'2023-01-05 10:01:24','2023-01-05 10:01:24'),(50,'2023-01-05 10:02:04','2023-01-05 10:02:04'),(51,'2023-01-05 10:02:57','2023-01-05 10:02:57'),(52,'2023-01-05 10:04:11','2023-01-05 10:04:11'),(53,'2023-01-05 10:05:11','2023-01-05 10:05:11'),(54,'2023-01-05 10:05:57','2023-01-05 10:05:57'),(55,'2023-01-05 10:06:44','2023-01-05 10:06:44'),(56,'2023-01-05 10:07:25','2023-01-05 10:07:25'),(57,'2023-01-05 10:08:21','2023-01-05 10:08:21'),(58,'2023-01-05 10:09:37','2023-01-05 10:09:37'),(59,'2023-01-05 10:10:31','2023-01-05 10:10:31'),(60,'2023-01-05 10:11:32','2023-01-05 10:11:32'),(61,'2023-01-05 10:12:26','2023-01-05 10:12:26'),(62,'2023-01-05 10:13:05','2023-01-05 10:13:05'),(63,'2023-01-05 10:13:44','2023-01-05 10:13:44'),(64,'2023-01-05 10:15:32','2023-01-05 10:15:32'),(65,'2023-01-05 10:18:58','2023-01-05 10:18:58'),(66,'2023-01-05 10:19:44','2023-01-05 10:19:44'),(67,'2023-01-05 10:20:29','2023-01-05 10:20:29'),(68,'2023-01-05 10:23:24','2023-01-05 10:23:24'),(69,'2023-01-05 10:24:41','2023-01-05 10:24:41'),(70,'2023-01-05 10:25:25','2023-01-05 10:25:25'),(71,'2023-01-05 10:28:02','2023-01-05 10:28:02'),(72,'2023-01-05 10:29:23','2023-01-05 10:29:23'),(73,'2023-01-05 10:33:17','2023-01-05 10:33:17'),(74,'2023-01-05 10:34:08','2023-01-05 10:34:08'),(75,'2023-01-05 10:34:48','2023-01-05 10:34:48'),(76,'2023-01-05 10:35:32','2023-01-05 10:35:32'),(77,'2023-01-05 10:36:09','2023-01-05 10:36:09'),(78,'2023-01-05 10:36:51','2023-01-05 10:36:51'),(79,'2023-01-05 10:37:33','2023-01-05 10:37:33'),(80,'2023-01-05 11:10:34','2023-01-05 11:10:34'),(81,'2023-01-05 11:12:21','2023-01-05 11:12:21'),(82,'2023-01-05 11:12:56','2023-01-05 11:12:56'),(83,'2023-01-05 11:13:31','2023-01-05 11:13:31'),(84,'2023-01-05 11:14:28','2023-01-05 11:14:28'),(85,'2023-01-05 11:15:20','2023-01-05 11:15:20');
/*!40000 ALTER TABLE `cities` ENABLE KEYS */;
UNLOCK TABLES;

--
-- Table structure for table `city_langs`
--

DROP TABLE IF EXISTS `city_langs`;
/*!40101 SET @saved_cs_client     = @@character_set_client */;
/*!40101 SET character_set_client = utf8 */;
CREATE TABLE `city_langs` (
  `id` bigint(20) unsigned NOT NULL AUTO_INCREMENT,
  `city_id` bigint(20) unsigned NOT NULL,
  `lang_id` bigint(20) unsigned NOT NULL,
  `CityName` varchar(255) COLLATE utf8_general_ci NOT NULL,
  `created_at` timestamp NULL DEFAULT NULL,
  `updated_at` timestamp NULL DEFAULT NULL,
  PRIMARY KEY (`id`),
  KEY `city_langs_city_id_foreign` (`city_id`),
  KEY `city_langs_lang_id_foreign` (`lang_id`),
  CONSTRAINT `city_langs_city_id_foreign` FOREIGN KEY (`city_id`) REFERENCES `cities` (`id`),
  CONSTRAINT `city_langs_lang_id_foreign` FOREIGN KEY (`lang_id`) REFERENCES `langs` (`id`)
) ENGINE=InnoDB AUTO_INCREMENT=252 DEFAULT CHARSET=utf8 COLLATE=utf8_general_ci;
/*!40101 SET character_set_client = @saved_cs_client */;

--
-- Dumping data for table `city_langs`
--

LOCK TABLES `city_langs` WRITE;
/*!40000 ALTER TABLE `city_langs` DISABLE KEYS */;
INSERT INTO `city_langs` VALUES (9,5,1,'Baku','2023-01-05 08:19:30','2023-01-05 08:19:30'),(10,5,2,'Baki','2023-01-05 08:19:30','2023-01-05 08:19:30'),(11,5,3,'Баку','2023-01-05 08:19:30','2023-01-05 08:19:30'),(12,6,1,'Agjabadi','2023-01-05 08:38:23','2023-01-05 08:38:23'),(13,6,2,'Ağcabədi','2023-01-05 08:38:23','2023-01-05 08:38:23'),(14,6,3,'Агджабеди','2023-01-05 08:38:23','2023-01-05 08:38:23'),(15,7,1,'Aghdam','2023-01-05 08:39:56','2023-01-05 08:39:56'),(16,7,2,'Ağdam','2023-01-05 08:39:56','2023-01-05 08:39:56'),(17,7,3,'Aгдам','2023-01-05 08:39:56','2023-01-05 08:47:20'),(21,9,1,'Aghdara','2023-01-05 08:41:55','2023-01-05 08:41:55'),(22,9,2,'Ağdərə','2023-01-05 08:41:55','2023-01-05 08:41:55'),(23,9,3,'Агдара','2023-01-05 08:41:55','2023-01-05 08:41:55'),(24,10,1,'Agstafa','2023-01-05 08:44:47','2023-01-05 08:44:47'),(25,10,2,'Ağstafa','2023-01-05 08:44:47','2023-01-05 08:44:47'),(26,10,3,'Агстафа','2023-01-05 08:44:47','2023-01-05 08:44:47'),(27,11,1,'Agsu','2023-01-05 08:47:04','2023-01-05 08:51:32'),(28,11,2,'Ağsu','2023-01-05 08:47:04','2023-01-05 08:47:04'),(29,11,3,'агсу','2023-01-05 08:47:04','2023-01-05 08:47:04'),(30,12,1,'Astara','2023-01-05 08:50:05','2023-01-05 08:50:05'),(31,12,2,'Astara','2023-01-05 08:50:05','2023-01-05 08:50:05'),(32,12,3,'Acтара','2023-01-05 08:50:05','2023-01-05 08:50:05'),(36,14,1,'Beylagan','2023-01-05 08:55:02','2023-01-05 08:55:02'),(37,14,2,'Beyləqan','2023-01-05 08:55:02','2023-01-05 08:55:02'),(38,14,3,'Бейлаган','2023-01-05 08:55:02','2023-01-05 08:55:02'),(42,16,1,'Bilasuvar','2023-01-05 09:01:42','2023-01-05 09:01:42'),(43,16,2,'Biləsuvar','2023-01-05 09:01:42','2023-01-05 09:01:42'),(44,16,3,'Билясувар','2023-01-05 09:01:42','2023-01-05 09:01:42'),(45,17,1,'Jabrail','2023-01-05 09:03:15','2023-01-05 09:03:15'),(46,17,2,'Cəbrayıl','2023-01-05 09:03:15','2023-01-05 09:03:15'),(47,17,3,'Джабраил','2023-01-05 09:03:15','2023-01-05 09:03:15'),(48,18,1,'Jalilabad','2023-01-05 09:08:37','2023-01-05 09:08:37'),(49,18,2,'Cəlilabad','2023-01-05 09:08:37','2023-01-05 09:08:37'),(50,18,3,'Джалилабад','2023-01-05 09:08:37','2023-01-05 09:08:37'),(57,21,1,'Khojaly','2023-01-05 09:14:31','2023-01-05 09:14:31'),(58,21,2,'Xocalı','2023-01-05 09:14:31','2023-01-05 09:14:31'),(59,21,3,'Ходжалы','2023-01-05 09:14:31','2023-01-05 09:14:31'),(60,22,1,'Fuzuli','2023-01-05 09:15:21','2023-01-05 09:15:21'),(61,22,2,'Füzuli','2023-01-05 09:15:21','2023-01-05 09:15:21'),(62,22,3,'Физули','2023-01-05 09:15:21','2023-01-05 09:15:21'),(66,24,1,'Ganja','2023-01-05 09:17:28','2023-01-05 09:17:28'),(67,24,2,'Gəncə','2023-01-05 09:17:28','2023-01-05 09:17:28'),(68,24,3,'Гянджа','2023-01-05 09:17:28','2023-01-05 09:17:28'),(69,25,1,'Goranboy','2023-01-05 09:18:26','2023-01-05 09:18:26'),(70,25,2,'Goranboy','2023-01-05 09:18:26','2023-01-05 09:18:26'),(71,25,3,'Геранбой','2023-01-05 09:18:26','2023-01-05 09:18:26'),(75,27,1,'Goygol','2023-01-05 09:22:46','2023-01-05 09:22:46'),(76,27,2,'Göygöl','2023-01-05 09:22:46','2023-01-05 09:22:46'),(77,27,3,'Гёйгёль','2023-01-05 09:22:46','2023-01-05 09:22:46'),(78,28,1,'Goytepe','2023-01-05 09:23:36','2023-01-05 09:23:36'),(79,28,2,'Göytəpə','2023-01-05 09:23:36','2023-01-05 09:23:36'),(80,28,3,'Гойтепе','2023-01-05 09:23:36','2023-01-05 09:23:36'),(81,29,1,'Hajigabul','2023-01-05 09:24:52','2023-01-05 09:24:52'),(82,29,2,'Hacıqabul','2023-01-05 09:24:52','2023-01-05 09:24:52'),(83,29,3,'Гаджигабул','2023-01-05 09:24:52','2023-01-05 09:24:52'),(84,30,1,'Khankendi','2023-01-05 09:26:38','2023-01-05 09:26:38'),(85,30,2,'Xankəndi','2023-01-05 09:26:38','2023-01-05 09:26:38'),(86,30,3,'Ханкенди','2023-01-05 09:26:38','2023-01-05 09:26:38'),(87,31,1,'Khojaly','2023-01-05 09:30:25','2023-01-05 09:30:25'),(88,31,2,'Xocalı','2023-01-05 09:30:25','2023-01-05 09:30:25'),(89,31,3,'Ходжалы','2023-01-05 09:30:25','2023-01-05 09:30:25'),(90,32,1,'Fuzuli','2023-01-05 09:39:32','2023-01-05 09:39:32'),(91,32,2,'Füzuli','2023-01-05 09:39:32','2023-01-05 09:39:32'),(92,32,3,'Физули','2023-01-05 09:39:32','2023-01-05 09:39:32'),(93,33,1,'Gadabay','2023-01-05 09:40:31','2023-01-05 09:40:31'),(94,33,2,'Gədəbəy','2023-01-05 09:40:31','2023-01-05 09:40:31'),(95,33,3,'Кедабек','2023-01-05 09:40:31','2023-01-05 09:40:31'),(96,34,1,'Ganja','2023-01-05 09:42:33','2023-01-05 09:42:33'),(97,34,2,'Gəncə','2023-01-05 09:42:33','2023-01-05 09:42:33'),(98,34,3,'Гянджа','2023-01-05 09:42:33','2023-01-05 09:42:33'),(99,35,1,'Goranboy','2023-01-05 09:43:15','2023-01-05 09:43:15'),(100,35,2,'Goranboy','2023-01-05 09:43:15','2023-01-05 09:43:15'),(101,35,3,'Геранбой','2023-01-05 09:43:15','2023-01-05 09:43:15'),(102,36,1,'Goychay','2023-01-05 09:44:45','2023-01-05 09:44:45'),(103,36,2,'Göyçay','2023-01-05 09:44:45','2023-01-05 09:44:45'),(104,36,3,'Гейчай','2023-01-05 09:44:45','2023-01-05 09:44:45'),(105,37,1,'Horadiz','2023-01-05 09:46:04','2023-01-05 09:46:04'),(106,37,2,'Horadiz','2023-01-05 09:46:04','2023-01-05 09:46:04'),(107,37,3,'Горадиз','2023-01-05 09:46:04','2023-01-05 09:46:04'),(108,38,1,'Khachmaz','2023-01-05 09:46:59','2023-01-05 09:46:59'),(109,38,2,'Xaçmaz','2023-01-05 09:46:59','2023-01-05 09:46:59'),(110,38,3,'Хачмаз','2023-01-05 09:46:59','2023-01-05 09:46:59'),(111,39,1,'Khojavand','2023-01-05 09:47:54','2023-01-05 09:47:54'),(112,39,2,'Xocavənd','2023-01-05 09:47:54','2023-01-05 09:47:54'),(113,39,3,'Ходжавенд','2023-01-05 09:47:54','2023-01-05 09:47:54'),(114,40,1,'Khirdalan','2023-01-05 09:48:32','2023-01-05 09:48:32'),(115,40,2,'Xırdalan','2023-01-05 09:48:32','2023-01-05 09:48:32'),(116,40,3,'Хырдалан','2023-01-05 09:48:32','2023-01-05 09:48:32'),(117,41,1,'Khizi','2023-01-05 09:49:14','2023-01-05 09:49:14'),(118,41,2,'Xızı','2023-01-05 09:49:14','2023-01-05 09:49:14'),(119,41,3,'Хызы','2023-01-05 09:49:14','2023-01-05 09:49:14'),(120,42,1,'Khudat','2023-01-05 09:49:56','2023-01-05 09:49:56'),(121,42,2,'Xudat','2023-01-05 09:49:56','2023-01-05 09:49:56'),(122,42,3,'Худат','2023-01-05 09:49:56','2023-01-05 09:49:56'),(123,43,1,'Imishli','2023-01-05 09:50:47','2023-01-05 09:50:47'),(124,43,2,'İmişli','2023-01-05 09:50:47','2023-01-05 09:50:47'),(125,43,3,'Имишли','2023-01-05 09:50:47','2023-01-05 09:50:47'),(126,44,1,'Ismayilli','2023-01-05 09:52:39','2023-01-05 09:52:39'),(127,44,2,'İsmayıllı','2023-01-05 09:52:39','2023-01-05 09:52:39'),(128,44,3,'Исмаиллы','2023-01-05 09:52:39','2023-01-05 09:52:39'),(129,45,1,'Kalbajar','2023-01-05 09:53:31','2023-01-05 09:53:31'),(130,45,2,'Kəlbəcər','2023-01-05 09:53:31','2023-01-05 09:53:31'),(131,45,3,'Кельбаджар','2023-01-05 09:53:31','2023-01-05 09:53:31'),(132,46,1,'Kurdamir','2023-01-05 09:54:16','2023-01-05 09:54:16'),(133,46,2,'Kürdəmir','2023-01-05 09:54:16','2023-01-05 09:54:16'),(134,46,3,'Кюрдамир','2023-01-05 09:54:16','2023-01-05 09:54:16'),(135,47,1,'Gakh','2023-01-05 09:54:58','2023-01-05 09:54:58'),(136,47,2,'Qax','2023-01-05 09:54:58','2023-01-05 09:54:58'),(137,47,3,'Гах','2023-01-05 09:54:58','2023-01-05 09:54:58'),(138,48,1,'Gazakh','2023-01-05 10:00:02','2023-01-05 10:00:02'),(139,48,2,'Qazax','2023-01-05 10:00:02','2023-01-05 10:00:02'),(140,48,3,'Газах','2023-01-05 10:00:02','2023-01-05 10:00:02'),(141,49,1,'Gabala','2023-01-05 10:01:24','2023-01-05 10:01:24'),(142,49,2,'Qəbələ','2023-01-05 10:01:24','2023-01-05 10:01:24'),(143,49,3,'Габала','2023-01-05 10:01:24','2023-01-05 10:01:24'),(144,50,1,'Gobustan','2023-01-05 10:02:04','2023-01-05 10:02:04'),(145,50,2,'Qobustan','2023-01-05 10:02:04','2023-01-05 10:02:04'),(146,50,3,'Гобустан','2023-01-05 10:02:04','2023-01-05 10:02:04'),(147,51,1,'Guba','2023-01-05 10:02:57','2023-01-05 10:02:57'),(148,51,2,'Quba','2023-01-05 10:02:57','2023-01-05 10:02:57'),(149,51,3,'Губа','2023-01-05 10:02:57','2023-01-05 10:02:57'),(150,52,1,'Gubadli','2023-01-05 10:04:11','2023-01-05 10:04:11'),(151,52,2,'Qubadlı','2023-01-05 10:04:11','2023-01-05 10:04:11'),(152,52,3,'Губадлы','2023-01-05 10:04:12','2023-01-05 10:04:12'),(153,53,1,'Gusar','2023-01-05 10:05:11','2023-01-05 10:05:11'),(154,53,2,'Qusar','2023-01-05 10:05:11','2023-01-05 10:05:11'),(155,53,3,'Гусар','2023-01-05 10:05:11','2023-01-05 10:05:11'),(156,54,1,'Lachin','2023-01-05 10:05:57','2023-01-05 10:05:57'),(157,54,2,'Laçın','2023-01-05 10:05:57','2023-01-05 10:05:57'),(158,54,3,'Лачин','2023-01-05 10:05:57','2023-01-05 10:05:57'),(159,55,1,'Lerik','2023-01-05 10:06:44','2023-01-05 10:06:44'),(160,55,2,'Lerik','2023-01-05 10:06:44','2023-01-05 10:06:44'),(161,55,3,'Лерик','2023-01-05 10:06:44','2023-01-05 10:06:44'),(162,56,1,'Lankaran','2023-01-05 10:07:25','2023-01-05 10:07:25'),(163,56,2,'Lənkəran','2023-01-05 10:07:25','2023-01-05 10:07:25'),(164,56,3,'Ленкорань','2023-01-05 10:07:25','2023-01-05 10:07:25'),(165,57,1,'Masalli','2023-01-05 10:08:21','2023-01-05 10:08:21'),(166,57,2,'Masallı','2023-01-05 10:08:21','2023-01-05 10:08:21'),(167,57,3,'Масаллы','2023-01-05 10:08:21','2023-01-05 10:08:21'),(168,58,1,'Mingachevir','2023-01-05 10:09:37','2023-01-05 10:09:37'),(169,58,2,'Mingəçevir','2023-01-05 10:09:37','2023-01-05 10:09:37'),(170,58,3,'Мингячевир','2023-01-05 10:09:37','2023-01-05 10:09:37'),(171,59,1,'Naftalan','2023-01-05 10:10:31','2023-01-05 10:10:31'),(172,59,2,'Naftalan','2023-01-05 10:10:31','2023-01-05 10:10:31'),(173,59,3,'Нафталан','2023-01-05 10:10:31','2023-01-05 10:10:31'),(174,60,1,'Nakhchivan','2023-01-05 10:11:32','2023-01-05 10:11:32'),(175,60,2,'Naxçıvan','2023-01-05 10:11:32','2023-01-05 10:11:32'),(176,60,3,'Нахчыван','2023-01-05 10:11:32','2023-01-05 10:11:32'),(177,61,1,'Neftchala','2023-01-05 10:12:26','2023-01-05 10:12:26'),(178,61,2,'Neftçala','2023-01-05 10:12:26','2023-01-05 10:12:26'),(179,61,3,'Нефтчала','2023-01-05 10:12:26','2023-01-05 10:12:26'),(180,62,1,'Oguz','2023-01-05 10:13:05','2023-01-05 10:13:05'),(181,62,2,'Oğuz','2023-01-05 10:13:05','2023-01-05 10:13:05'),(182,62,3,'Огуз','2023-01-05 10:13:05','2023-01-05 10:13:05'),(183,63,1,'Ordubad','2023-01-05 10:13:44','2023-01-05 10:13:44'),(184,63,2,'Ordubad','2023-01-05 10:13:44','2023-01-05 10:13:44'),(185,63,3,'Ордубад','2023-01-05 10:13:44','2023-01-05 10:13:44'),(186,64,1,'Saatli','2023-01-05 10:15:32','2023-01-05 10:15:32'),(187,64,2,'Saatlı','2023-01-05 10:15:32','2023-01-05 10:15:32'),(188,64,3,'Саатлы','2023-01-05 10:15:32','2023-01-05 10:15:32'),(189,65,1,'Sabirabad','2023-01-05 10:18:58','2023-01-05 10:18:58'),(190,65,2,'Sabirabad','2023-01-05 10:18:58','2023-01-05 10:18:58'),(191,65,3,'Сабирабад','2023-01-05 10:18:58','2023-01-05 10:18:58'),(192,66,1,'Salyan','2023-01-05 10:19:44','2023-01-05 10:19:44'),(193,66,2,'Salyan','2023-01-05 10:19:44','2023-01-05 10:19:44'),(194,66,3,'Сальян','2023-01-05 10:19:44','2023-01-05 10:19:44'),(195,67,1,'Samukh','2023-01-05 10:20:29','2023-01-05 10:20:29'),(196,67,2,'Samux','2023-01-05 10:20:29','2023-01-05 10:20:29'),(197,67,3,'Самух','2023-01-05 10:20:29','2023-01-05 10:20:29'),(198,68,1,'Siyazan','2023-01-05 10:23:25','2023-01-05 10:23:25'),(199,68,2,'Siyəzən','2023-01-05 10:23:25','2023-01-05 10:23:25'),(200,68,3,'Сиазань','2023-01-05 10:23:25','2023-01-05 10:23:25'),(201,69,1,'Sumgayit','2023-01-05 10:24:41','2023-01-05 10:24:41'),(202,69,2,'Sumqayıt','2023-01-05 10:24:41','2023-01-05 10:24:41'),(203,69,3,'Сумгаит','2023-01-05 10:24:41','2023-01-05 10:24:41'),(204,70,1,'Shabran','2023-01-05 10:25:25','2023-01-05 10:25:25'),(205,70,2,'Şabran','2023-01-05 10:25:25','2023-01-05 10:25:25'),(206,70,3,'Шабран','2023-01-05 10:25:25','2023-01-05 10:25:25'),(207,71,1,'Shahbuz','2023-01-05 10:28:02','2023-01-05 10:28:02'),(208,71,2,'Şahbuz','2023-01-05 10:28:02','2023-01-05 10:28:02'),(209,71,3,'Шахбуз','2023-01-05 10:28:02','2023-01-05 10:28:02'),(210,72,1,'Shamakhi','2023-01-05 10:29:23','2023-01-05 10:29:23'),(211,72,2,'Şamaxı','2023-01-05 10:29:23','2023-01-05 10:29:23'),(212,72,3,'Шамаха','2023-01-05 10:29:23','2023-01-05 10:29:23'),(213,73,1,'Sheki','2023-01-05 10:33:17','2023-01-05 10:33:17'),(214,73,2,'Şəki','2023-01-05 10:33:17','2023-01-05 10:33:17'),(215,73,3,'Шеки','2023-01-05 10:33:17','2023-01-05 10:33:17'),(216,74,1,'Shamkir','2023-01-05 10:34:08','2023-01-05 10:34:08'),(217,74,2,'Şəmkir','2023-01-05 10:34:08','2023-01-05 10:34:08'),(218,74,3,'Шамкир','2023-01-05 10:34:08','2023-01-05 10:34:08'),(219,75,1,'Sharur','2023-01-05 10:34:48','2023-01-05 10:34:48'),(220,75,2,'Şərur','2023-01-05 10:34:48','2023-01-05 10:34:48'),(221,75,3,'Шарур','2023-01-05 10:34:48','2023-01-05 10:34:48'),(222,76,1,'Shirvan','2023-01-05 10:35:32','2023-01-05 10:35:32'),(223,76,2,'Şirvan','2023-01-05 10:35:32','2023-01-05 10:35:32'),(224,76,3,'Ширван','2023-01-05 10:35:32','2023-01-05 10:35:32'),(225,77,1,'Shusha','2023-01-05 10:36:09','2023-01-05 10:36:09'),(226,77,2,'Şuşa','2023-01-05 10:36:09','2023-01-05 10:36:09'),(227,77,3,'Шуша','2023-01-05 10:36:09','2023-01-05 10:36:09'),(228,78,1,'Terter','2023-01-05 10:36:51','2023-01-05 10:36:51'),(229,78,2,'Tərtər','2023-01-05 10:36:51','2023-01-05 10:36:51'),(230,78,3,'Тертер','2023-01-05 10:36:51','2023-01-05 10:36:51'),(231,79,1,'Tovuz','2023-01-05 10:37:33','2023-01-05 10:37:33'),(232,79,2,'Tovuz','2023-01-05 10:37:33','2023-01-05 10:37:33'),(233,79,3,'Товуз','2023-01-05 10:37:33','2023-01-05 10:37:33'),(234,80,1,'Ujar','2023-01-05 11:10:34','2023-01-05 11:10:34'),(235,80,2,'Ucar','2023-01-05 11:10:34','2023-01-05 11:10:34'),(236,80,3,'Уджар','2023-01-05 11:10:34','2023-01-05 11:10:34'),(237,81,1,'Yardimli','2023-01-05 11:12:21','2023-01-05 11:12:21'),(238,81,2,'Yardımlı','2023-01-05 11:12:21','2023-01-05 11:12:21'),(239,81,3,'Ярдымлы','2023-01-05 11:12:21','2023-01-05 11:12:21'),(240,82,1,'Yevlakh','2023-01-05 11:12:56','2023-01-05 11:12:56'),(241,82,2,'Yevlax','2023-01-05 11:12:56','2023-01-05 11:12:56'),(242,82,3,'Евлах','2023-01-05 11:12:56','2023-01-05 11:12:56'),(243,83,1,'Zagatala','2023-01-05 11:13:31','2023-01-05 11:13:31'),(244,83,2,'Zaqatala','2023-01-05 11:13:31','2023-01-05 11:13:31'),(245,83,3,'Загатала','2023-01-05 11:13:31','2023-01-05 11:13:31'),(246,84,1,'Zangilan','2023-01-05 11:14:28','2023-01-05 11:14:28'),(247,84,2,'Zəngilan','2023-01-05 11:14:28','2023-01-05 11:14:28'),(248,84,3,'Зангилан','2023-01-05 11:14:28','2023-01-05 11:14:28'),(249,85,1,'Zardab','2023-01-05 11:15:20','2023-01-05 11:15:20'),(250,85,2,'Zərdab','2023-01-05 11:15:20','2023-01-05 11:15:20'),(251,85,3,'Зардаб','2023-01-05 11:15:20','2023-01-05 11:15:20');
/*!40000 ALTER TABLE `city_langs` ENABLE KEYS */;
UNLOCK TABLES;

--
-- Table structure for table `companies`
--

DROP TABLE IF EXISTS `companies`;
/*!40101 SET @saved_cs_client     = @@character_set_client */;
/*!40101 SET character_set_client = utf8 */;
CREATE TABLE `companies` (
  `id` bigint(20) unsigned NOT NULL AUTO_INCREMENT,
  `CompanyName` varchar(255) COLLATE utf8_general_ci NOT NULL,
  `Rank` varchar(255) COLLATE utf8_general_ci NOT NULL,
  `DateStart` date NOT NULL,
  `DateEnd` date NOT NULL,
  `user_id` bigint(20) unsigned NOT NULL,
  `created_at` timestamp NULL DEFAULT NULL,
  `updated_at` timestamp NULL DEFAULT NULL,
  PRIMARY KEY (`id`),
  KEY `companies_user_id_foreign` (`user_id`)
) ENGINE=InnoDB AUTO_INCREMENT=3 DEFAULT CHARSET=utf8 COLLATE=utf8_general_ci;
/*!40101 SET character_set_client = @saved_cs_client */;

--
-- Dumping data for table `companies`
--

LOCK TABLES `companies` WRITE;
/*!40000 ALTER TABLE `companies` DISABLE KEYS */;
INSERT INTO `companies` VALUES (1,'Flegri Creative Agency','Front-end developer','2022-10-15','2023-01-25',2,'2023-01-25 11:07:44','2023-01-25 11:07:44');
/*!40000 ALTER TABLE `companies` ENABLE KEYS */;
UNLOCK TABLES;

--
-- Table structure for table `company_and_categories`
--

DROP TABLE IF EXISTS `company_and_categories`;
/*!40101 SET @saved_cs_client     = @@character_set_client */;
/*!40101 SET character_set_client = utf8 */;
CREATE TABLE `company_and_categories` (
  `id` bigint(20) unsigned NOT NULL AUTO_INCREMENT,
  `CompanyUser_Id` bigint(20) unsigned NOT NULL,
  `category_id` bigint(20) unsigned NOT NULL,
  `created_at` timestamp NULL DEFAULT NULL,
  `updated_at` timestamp NULL DEFAULT NULL,
  PRIMARY KEY (`id`),
  KEY `company_and_categories_category_id_foreign` (`category_id`),
  KEY `company_and_categories_companyuser_id_foreign` (`CompanyUser_Id`),
  CONSTRAINT `company_and_categories_category_id_foreign` FOREIGN KEY (`category_id`) REFERENCES `categories` (`id`),
  CONSTRAINT `company_and_categories_companyuser_id_foreign` FOREIGN KEY (`CompanyUser_Id`) REFERENCES `company_users` (`id`)
) ENGINE=InnoDB AUTO_INCREMENT=226 DEFAULT CHARSET=utf8 COLLATE=utf8_general_ci;
/*!40101 SET character_set_client = @saved_cs_client */;

--
-- Dumping data for table `company_and_categories`
--

LOCK TABLES `company_and_categories` WRITE;
/*!40000 ALTER TABLE `company_and_categories` DISABLE KEYS */;
INSERT INTO `company_and_categories` VALUES (3,6,6,NULL,NULL),(4,7,14,NULL,NULL),(7,9,6,NULL,NULL),(8,10,8,NULL,NULL),(10,12,14,NULL,NULL),(11,13,17,NULL,NULL),(12,14,14,NULL,NULL),(13,15,5,NULL,NULL),(14,16,6,NULL,NULL),(16,17,13,NULL,NULL),(17,18,14,NULL,NULL),(18,19,8,NULL,NULL),(19,19,17,NULL,NULL),(20,20,17,NULL,NULL),(21,21,13,NULL,NULL),(22,22,8,NULL,NULL),(23,23,14,NULL,NULL),(24,24,17,NULL,NULL),(25,25,8,NULL,NULL),(26,25,13,NULL,NULL),(27,26,13,NULL,NULL),(28,26,17,NULL,NULL),(29,27,4,NULL,NULL),(30,27,5,NULL,NULL),(31,27,7,NULL,NULL),(32,27,8,NULL,NULL),(33,27,13,NULL,NULL),(34,27,17,NULL,NULL),(35,28,17,NULL,NULL),(36,29,14,NULL,NULL),(37,30,11,NULL,NULL),(38,31,13,NULL,NULL),(39,32,13,NULL,NULL),(40,33,17,NULL,NULL),(41,34,13,NULL,NULL),(42,35,8,NULL,NULL),(43,35,13,NULL,NULL),(44,36,17,NULL,NULL),(45,37,8,NULL,NULL),(46,37,13,NULL,NULL),(47,38,8,NULL,NULL),(48,38,13,NULL,NULL),(49,39,17,NULL,NULL),(50,40,7,NULL,NULL),(51,41,15,NULL,NULL),(52,42,8,NULL,NULL),(53,43,8,NULL,NULL),(54,44,14,NULL,NULL),(55,45,8,NULL,NULL),(56,46,8,NULL,NULL),(57,47,17,NULL,NULL),(58,48,8,NULL,NULL),(59,49,8,NULL,NULL),(60,50,4,NULL,NULL),(61,51,14,NULL,NULL),(62,52,17,NULL,NULL),(63,53,8,NULL,NULL),(64,54,7,NULL,NULL),(65,54,8,NULL,NULL),(66,54,17,NULL,NULL),(67,55,17,NULL,NULL),(69,56,5,NULL,NULL),(70,57,16,NULL,NULL),(71,58,13,NULL,NULL),(72,58,16,NULL,NULL),(73,59,7,NULL,NULL),(74,59,8,NULL,NULL),(75,60,4,NULL,NULL),(76,61,14,NULL,NULL),(77,62,5,NULL,NULL),(78,63,17,NULL,NULL),(79,64,8,NULL,NULL),(80,65,16,NULL,NULL),(81,66,17,NULL,NULL),(82,67,8,NULL,NULL),(83,68,8,NULL,NULL),(84,69,17,NULL,NULL),(85,70,14,NULL,NULL),(86,71,16,NULL,NULL),(87,72,16,NULL,NULL),(88,73,14,NULL,NULL),(89,74,8,NULL,NULL),(90,75,8,NULL,NULL),(91,76,8,NULL,NULL),(92,77,13,NULL,NULL),(93,77,17,NULL,NULL),(94,78,17,NULL,NULL),(95,79,8,NULL,NULL),(96,80,17,NULL,NULL),(99,81,8,NULL,NULL),(100,81,13,NULL,NULL),(101,82,17,NULL,NULL),(102,83,17,NULL,NULL),(103,84,13,NULL,NULL),(104,85,5,NULL,NULL),(105,86,13,NULL,NULL),(106,87,15,NULL,NULL),(107,88,13,NULL,NULL),(108,89,13,NULL,NULL),(109,90,13,NULL,NULL),(110,91,13,NULL,NULL),(111,92,16,NULL,NULL),(112,93,13,NULL,NULL),(113,93,16,NULL,NULL),(114,94,13,NULL,NULL),(115,95,13,NULL,NULL),(116,96,13,NULL,NULL),(117,97,8,NULL,NULL),(118,97,13,NULL,NULL),(119,98,17,NULL,NULL),(120,99,13,NULL,NULL),(121,100,14,NULL,NULL),(122,101,14,NULL,NULL),(123,102,13,NULL,NULL),(124,103,15,NULL,NULL),(125,104,17,NULL,NULL),(126,105,13,NULL,NULL),(127,106,9,NULL,NULL),(128,107,13,NULL,NULL),(129,108,8,NULL,NULL),(130,108,13,NULL,NULL),(131,109,13,NULL,NULL),(132,110,11,NULL,NULL),(133,111,12,NULL,NULL),(134,112,8,NULL,NULL),(135,113,16,NULL,NULL),(136,114,8,NULL,NULL),(137,115,13,NULL,NULL),(138,116,17,NULL,NULL),(139,117,17,NULL,NULL),(140,118,17,NULL,NULL),(141,119,14,NULL,NULL),(142,120,11,NULL,NULL),(143,121,13,NULL,NULL),(144,122,13,NULL,NULL),(145,123,13,NULL,NULL),(146,124,17,NULL,NULL),(147,125,17,NULL,NULL),(148,126,11,NULL,NULL),(149,127,11,NULL,NULL),(150,128,4,NULL,NULL),(151,129,17,NULL,NULL),(152,130,17,NULL,NULL),(153,131,15,NULL,NULL),(154,132,17,NULL,NULL),(155,133,14,NULL,NULL),(156,134,17,NULL,NULL),(157,135,17,NULL,NULL),(158,136,17,NULL,NULL),(159,137,17,NULL,NULL),(160,138,17,NULL,NULL),(161,139,5,NULL,NULL),(162,140,17,NULL,NULL),(163,141,6,NULL,NULL),(164,142,14,NULL,NULL),(165,143,17,NULL,NULL),(166,144,17,NULL,NULL),(167,145,8,NULL,NULL),(168,146,15,NULL,NULL),(169,147,14,NULL,NULL),(170,148,17,NULL,NULL),(171,149,8,NULL,NULL),(172,150,6,NULL,NULL),(173,151,17,NULL,NULL),(174,152,9,NULL,NULL),(175,153,17,NULL,NULL),(176,154,8,NULL,NULL),(177,155,13,NULL,NULL),(178,156,9,NULL,NULL),(179,157,5,NULL,NULL),(180,158,12,NULL,NULL),(181,159,8,NULL,NULL),(182,159,13,NULL,NULL),(183,160,15,NULL,NULL),(184,161,6,NULL,NULL),(185,162,11,NULL,NULL),(186,163,15,NULL,NULL),(187,164,17,NULL,NULL),(188,165,7,NULL,NULL),(189,165,13,NULL,NULL),(190,166,8,NULL,NULL),(191,167,14,NULL,NULL),(192,168,11,NULL,NULL),(193,169,17,NULL,NULL),(194,170,5,NULL,NULL),(195,171,6,NULL,NULL),(196,172,11,NULL,NULL),(197,173,17,NULL,NULL),(198,174,17,NULL,NULL),(199,175,14,NULL,NULL),(200,176,14,NULL,NULL),(201,177,6,NULL,NULL),(202,178,17,NULL,NULL),(203,179,14,NULL,NULL),(204,180,17,NULL,NULL),(205,181,5,NULL,NULL),(206,182,17,NULL,NULL),(207,183,14,NULL,NULL),(208,184,17,NULL,NULL),(209,185,13,NULL,NULL),(210,186,8,NULL,NULL),(211,187,17,NULL,NULL),(212,188,14,NULL,NULL),(213,189,8,NULL,NULL),(214,190,17,NULL,NULL),(215,191,15,NULL,NULL),(216,192,17,NULL,NULL),(217,193,7,NULL,NULL),(218,194,15,NULL,NULL),(219,195,17,NULL,NULL),(220,196,13,NULL,NULL),(221,197,16,NULL,NULL),(222,198,6,NULL,NULL),(223,199,15,NULL,NULL),(224,200,8,NULL,NULL),(225,201,13,NULL,NULL);
/*!40000 ALTER TABLE `company_and_categories` ENABLE KEYS */;
UNLOCK TABLES;

--
-- Table structure for table `company_phones`
--

DROP TABLE IF EXISTS `company_phones`;
/*!40101 SET @saved_cs_client     = @@character_set_client */;
/*!40101 SET character_set_client = utf8 */;
CREATE TABLE `company_phones` (
  `id` bigint(20) unsigned NOT NULL AUTO_INCREMENT,
  `CompanyUser_Id` bigint(20) unsigned NOT NULL,
  `CompanyPhone` varchar(255) COLLATE utf8_general_ci NOT NULL,
  `created_at` timestamp NULL DEFAULT NULL,
  `updated_at` timestamp NULL DEFAULT NULL,
  PRIMARY KEY (`id`),
  KEY `company_phones_companyuser_id_foreign` (`CompanyUser_Id`),
  CONSTRAINT `company_phones_companyuser_id_foreign` FOREIGN KEY (`CompanyUser_Id`) REFERENCES `company_users` (`id`)
) ENGINE=InnoDB AUTO_INCREMENT=284 DEFAULT CHARSET=utf8 COLLATE=utf8_general_ci;
/*!40101 SET character_set_client = @saved_cs_client */;

--
-- Dumping data for table `company_phones`
--

LOCK TABLES `company_phones` WRITE;
/*!40000 ALTER TABLE `company_phones` DISABLE KEYS */;
INSERT INTO `company_phones` VALUES (2,6,'+994508330122','2023-01-13 10:56:23','2023-01-13 10:56:23'),(3,6,'+994702681292','2023-01-13 10:56:23','2023-01-13 10:56:23'),(4,7,'+994502774069','2023-01-13 11:42:43','2023-01-13 11:42:43'),(6,9,'+994012510884','2023-01-16 10:33:27','2023-01-16 10:33:27'),(7,9,'+994125108848','2023-01-16 10:33:27','2023-01-16 10:33:27'),(8,10,'+994557588080','2023-01-16 11:18:02','2023-01-16 11:18:02'),(10,12,'+994502354333','2023-01-17 05:00:55','2023-01-17 05:00:55'),(11,12,'+994502538385','2023-01-17 05:00:55','2023-01-17 05:00:55'),(12,13,'+994552662816','2023-01-17 07:55:30','2023-01-17 07:55:30'),(13,14,'+994555129090','2023-01-17 08:28:45','2023-01-17 08:28:45'),(14,15,'+994124897853','2023-01-17 08:54:12','2023-01-17 08:54:12'),(15,16,'+994502727259','2023-01-17 09:07:35','2023-01-17 09:07:35'),(16,16,'+994124975757','2023-01-17 09:07:35','2023-01-17 09:07:35'),(17,17,'+994506385040','2023-01-17 11:00:59','2023-01-17 11:00:59'),(18,18,'+994702057007','2023-01-17 11:13:35','2023-01-17 11:13:35'),(19,19,'+994502520216','2023-01-17 11:27:49','2023-01-17 11:27:49'),(20,20,'+994125995636','2023-01-17 11:54:00','2023-01-17 11:54:00'),(21,20,'+994772778883','2023-01-17 11:54:00','2023-01-17 11:54:00'),(22,21,'+994124934708','2023-01-18 03:43:17','2023-01-18 03:43:17'),(23,22,'+994552124612','2023-01-18 03:52:23','2023-01-18 03:52:23'),(24,23,'+994517318555','2023-01-18 04:02:32','2023-01-18 04:02:32'),(25,24,'+994124095011','2023-01-18 04:18:57','2023-01-18 04:18:57'),(26,24,'+994502906886','2023-01-18 04:18:57','2023-01-18 04:18:57'),(27,25,'+994554359555','2023-01-18 04:26:35','2023-01-18 04:26:35'),(28,25,'+994124952856','2023-01-18 04:26:35','2023-01-18 04:26:35'),(29,26,'+994555156664','2023-01-18 04:52:13','2023-01-18 04:52:13'),(30,26,'+994123101515','2023-01-18 04:52:13','2023-01-18 04:52:13'),(31,27,'+994707030439','2023-01-18 05:03:49','2023-01-18 05:03:49'),(32,28,'+994702860404','2023-01-18 05:29:13','2023-01-18 05:29:13'),(33,29,'+994702204393','2023-01-18 06:50:58','2023-01-18 06:50:58'),(34,30,'+994555871383','2023-01-18 06:57:32','2023-01-18 06:57:32'),(35,31,'+994124483144','2023-01-18 07:19:00','2023-01-18 07:19:00'),(36,32,'+994124803517','2023-01-18 07:34:43','2023-01-18 07:34:43'),(37,32,'+994512818636','2023-01-18 07:34:43','2023-01-18 07:34:43'),(38,33,'+994125981991','2023-01-18 07:43:34','2023-01-18 07:43:34'),(39,34,'+994508888906','2023-01-18 07:50:53','2023-01-18 07:50:53'),(40,35,'+994125252233','2023-01-18 08:08:42','2023-01-18 08:08:42'),(41,35,'+994552022124','2023-01-18 08:08:42','2023-01-18 08:08:42'),(42,36,'+994503308050','2023-01-18 08:16:04','2023-01-18 08:16:04'),(43,36,'+994124088050','2023-01-18 08:16:04','2023-01-18 08:16:04'),(44,37,'+994502917735','2023-01-18 08:23:54','2023-01-18 08:23:54'),(45,38,'+994123106296','2023-01-18 08:38:58','2023-01-18 08:38:58'),(46,39,'+994124049998','2023-01-18 09:05:42','2023-01-18 09:05:42'),(47,40,'+994125980088','2023-01-18 09:17:40','2023-01-18 09:17:40'),(48,41,'+994124976303','2023-01-18 09:31:56','2023-01-18 09:31:56'),(49,42,'+994125700008','2023-01-18 09:44:53','2023-01-18 09:44:53'),(50,43,'+994123101276','2023-01-18 09:57:16','2023-01-18 09:57:16'),(51,44,'+994125025015','2023-01-18 10:13:42','2023-01-18 10:13:42'),(52,44,'+994125025016','2023-01-18 10:13:42','2023-01-18 10:13:42'),(53,44,'+994125025018','2023-01-18 10:13:42','2023-01-18 10:13:42'),(54,45,'+994558015511','2023-01-18 10:25:41','2023-01-18 10:25:41'),(55,46,'+994124042525','2023-01-18 10:33:37','2023-01-18 10:33:37'),(56,47,'+994504449906','2023-01-18 10:49:35','2023-01-18 10:49:35'),(57,48,'+994558991169','2023-01-18 11:06:17','2023-01-18 11:06:17'),(58,49,'+994124048060','2023-01-18 11:14:06','2023-01-18 11:14:06'),(59,50,'+994124471000','2023-01-19 02:18:57','2023-01-19 02:18:57'),(60,51,'+994503596515','2023-01-19 03:46:42','2023-01-19 03:46:42'),(61,52,'+994774442121','2023-01-19 04:00:22','2023-01-19 04:00:22'),(62,53,'+994125647304','2023-01-19 04:10:35','2023-01-19 04:10:35'),(63,54,'+994702243505','2023-01-19 04:23:06','2023-01-19 04:23:06'),(64,55,'+994506855576','2023-01-19 04:34:01','2023-01-19 04:34:01'),(65,55,'+994125025844','2023-01-19 04:34:01','2023-01-19 04:34:01'),(66,56,'+994552057093','2023-01-19 04:41:10','2023-01-19 04:41:10'),(67,57,'+994125254477','2023-01-19 04:51:11','2023-01-19 04:51:11'),(68,58,'+994553332599','2023-01-19 05:11:51','2023-01-19 05:11:51'),(69,58,'+994125648976','2023-01-19 05:11:51','2023-01-19 05:11:51'),(70,59,'+994503737373','2023-01-19 05:21:50','2023-01-19 05:21:50'),(71,59,'+994123737377','2023-01-19 05:21:50','2023-01-19 05:21:50'),(72,60,'+994125970104','2023-01-19 05:29:44','2023-01-19 05:29:44'),(73,60,'+994704970140','2023-01-19 05:29:44','2023-01-19 05:29:44'),(74,61,'+994125333355','2023-01-19 07:21:25','2023-01-19 07:21:25'),(75,62,'+994125980218','2023-01-19 07:35:07','2023-01-19 07:35:07'),(76,62,'+994518550000','2023-01-19 07:35:07','2023-01-19 07:35:07'),(77,63,'+994555157515','2023-01-19 07:57:02','2023-01-19 07:57:02'),(78,63,'+994125655960','2023-01-19 07:57:02','2023-01-19 07:57:02'),(79,64,'+994125617876','2023-01-19 08:06:45','2023-01-19 08:06:45'),(80,64,'+994708587876','2023-01-19 08:06:45','2023-01-19 08:06:45'),(81,65,'+994502473258','2023-01-19 08:15:56','2023-01-19 08:15:56'),(82,65,'+994124880522','2023-01-19 08:15:56','2023-01-19 08:15:56'),(83,66,'+994124413638','2023-01-19 08:35:21','2023-01-19 08:35:21'),(84,67,'+994124402565','2023-01-19 08:52:53','2023-01-19 08:52:53'),(85,67,'+994512773701','2023-01-19 08:52:53','2023-01-19 08:52:53'),(86,68,'+994508052535','2023-01-19 09:03:42','2023-01-19 09:03:42'),(87,68,'+994123684547','2023-01-19 09:03:42','2023-01-19 09:03:42'),(88,69,'+994776434117','2023-01-19 09:12:20','2023-01-19 09:12:20'),(89,70,'+994502529925','2023-01-19 09:18:56','2023-01-19 09:18:56'),(90,70,'+994556991177','2023-01-19 09:18:56','2023-01-19 09:18:56'),(91,71,'+994124373796','2023-01-19 09:25:33','2023-01-19 09:25:33'),(92,71,'+994503859686','2023-01-19 09:25:33','2023-01-19 09:25:33'),(93,72,'+994125612073','2023-01-19 09:32:10','2023-01-19 09:32:10'),(94,72,'+994558716471','2023-01-19 09:32:10','2023-01-19 09:32:10'),(95,73,'+994552181208','2023-01-19 09:38:52','2023-01-19 09:38:52'),(96,74,'+994124506341','2023-01-19 10:04:20','2023-01-19 10:04:20'),(97,74,'+994772335303','2023-01-19 10:04:20','2023-01-19 10:04:20'),(98,75,'+994125056696','2023-01-19 10:09:04','2023-01-19 10:09:04'),(99,76,'+994508896111','2023-01-19 10:15:44','2023-01-19 10:15:44'),(100,76,'+994702161692','2023-01-19 10:15:44','2023-01-19 10:15:44'),(101,77,'+994124379393','2023-01-19 10:22:36','2023-01-19 10:22:36'),(102,78,'+994123100004','2023-01-19 10:46:10','2023-01-19 10:46:10'),(103,79,'+994124403766','2023-01-19 11:05:12','2023-01-19 11:05:12'),(104,79,'+994559737614','2023-01-19 11:05:12','2023-01-19 11:05:12'),(105,80,'+994503150415','2023-01-23 03:39:18','2023-01-23 03:39:18'),(106,80,'+994125108002','2023-01-23 03:39:18','2023-01-23 03:39:18'),(107,81,'+994124641642','2023-01-23 03:49:29','2023-01-23 03:49:29'),(108,81,'+994505458842','2023-01-23 03:49:29','2023-01-23 03:49:29'),(109,82,'+994558123941','2023-01-23 04:03:59','2023-01-23 04:03:59'),(110,83,'+994124404076','2023-01-23 04:12:38','2023-01-23 04:12:38'),(111,83,'+994507524815','2023-01-23 04:12:38','2023-01-23 04:12:38'),(112,83,'+994704391777','2023-01-23 04:12:38','2023-01-23 04:12:38'),(113,84,'+994125674533','2023-01-23 04:33:02','2023-01-23 04:33:02'),(114,85,'+994186540905','2023-01-23 04:44:58','2023-01-23 04:44:58'),(115,86,'+994552552429','2023-01-23 04:53:52','2023-01-23 04:53:52'),(116,86,'+994124994476','2023-01-23 04:53:52','2023-01-23 04:53:52'),(117,87,'+994552965439','2023-01-23 05:03:24','2023-01-23 05:03:24'),(118,87,'+994125688582','2023-01-23 05:03:24','2023-01-23 05:03:24'),(119,88,'+994124095103','2023-01-23 05:10:19','2023-01-23 05:10:19'),(120,89,'+994702220201','2023-01-23 05:17:59','2023-01-23 05:17:59'),(121,90,'+994124365652','2023-01-23 05:34:18','2023-01-23 05:34:18'),(122,91,'+994774080800','2023-01-23 05:52:15','2023-01-23 05:52:15'),(123,91,'+994125612775','2023-01-23 05:52:15','2023-01-23 05:52:15'),(124,92,'+994124648418','2023-01-23 05:59:48','2023-01-23 05:59:48'),(125,92,'+994554282718','2023-01-23 05:59:48','2023-01-23 05:59:48'),(126,93,'+994504100100','2023-01-23 07:05:30','2023-01-23 07:05:30'),(127,94,'+994502926660','2023-01-23 07:12:23','2023-01-23 07:12:23'),(128,95,'+994124083696','2023-01-23 07:28:01','2023-01-23 07:28:01'),(129,95,'+994123429935','2023-01-23 07:28:01','2023-01-23 07:28:01'),(130,95,'+994123429936','2023-01-23 07:28:01','2023-01-23 07:28:01'),(131,95,'+994502423222','2023-01-23 07:28:01','2023-01-23 07:28:01'),(132,96,'+994558800013','2023-01-23 07:49:31','2023-01-23 07:49:31'),(133,96,'+994125101254','2023-01-23 07:49:31','2023-01-23 07:49:31'),(134,97,'+994123103978','2023-01-23 08:06:37','2023-01-23 08:06:37'),(135,97,'+994772770072','2023-01-23 08:06:37','2023-01-23 08:06:37'),(136,97,'+994123103978','2023-01-23 08:06:37','2023-01-23 08:06:37'),(137,98,'+994509950550','2023-01-23 08:16:59','2023-01-23 08:16:59'),(138,98,'+994125556511','2023-01-23 08:16:59','2023-01-23 08:16:59'),(139,99,'+994505162666','2023-01-23 08:24:37','2023-01-23 08:24:37'),(140,99,'+994124938063','2023-01-23 08:24:37','2023-01-23 08:24:37'),(141,100,'+994512018819','2023-01-23 08:34:45','2023-01-23 08:34:45'),(142,101,'+994123101282','2023-01-23 08:43:14','2023-01-23 08:43:14'),(143,101,'+994552258334','2023-01-23 08:43:14','2023-01-23 08:43:14'),(144,102,'+994123103939','2023-01-23 08:49:50','2023-01-23 08:49:50'),(145,103,'+994703440744','2023-01-23 09:07:40','2023-01-23 09:07:40'),(146,104,'+994125054838','2023-01-23 09:15:52','2023-01-23 09:15:52'),(147,105,'+994702551538','2023-01-23 09:26:42','2023-01-23 09:26:42'),(148,106,'+994125613304','2023-01-23 09:32:51','2023-01-23 09:32:51'),(149,107,'+994502294277','2023-01-23 09:46:15','2023-01-23 09:46:15'),(150,108,'+994704401343','2023-01-23 10:01:18','2023-01-23 10:01:18'),(151,109,'+994103160001','2023-01-23 10:10:10','2023-01-23 10:10:10'),(152,110,'+994552384002','2023-01-23 10:22:39','2023-01-23 10:22:39'),(153,111,'+994124041414','2023-01-23 10:34:14','2023-01-23 10:34:14'),(154,111,'+994502355779','2023-01-23 10:34:14','2023-01-23 10:34:14'),(155,112,'+994124041434','2023-01-23 10:46:33','2023-01-23 10:46:33'),(156,113,'+994508881888','2023-01-24 03:53:42','2023-01-24 03:53:42'),(157,113,'+994125115157','2023-01-24 03:53:42','2023-01-24 03:53:42'),(158,113,'+994508881888','2023-01-24 03:53:42','2023-01-24 03:53:42'),(159,114,'+994502578039','2023-01-24 04:14:26','2023-01-24 04:14:26'),(160,115,'+994559705719','2023-01-24 04:25:10','2023-01-24 04:25:10'),(161,116,'+994125050167','2023-01-24 04:59:19','2023-01-24 04:59:19'),(162,117,'+994512412345','2023-01-24 05:13:32','2023-01-24 05:13:32'),(163,118,'+994517775156','2023-01-24 07:04:05','2023-01-24 07:04:05'),(164,119,'+994774210990','2023-01-24 07:15:06','2023-01-24 07:15:06'),(165,119,'+994124800945','2023-01-24 07:15:06','2023-01-24 07:15:06'),(166,120,'+994124655770','2023-01-24 07:36:47','2023-01-24 07:36:47'),(167,120,'+994516335161','2023-01-24 07:36:47','2023-01-24 07:36:47'),(168,121,'+994124973735','2023-01-24 07:46:51','2023-01-24 07:46:51'),(169,122,'+994124648486','2023-01-24 07:54:36','2023-01-24 07:54:36'),(170,122,'+994508286000','2023-01-24 07:54:36','2023-01-24 07:54:36'),(171,123,'+994124989830','2023-01-24 08:11:07','2023-01-24 08:11:07'),(172,123,'+994552138348','2023-01-24 08:11:07','2023-01-24 08:11:07'),(173,124,'+994125674513','2023-01-24 08:32:55','2023-01-24 08:32:55'),(174,124,'+994555158282','2023-01-24 08:32:55','2023-01-24 08:32:55'),(175,125,'+994702002918','2023-01-24 08:44:30','2023-01-24 08:44:30'),(176,126,'+994555384496','2023-01-24 08:57:09','2023-01-24 08:57:09'),(177,126,'+994124894496','2023-01-24 08:57:09','2023-01-24 08:57:09'),(178,127,'+994552409791','2023-01-24 09:05:33','2023-01-24 09:05:33'),(179,128,'+994124413960','2023-01-24 09:31:44','2023-01-24 09:31:44'),(180,129,'+994773034024','2023-01-24 09:43:40','2023-01-24 09:43:40'),(181,129,'+994772201677','2023-01-24 09:43:40','2023-01-24 09:43:40'),(182,130,'+994125330882','2023-01-24 09:54:38','2023-01-24 09:54:38'),(183,130,'+994502839898','2023-01-24 09:54:38','2023-01-24 09:54:38'),(184,131,'+994124498028','2023-01-24 10:09:03','2023-01-24 10:09:03'),(185,132,'+994123102400','2023-01-24 10:24:01','2023-01-24 10:24:01'),(186,133,'+994774899904','2023-01-24 10:43:25','2023-01-24 10:43:25'),(187,134,'+994124975909','2023-01-25 03:41:31','2023-01-25 03:41:31'),(188,135,'+994124974105','2023-01-25 04:04:28','2023-01-25 04:04:28'),(189,136,'+994124803176','2023-01-25 04:17:00','2023-01-25 04:17:00'),(190,137,'+994125253333','2023-01-25 04:22:13','2023-01-25 04:22:13'),(191,137,'+994705253333','2023-01-25 04:22:13','2023-01-25 04:22:13'),(192,138,'+994554446414','2023-01-25 04:40:44','2023-01-25 04:40:44'),(193,139,'+994123101599','2023-01-25 05:23:03','2023-01-25 05:23:03'),(194,140,'+994559161515','2023-01-25 05:27:50','2023-01-25 05:27:50'),(195,141,'+994123105714','2023-01-25 05:33:32','2023-01-25 05:33:32'),(196,142,'+994557643337','2023-01-25 07:09:34','2023-01-25 07:09:34'),(197,143,'+994702142019','2023-01-25 07:14:03','2023-01-25 07:14:03'),(198,144,'+994507715522','2023-01-25 07:20:42','2023-01-25 07:20:42'),(199,145,'+994512913131','2023-01-25 07:28:17','2023-01-25 07:28:17'),(200,146,'+994502951157','2023-01-25 07:54:23','2023-01-25 07:54:23'),(201,146,'+994124379090','2023-01-25 07:54:23','2023-01-25 07:54:23'),(202,147,'+994552158320','2023-01-26 02:50:39','2023-01-26 02:50:39'),(203,148,'+994123100949','2023-01-31 04:00:44','2023-01-31 04:00:44'),(204,148,'+994554555010','2023-01-31 04:00:44','2023-01-31 04:00:44'),(205,149,'+994554440016','2023-01-31 04:11:14','2023-01-31 04:11:14'),(206,149,'+994504440016','2023-01-31 04:11:14','2023-01-31 04:11:14'),(207,149,'+994709290016','2023-01-31 04:11:14','2023-01-31 04:11:14'),(208,149,'+994508280016','2023-01-31 04:11:14','2023-01-31 04:11:14'),(209,150,'+994125941232','2023-01-31 04:23:34','2023-01-31 04:23:34'),(210,151,'+994555834006','2023-01-31 06:08:47','2023-01-31 06:08:47'),(211,152,'+994125985457','2023-01-31 06:20:27','2023-01-31 06:20:27'),(212,152,'+994554515118','2023-01-31 06:20:27','2023-01-31 06:20:27'),(213,153,'+994124041202','2023-01-31 06:36:35','2023-01-31 06:36:35'),(214,153,'+994502500424','2023-01-31 06:36:35','2023-01-31 06:36:35'),(215,154,'+994123101040','2023-01-31 06:55:36','2023-01-31 06:55:36'),(216,155,'+994125041111','2023-01-31 07:11:22','2023-01-31 07:11:22'),(217,155,'+994125051531','2023-01-31 07:11:22','2023-01-31 07:11:22'),(218,156,'+994125643712','2023-01-31 07:21:19','2023-01-31 07:21:19'),(219,156,'+994512950690','2023-01-31 07:21:19','2023-01-31 07:21:19'),(220,157,'+994554484344','2023-01-31 07:33:57','2023-01-31 07:33:57'),(221,158,'+994123100251','2023-01-31 07:43:04','2023-01-31 07:43:04'),(222,158,'+994123100351','2023-01-31 07:43:04','2023-01-31 07:43:04'),(223,159,'+994504087787','2023-01-31 08:52:19','2023-01-31 08:52:19'),(224,159,'+994124087787','2023-01-31 08:52:19','2023-01-31 08:52:19'),(225,160,'+994702552553','2023-01-31 09:05:55','2023-01-31 09:05:55'),(226,161,'+994502949333','2023-01-31 09:12:57','2023-01-31 09:12:57'),(227,161,'+994125974872','2023-01-31 09:12:57','2023-01-31 09:12:57'),(228,162,'+994123100894','2023-01-31 09:21:14','2023-01-31 09:21:14'),(229,162,'+994702004991','2023-01-31 09:21:14','2023-01-31 09:21:14'),(230,162,'+994702007194','2023-01-31 09:21:14','2023-01-31 09:21:14'),(231,163,'+994555730474','2023-01-31 09:35:41','2023-01-31 09:35:41'),(232,164,'+994055515150','2023-01-31 09:41:10','2023-01-31 09:41:10'),(233,165,'+994552134939','2023-01-31 09:47:06','2023-01-31 09:47:06'),(234,165,'+994123108659','2023-01-31 09:47:06','2023-01-31 09:47:06'),(235,165,'+994125656059','2023-01-31 09:47:06','2023-01-31 09:47:06'),(236,166,'+994123102550','2023-01-31 10:02:18','2023-01-31 10:02:18'),(237,167,'+994125651080','2023-01-31 10:08:48','2023-01-31 10:08:48'),(238,168,'+994125991200','2023-01-31 10:45:19','2023-01-31 10:45:19'),(239,169,'+994125559999','2023-01-31 10:51:41','2023-01-31 10:51:41'),(240,170,'+994518959493','2023-02-01 02:12:13','2023-02-01 02:12:13'),(241,171,'+994502285851','2023-02-01 02:24:21','2023-02-01 02:24:21'),(242,172,'+994702551920','2023-02-01 02:36:20','2023-02-01 02:36:20'),(243,172,'+994125551920','2023-02-01 02:36:20','2023-02-01 02:36:20'),(244,173,'+994125059510','2023-02-01 02:43:16','2023-02-01 02:43:16'),(245,174,'+994124659014','2023-02-01 02:55:58','2023-02-01 02:55:58'),(246,175,'+994124047885','2023-02-01 03:05:25','2023-02-01 03:05:25'),(247,176,'+994512018870','2023-02-01 03:18:04','2023-02-01 03:18:04'),(248,177,'+994554920920','2023-02-01 03:31:30','2023-02-01 03:31:30'),(249,177,'+994554474409','2023-02-01 03:31:30','2023-02-01 03:31:30'),(250,177,'+994124041099','2023-02-01 03:31:30','2023-02-01 03:31:30'),(251,178,'+994774900853','2023-02-01 03:42:36','2023-02-01 03:42:36'),(252,179,'+994125667070','2023-02-01 03:55:57','2023-02-01 03:55:57'),(253,180,'+994553334863','2023-02-01 04:19:33','2023-02-01 04:19:33'),(254,180,'+994124287285','2023-02-01 04:19:33','2023-02-01 04:19:33'),(255,181,'+994124374818','2023-02-01 04:30:50','2023-02-01 04:30:50'),(256,182,'+994775571657','2023-02-01 04:44:54','2023-02-01 04:44:54'),(257,183,'+994512295894','2023-02-01 07:26:48','2023-02-01 07:26:48'),(258,183,'+994125655732','2023-02-01 07:26:48','2023-02-01 07:26:48'),(259,184,'+994502311730','2023-02-01 07:34:09','2023-02-01 07:34:09'),(260,185,'+994502311718','2023-02-01 07:40:52','2023-02-01 07:40:52'),(261,186,'+994557591030','2023-02-01 07:58:41','2023-02-01 07:58:41'),(262,186,'+994552775577','2023-02-01 07:58:41','2023-02-01 07:58:41'),(263,186,'+994702660288','2023-02-01 07:58:41','2023-02-01 07:58:41'),(264,187,'+994556054158','2023-02-01 08:24:42','2023-02-01 08:24:42'),(265,188,'+994519991144','2023-02-01 08:45:03','2023-02-01 08:45:03'),(266,189,'+994125113041','2023-02-01 08:57:00','2023-02-01 08:57:00'),(267,190,'+994505551543','2023-02-01 09:20:45','2023-02-01 09:20:45'),(268,191,'+994365457755','2023-02-01 09:30:10','2023-02-01 09:30:10'),(269,192,'+994124973705','2023-02-01 09:47:18','2023-02-01 09:47:18'),(270,193,'+994124893033','2023-02-01 09:59:57','2023-02-01 09:59:57'),(271,193,'+994502138180','2023-02-01 09:59:57','2023-02-01 09:59:57'),(272,194,'+994508600828','2023-02-01 10:15:31','2023-02-01 10:15:31'),(273,195,'+994703327707','2023-02-01 10:21:48','2023-02-01 10:21:48'),(274,196,'+994707515180','2023-02-01 10:39:21','2023-02-01 10:39:21'),(275,197,'+994124886802','2023-02-01 10:52:18','2023-02-01 10:52:18'),(276,197,'+994124886816','2023-02-01 10:52:18','2023-02-01 10:52:18'),(277,198,'+994512291245','2023-02-02 02:12:58','2023-02-02 02:12:58'),(278,198,'+994125146797','2023-02-02 02:12:58','2023-02-02 02:12:58'),(279,199,'+994503749711','2023-02-02 03:00:55','2023-02-02 03:00:55'),(280,199,'+994124095721','2023-02-02 03:00:55','2023-02-02 03:00:55'),(281,200,'+994555547617','2023-02-02 03:12:34','2023-02-02 03:12:34'),(282,201,'+994552091567','2023-02-02 03:38:11','2023-02-02 03:38:11'),(283,201,'+994124405001','2023-02-02 03:38:11','2023-02-02 03:38:11');
/*!40000 ALTER TABLE `company_phones` ENABLE KEYS */;
UNLOCK TABLES;

--
-- Table structure for table `company_users`
--

DROP TABLE IF EXISTS `company_users`;
/*!40101 SET @saved_cs_client     = @@character_set_client */;
/*!40101 SET character_set_client = utf8 */;
CREATE TABLE `company_users` (
  `id` bigint(20) unsigned NOT NULL AUTO_INCREMENT,
  `CompanyName` varchar(255) COLLATE utf8_general_ci NOT NULL,
  `CompanyUsername` varchar(255) COLLATE utf8_general_ci NOT NULL,
  `CompanyEmail` varchar(255) COLLATE utf8_general_ci NOT NULL,
  `CompanyPassword` varchar(255) COLLATE utf8_general_ci NOT NULL,
  `CompanyWebSiteLink` varchar(255) COLLATE utf8_general_ci NOT NULL,
  `CompanyDescription` text COLLATE utf8_general_ci NOT NULL,
  `CompanyLogo` varchar(255) COLLATE utf8_general_ci NOT NULL,
  `CompanyAddress` varchar(255) COLLATE utf8_general_ci NOT NULL,
  `FreeVacancy` int(11) NOT NULL DEFAULT '1',
  `Paying` int(11) NOT NULL DEFAULT '0',
  `Status` int(11) NOT NULL DEFAULT '1',
  `created_at` timestamp NULL DEFAULT NULL,
  `updated_at` timestamp NULL DEFAULT NULL,
  `PremiumEndDate` datetime DEFAULT NULL,
  PRIMARY KEY (`id`)
) ENGINE=InnoDB AUTO_INCREMENT=202 DEFAULT CHARSET=utf8 COLLATE=utf8_general_ci;
/*!40101 SET character_set_client = @saved_cs_client */;

--
-- Dumping data for table `company_users`
--

LOCK TABLES `company_users` WRITE;
/*!40000 ALTER TABLE `company_users` DISABLE KEYS */;
INSERT INTO `company_users` VALUES (6,'Flegri','Flegri','info@flegri.com','2682ef030166d9f32496fc430d6d7b25','flegri.com','Saytların hazırlanması, mobil proqramların hazırlanması , SMM xidmətləri','1673618183.jpg','İzzət  Həmidov 18',1,1,1,'2023-01-13 10:56:23','2023-01-27 09:51:19',NULL),(7,'Ayru Estetik Mərkəzi','Ayru Estetik','ayru.estetik@mail.ru','1893cb4974e5260c75eac9c1ef365beb','ayru.estetik@mail.ru','Kosmetoloji mərkəz','1673620963.jpg','28 May, Səməd Vurğun 34',1,0,1,'2023-01-13 11:42:43','2023-01-13 11:42:43',NULL),(9,'Connect','Connect','hr@connect.az','de79b5534b367efe8a70b6445daba575','https://www.connect.az/az','“Konnekt MMC” Azərbaycan Respublikasının daim inkişaf edən informasiya və kommunikasiya texnologiyaları sferasında fəaliyyət göstərən qabaqcıl şirkətlərdəndir. Şirkətin əsası 2005-ci ildə qoyulmuşdur.\r\n\r\n2007-ci ildən etibarən “Konnekt MMC” “CONNECT ADSL” brendi altında əhaliyə ADSL texnologiyası bazasında internet provayder xidmətləri göstərməyə başlamışdır.\r\n\r\n2008-ci ildən etibarən şirkət həmçinin kabel televiziyası sferasında fəaliyyətə başlamış və artıq qeyd olunan tarixdən etibarən “CONNECT TV” brendi altında əhaliyə keyfiyyətli efir-kabel televiziyası xidməti təqdim edir.\r\n\r\n2011-ci ildən etibarən isə şirkət “CONNECT FİBER” brendi altında fiber-optik texnologiya sahəsində fəaliyyətə başlamış və abunəçilərə yüksəksürətli fiber-optik internet xidmətləri təqdim edir.\r\n\r\n“Konnekt MMC” öz fəaliyyətində müştəri məmnuniyyəti, keyfiyyətli xidmət və servis, daim yeni texnologiyaların tətbiqi və.s prinsiplərini rəhbər tutur. Şirkət hazırda Bakı, Sumqayıt, Xırdalan şəhərləri və ətraf qəsəbələrdə əhaliyə keyfiyyətli efir-kabel televiziyası və internet provayder xidmətləri təqdim edir. \r\n\r\nQeyd etmək lazımdır ki, hazırda “Konnekt MMC” ölkəmizdə kabel televiziyası sahəsində abunəçilərə ən çox sayda HD kanallar təqdim edən efir-kabel televiziyası operatorudur.\r\n\r\nŞirkət əhatə dairəsini daim genişləndirir.\r\n\r\nÜnvan: Bakı şəhəri, Nərimanov rayonu, Ə.Qayıbov küç, məh 1222, bina 12.\r\n\r\nTel: 012 159;\r\n\r\nWhatsapp: (+9455) 510-88-48','1673876007.png','12 Ələsgər Qayıbov, Bakı',1,1,1,'2023-01-16 10:33:27','2023-01-17 04:01:50',NULL),(10,'Palıd','Palid.az','alakbar.badalov@palid.az ','34633472357bc9d138085c01204462b9','palid.az ','•Qapı (Özəl sifarişlər qəbul olunur)\r\n•Laminat\r\n•Keramoqranit\r\n•Plintus və aksesuarları\r\n•Topdan və pərakəndə satış\r\n•Mətbəx mebeli yığımı','1673878682.png','Nizami ray. Qara Qarayev pr.84',1,0,1,'2023-01-16 11:18:02','2023-01-16 11:18:02',NULL),(12,'RealDent Group Companies','RealDent','eminrealdentgroup@gmail.com','689fce91b5a1c6fad02863cf4d282e42','https://www.realdent.az/','HAQQIMIZDA\r\nRealDent klinikası 1998-ci ildən fəaliyyət göstərir. 23 illik iş təcrübəsi olan  “RealDent” klinikası ən müasir texnoloji avadanlıqlardan istifadə edərək hər zaman pasientlərə ən yüksək xidmət göstərməyə çalışır. Məqsədimiz pasientləri bütün stomatoloji qayğılardan xilas etmək,Sərbəst Gülümsəmələr yaratmaqdır. Bu məqsədimizi reallaşdırmaqda yüksək təhsilli və professional həkimlərimizin rolu böyükdür.','1673942455.jpg','Nobel pr. 15, Azure Residence  Megafun Building',1,0,1,'2023-01-17 05:00:55','2023-01-23 05:12:28',NULL),(13,'M Estate Daşınmaz Əmlak Agentliyi','M Estate','mestate231@gmail.com','f4f955d4bff83f899a4a68344122257f','mestate231@gmail.com','Əmlak xidməti','1673952930.png','Zərifə Əliyeva küçəsi 29',1,0,1,'2023-01-17 07:55:30','2023-01-17 07:59:00',NULL),(14,'Asthetiklab','Asthetiklab','asthetiklab.baku@gmail.com','053e16dbfa928af14adb491000363881','https://asthetiklab.com','ÄSTHETIK LAB Azərbaycanda tibbi kosmetologiya sahəsində klinikalar arasında liderdir. Müasir Alman avadanlıqları ilə təchiz olunmuş klinika 100-dən çox müalicə otağından ibarətdir. Klinikanın əsas sahələri aparat kosmetologiyası, trixologiya və diyetologiyadır. Eyni zamanda klinikada 100-dən çox mütəxəssis çalışır.','1673954925.jpg','Rəşid Behbudov 87',1,0,1,'2023-01-17 08:28:45','2023-01-23 11:07:10',NULL),(15,'Magnet Media Group','Magnet Media','hr@magnetmediagroups.com','b733b1881816d5462ca285838e95d30e','magnetmediagroups.com','İş barədə məlumat\r\n“Magnet Media Group” partnyor şirkətlər, eləcə də biznes qurumların sifariş əsasında rəqəmsal məzmun hazırlanması və araşdırma şirkəti olaraq dünyada gedən siyasi, iqtisadi proseslərin, biznes sferasındakı yeniliklərin və trendlərin öyrənilməsi, analitik hesabatların hazırlanması üzrə fəaliyyət göstərir','1673956452.png','bakı',1,0,1,'2023-01-17 08:54:12','2023-01-17 08:57:22',NULL),(16,'HajMa Group of Companies','HajMa Group','office@hajma.info','33f0d08d58b646440deb55dabe5335a0','www.hajma.info','Şirkətin bir neçə qolu vardır. Lakin əsasən İT sahəsində fəaliyyət göstərir.\r\n\r\nHajMa Group Of Companies şirkəti 2010 -cu ildə təsis edilib.Təsis edilərkən yalnız İT sahəsində fəaliyyət göstərən şirkət sonralar qarşısına başqa məqsədlər də qoyur.Şirkətin əsas məqsədi ölkəmizdə biznesin və azad sahibkarlığın fəaliyyətinə öz tövhəsini vermək, sağlam rəqabət mühiti yaratmaq və mövcud inhisarları aşmaqdır.Ölkəmiz illər ötdükcə demək olar ki, bütün sahələrdə inkişaf edir.Azərbaycanda Neft-Qaz sənayesindən əlavə digər sahələr , aqrar, kənd təsərrüfatı, idman, kosmik, elmi , ictimai, iqtisadi, texnolojı, itehsal, metallurgiya kimi sahələrdə inkişaf mərhələsinə qədəm qoyub.','1673957255.png','Kərpic küçəsi 16, AZ1022',1,0,1,'2023-01-17 09:07:35','2023-01-17 10:48:30',NULL),(17,'Avto store 333','Avto store 333','abishov111@mail.ru','8087220172d8ef3962db0e3ed38e15ff','avto.store333@mail.ru','Mağazamızda istədiyiniz bütün aksesuarları münasib qiymətə tapacaqsınız. Məqsədimiz Sizi zövqünüzə uyğun aksesuarlarla təmin edərək razı salmaqdır.','1673964059.jpg','161b Əliyar Əliyev, Bakı',1,0,1,'2023-01-17 11:00:59','2023-01-17 11:04:10',NULL),(18,'Bonamed MMC','Bonamed MMC','a.abdullayev@bonamed.az','8ef344e75946c092b550360c3b282d7b','https://bonamed.az','Bonamed MMC tibbi və estetik cihazların satışı,təchizatı,servisi və tədrisi sahəsində fəaliyyət göstərən,ölkənin aparıcı mütəxəssislərinin çalışdığı,baş ofisi Bakıda yerləşən şirkətdir Bonamed şirkəti dünyanın bir çox aparıcı brendlərinin distributoru və dilleri olaraq bir çox klinikalar və mərkəzlərin güvənini qazanmış tərəfdaşıdır.','1673964815.png','Bakıxanov küçəsi 18,(Bridge Plazanın yaxınlığı)',1,0,1,'2023-01-17 11:13:35','2023-01-17 11:18:25',NULL),(19,'Deluks Kamin MMC','DeluksKamin','hr@deluxekamin.com','153af71ee696c22d3e2f7d1f9af5d366','https://deluxekamin.com','1997 yılında Türkiye’de kurulup, Azerbaycan’da da faaliyetlerine devam eden Deluxe Kamin Ferforje, yaşam tarzı kalite ve estetik yönelimli olan insanların tercih ettikleri merkezdir. Biz, iletişim ve işbirliği içinde olduğumuz müşterilerimizin çözüm ortağıyız.\r\n\r\nYaşam alanlarının kalitesini, dünya estetik trendleri ile buluşturarak çözüm ortaklarımızın mutluluğundan zevk almaktayız.\r\n\r\nProje, imalat, montaj ve satış sonrası hizmetlerimiz; inşaat ve dekorasyon sektöründe bizim öncü kuruluş olmamızı sağlamaktadır.\r\n\r\nProfosyonel ekiplerimizle global dekorasyon trendlerini takip ederek çözüm ortaklarımızın yaşam alanlarının kalitesini artırmak için çalışıyoruz. Ve bunu başarıyoruz.','1673965669.png','Adres Azadlık Prospekti 140/33. Bakü',1,0,1,'2023-01-17 11:27:49','2023-01-17 11:33:49',NULL),(20,'Food Packing LLC','FoodPacking','hr@foodpacking.az','dcc9adefc1815d50f11a7a703c588252','www.foodpacking.az','Artıq 4 ildir ki, yerli bazarda fəaliyyət göstərən “Food Packing” MMC müştəriləri müxtəlif növ karton, kağız, alüminium və s. qablaşdırma materialları ilə təmin edir, qablaşdırma sahəsində bir çox xarici şirkətin ölkəmizdə distribütorudur.\r\nFood Packing MMC hər zaman müştərilərinə münasib qiymətlərdən əlavə keyfiyyətli məhsullar təqdim edir.','1673967240.png','28 May küçəsi 69a, AZ1145',1,0,1,'2023-01-17 11:54:00','2023-01-17 11:56:53',NULL),(21,'HR-PORT','HRPORT','email@hr-port.org','431b7f503c105ec0ef33a5c671df55cc','www.hr-port.org','Ən yaxşı şirkətlər üçün ən yaxşı adamlar.','1674024197.png','Ağ şəhər, Bakı, Azərbaycan',1,0,1,'2023-01-18 03:43:17','2023-01-18 03:45:54',NULL),(22,'SEMPACK ROCCO GROUP','SEMPACK','sempackrocco@gmail.com','9d82da86c7aae46880acec92d8c59e26','sempack_rocco_group','Birdəfəlik qabların tək ünvanı:\r\nTopdan satış','1674024743.jpg','Mirəli Qaşqay 39.',1,0,1,'2023-01-18 03:52:23','2023-01-18 04:11:30',NULL),(23,'AVİS Tibbi Marketlər Şəbəkəsi','Avisaptek','hr@avismed.az','cfd9af42b45fa38f4d65bc00e5e85120','avisaptek','Avis ilə sağlam və gözəl həyat!','1674025352.png','Badamdar şossesi 5',1,0,1,'2023-01-18 04:02:32','2023-01-18 04:11:32',NULL),(24,'Mars Overseas Baku LTD','Marsoverseas','career@totalbeverage.group','39b4310de478bce7b067b37eda1abb2a','https://marsoverseas.az','Imagine what you can achieve by combining your experience and skills with us!\r\n\r\nWe are looking for employees who are ready to be leaders of the future, have a global understanding, think innovatively and realize this perspective.\r\n\r\nOur culture of cooperation creates sustainable development in your specialty, new career opportunities, innovative approaches, the opportunity to work in a professional and friendly team.\r\n\r\nHere you will not only rapidly develop your knowledge and skills but also cope with projects that will improve people’s lives. Your initiative and responsibility will always be appreciated by your colleagues and management.','1674026337.png','189 Hüseyn Cavid Prospekti, Bakı 1141',1,0,1,'2023-01-18 04:18:57','2023-01-18 04:20:57',NULL),(25,'Kerama Trade','Kerama','logist@keramatrade.az','9444b4b2d42b39159b2bbacdb693fd82','kerama_trade','Kerama Trade the exclusive distributer of ?Ceramics of the future?Idalgo?Idalgo home?Graniteya?Uralski Granit ♦️Rockwool','1674026795.png','Bakı, Ağ şəhər, Xaqani Rüstamov 4',1,0,1,'2023-01-18 04:26:35','2023-01-18 04:55:49',NULL),(26,'Ceylan MMC','Ceylan','hr@ceylan.az','a3a6e4214ea96386e9bd2c07e7d96950','www.ceylan.az','Ceylan iyirmi ildən artıqdır ki, distribusiya və lojistik xidmətləri göstərən Azərbaycanın aparıcı şirkətidir.\r\n\r\nBizim şirkətimiz 1997-ci ildə quruldu və həmin ildən etibarən “Mars” şirkətinin Azərbaycandakı ilk distribyutoru olmuşdur. Bu əməkdaşlıq 20 ildən çox davam etmişdir. İndi Ceylan portfelində tanış ola biləcəyiniz 10-dan çox Avropa markası var. Onlarla burda tanış ola bilərsiniz( ceylan.az/az/products-/portfolio ).','1674028333.png','127a Ilgar Mammadov',1,0,1,'2023-01-18 04:52:13','2023-01-18 04:56:26',NULL),(27,'Turban Moda MMC','Aysel Alieva','office.turbanmoda@gmail.com','41750f571c51abe660ee2ab13ddb9fe9','https://turbanmoda.az/','Turban Moda hicab geyimlərinin yerli brendi olaraq 2016-cı ildən fəaliyyət göstərir. Geyim modellərini şirkətin direktoru Validə xanım incə zövq və xüsusi peşəkarlıqla hazırlayır. Turban Moda mağazalarında hər zövqə və hər mövsümə uyğun keyfiyyətli məhsulları mümkün olan ən münasib qiymətlərlə əldə edə bilərsiniz. Davamlı olaraq dəyişən və gözəlləşən dəblə ayaqlaşmaq artıq çətin deyil! Bunu sizlərə bol çeşiddə rəng və model seçimi etmək imkanı təmin edən peşəkarlar vəd edir!\r\n\r\nMüştərilərimizə kifayət qədər yaxın olmaq üçün ölkə ərazisində 3 satış nöqtəmiz mövcuddur. Bununla yanaşı sizin vaxtınıza qənaət etmənizi təmin etmək məqsədilə online satış sistemimiz fəaliyyət göstərir. Kuriyerlərimizin yardımı ilə sifarişinizi tələb etdiyiniz gün ərzində dediyiniz hər hansı ünvana çatdırma rahatlığı da ixtiyarınızdadır!\r\n\r\nQarşıdakı dövrdə məqsədimiz məhsullarımızın satışını “Made in Azerbaijan” brendi adı altında təkcə Azərbaycanda yox, dünyanın hər bir yerində həyata keçirməkdən ibarətdir.','1674029029.png','Əsəd Əhmədov 15B',1,0,1,'2023-01-18 05:03:49','2023-01-18 05:31:12',NULL),(28,'New House əmlak şirkəti','NewHouse','mirzeyevanar10012@gmail.com','0b48abe44bf043122a36cfd7d382146d','NewHouse','Daşınmaz əmlak','1674030553.png','hənifə ələsgərov 21',1,0,1,'2023-01-18 05:29:13','2023-01-31 06:23:08',NULL),(29,'Sashera-Med Azerbaijan','Sashera','hr@sashera-med-aze.info','b648f722460b156cf432046d1ee9ad5a','sashera_med_aze','Sağlık/Güzellik','1674035458.png','Bakı şəhəri.',0,0,1,'2023-01-18 06:50:58','2023-02-02 03:07:05',NULL),(30,'Istanbul Group','Istanbul','info@istanbulgroup.az','a0c6cf015bc38e12789d6fea38147925','istanbulgroup.az','“İstanbul Group“xaricdə təhsil şirkəti olaraq əsas məqsədimiz xaricdə təhsil almaq istəyən hər kəsə öz gələcək təhsil həyatınızda doğru seçim etməsinə yardımçı olmaqdır. Xaricdə təhsil şirkətimiz sizə xaricdə təhsil ilə bağlı bütün təhsil xidmətlərini təqdim edir. “İstanbul Group” xaricdə təhsil şirkətinə müraciət edərək siz ödənişsiz təhsil konsultasiyasından qəbul məktubunun alınaraq tələbənin təhsil alacağı universitetə göndərilməsi prosesi kimi bütün təhsil xidmətlərindən yararlanmaq imkanı əldə edə bilərsiniz.','1674035852.jpg','Bakı şəhəri, Cəfər Cabbarlı küç., Caspian Plaza, 3-cü korpus, 4-cü mərtəbə',1,0,1,'2023-01-18 06:57:32','2023-01-18 07:02:30',NULL),(31,'Gidromaşservis QSC','Gidromas','rena.mammadova@gms.az','6f9653004f9ad760a17d86569c855ecb','gms.az','Yüksək keyfiyyət və inşaatın vaxtında başa çatdırılması – “Gidromaşservis” QSC-ni xarakterizə edən əsas meyarlardır. Səhmdar Cəmiyyətin kollektivi əbəs yerə 9001:2008 Beynəlxalq Keyfiyyət Standartının sertifikatına layiq görülməmişdir. Məhz yuxarıda göstərilənlərə, həm də, rəqabət qabiliyyətli olduğuna görədir ki, şirkətimiz sifarişçi təşkilatların keçirdikləri tenderlərdə mütəmadi olaraq, qalib gəlməkdədir. Şirkətin qiymət siyasətinin formalaşması sahəsində ən mühüm olanı ondan ibarətdir ki, avadanlığın, məmulat və\r\ndigər məhsulun təminatçısı rolunda birbaşa istehsalçı-zavodlar çıxış edirlər. Bunun nəticəsində də, vasitəçilərin iştirakına ehtiyac qalmır və birbaşa, maneəsiz olaraq, sifarişçilərin istək və iradları istehsalçılara çatdırılır. Digər müsbət hal kimi, yerləşdirilən avadanlığın zəmanətli istismarının təmin olunması məqsədilə, sazlamaburaxılış\r\nişlərinə quraşdırıcı-hami təşkilatların cəlb olunması təcrübəsini göstərmək olar.','1674037140.png','Azərbaycan Respublikası Bakı şəhər Nizami Rayon Qara Qarayev prospekti 87',1,0,1,'2023-01-18 07:19:00','2023-01-18 07:37:28',NULL),(32,'LifeGuard','LifeGuard','hr@lifeguard.az','957b3008ede3cee1672826336f7bbf75','lifeguard.az','\"LifeGuard\" şirkəti təhlükəsizlik və nəzarət sistemləri','1674038083.png','Ağa Neymətulla, 20 Азербайджан küç, Bakı',1,0,1,'2023-01-18 07:34:43','2023-01-18 07:37:29',NULL),(33,'Allprint','Allprint','office@allprint.az','2cc0050ad2f701a622cf9264cbc7514f','http://allprint.az/','Allprint şirkəti vinil, banner, fleks, tekstil kimi materilallar üzərində iriformatlı çaplar və oların mantaj olunmasını da həyata keçirir. Bu sahədə müştərilərimizə solvent və ekosolvent çap üsullarını təklif edirik. Siz interyer və eksteryer reklamlarının çapını, bilbord, poster, skoller, işıqlı və işıqsız reklamlar, müxtəlif ölçülü roll-up, pop-up və s. iri formatlı çaplar sifariş verə bilərsiniz. Şirkətimiz həmşinin bir sıra yenilikləri ilə də yadda qalmışdır. Ölkəmizə ilk lazer kəsim və nəqqaşlama avadanlığını gətirmiş şirkətimiz inkrustasiya sahəsində də peşəkar təcrübəyə malikdir. Məhz bizdə şpon və venqe ilə zövqlə işlənib hazırlanmış məhsulları sifariş verə bilərsiniz.','1674038614.png','Əlövsət Quliyev küçəsi 133 AZ1095 Bakı, Azərbaycan',1,0,1,'2023-01-18 07:43:34','2023-01-18 07:45:36',NULL),(34,'Davidov Global','Davidov','info@davidovglobal.az','97bce7b593edf068fa02c340f26c277b','davidov_global','İş tapma şirkəti','1674039053.png','Baku, Nizami str.203b',1,0,1,'2023-01-18 07:50:53','2023-01-18 07:52:50',NULL),(35,'Malibo MMC','Malibo','sevinc.agazade@maliboresidence.com','d78f890fda3e3f6c4bf3396b97096d6b','maliboresidence.com','Sizi və ailə üzvlərinizi gündəlik qayğılardan azad etmək məqsədilə Malibo Residence 24/7 mühafizə və konsyerj, SPA, kafe və restoranlar, camaşırxana, avto dayanacaq və avtoyuma xidmətlərini, o cümlədən uşaq bağçasını, ticarət mərkəzini, idman zalını və hovuzu evinizə gətirdi!','1674040122.png','Salatın Əsgərova, Rəsul Rza, Əlimərdan Topçubaşov və Şamil Əzizbəyov küçələrinin kəsişməsi.',1,0,1,'2023-01-18 08:08:42','2023-01-18 08:11:41',NULL),(36,'Vinova','Vinova','info@vinova.az','ab4c3a14d19420b4de51da9569f7dfdd','vinova.az','“Vinova” MMC təsis edildiyi gündən keyfiyyətli məhsul və peşəkar mütəxəsis tandemini gördüyü bütün işlərdə uğurla tətbiq edərək şüşə və şüşə sistemləri sektorunda yeni dəyər yaratmaqdadır. Məhz bu yanaşmanın nəticəsində şirkət, qısa müddət öncə fəaliyyətə başlamasına baxmayaraq, adının keyfiyyət və etibarlılıq anlayışlarıyla asossasiya olunmasına nail olmuşdur.','1674040564.jpg','AZ1075 Bakı, Ə. Rəcəbli pr., 159 Saray Plaza, 5-ci mərtəbə',1,0,1,'2023-01-18 08:16:04','2023-01-18 08:18:47',NULL),(37,'Pizza Mizza','PizzaMizza','hr@pizzamizza.az','b919ac7a535938a1b605ff082d10b497','pizzamizza.az','\"Pizza Mizza\" restoranlar şəbəkəsinin yaranma ideyası 2000-ci ilə təsadüf edir. O zaman gələcəkdə direktor olacaq Elmar Həsənzadə yaşamaq üçün Almaniyaya köçür və orada aşpaz köməkçisi işləməyə başlayır. O, qısa müddətdə fərqli reseptlərə əsasən dadlı pizzaların hazırlanmasını öyrənir və eyni zamanda bir neçə növ xəmir xörəklərinin, salatların, isti və soyuq qəlyanaltıların, ət yeməklərinin hazırlanmasını mənimsəyərək \"La Roma\" restoranının baş aşpazı vəzifəsinə keçir. Bir il ərzində orada çalışır və oranı satın alır. Uzun müddət orada qazandığı təcrübəyə əsaslanaraq və oradan ilham alaraq Pizza Mizza restoranlar şəbəkəsi açmaq və Azərbaycanda bunu davam etmək qərarına gəlir. \"La Roma\" ilə \"Pizza Mizza\"-nın konsepti və təqdim olunan yeməkləri tam şəkildə eynidir. Sadəcə yerli brend yaratmaq üçün bizim seçimimiz məhz \"Pizza Mizza\" adı olmuşdur.','1674041034.jpg','Bakı şəhəri.',1,0,1,'2023-01-18 08:23:54','2023-01-25 07:48:28',NULL),(38,'Facility Managament Group','Facility','Rashad.Jafarzade@fmg.az','5505c1cd37fabdc6bf2dc6b7b1cd228f','www.fmg.az','Facility Management Group ofis və yaşayış binası, biznes və ticarət mərkəzləri və digər müxtəlif təyinatlı daşınmaz əmlakın idarə edilməsini həyata keçirən aparıcı şirkətdir.','1674041938.png','Bakı, Zərifə Əliyeva küç. 93, AZ1000',1,0,1,'2023-01-18 08:38:58','2023-01-18 09:08:05',NULL),(39,'Atena MMC','AtenaMMC','cv@atena.az','f45cf2e2aeaa02ac7f1f442c22d1e7a5','www.atena.az','11.05.2011-ci il tarixində fəaliyyətə başlayan ATENA MMC sahib olduğu süd texnologiyası və iş metodu ilə sadəcə Azərbaycanda deyil, dünyada sayılıb-seçilən bir süd toplama ferması və istehsal müəssisəsidir. Bütün süd məhsullarının qida dəyərlərini mühafizə etmək üçün, sahib olduğu texnologiya vasitəsi ilə istehsalın hər nöqtəsində ona nəzarət edir.','1674043542.jpg','Ağcabədi Rayonu, AZ0400 /Ağabəyli Kəndi / Azərbaycan',1,0,1,'2023-01-18 09:05:42','2023-01-18 09:08:07',NULL),(40,'Age mmc','Agemmc','age@age.az','7fa571d20839a2b46f3ba4a55765f555','age.az','AGE MMC\r\n2007-ci ildən günümüzə qədər, “AGE” MMC ölkəmizdə mikrotunel və tullantı su təmizləmə qurğularının inşaatı üzrə liderlik edən şirkətlərdən birinə çevrilib. Şirkətimiz həmçinin yolların inşası, su və kanalizasiya təhcizatlarının qurulması layihələrində sifarişçilərimizə yüksək keyfiyyət təqdim edir.','1674044260.png','Səməd Vurğun küçəsi 34 (“AF Mall” biznes mərkəzi)',1,0,1,'2023-01-18 09:17:40','2023-01-18 09:20:19',NULL),(41,'Royal Travels and Services','RoyalT','jeyhun@rts.az','7d3e80f60d63f59a343ccc360e148005','Royal Travels and Services','Turların təşkili','1674045116.jpg','Caspian Plaza ground floor, AZ1065, Baku, Azerbaijan.',1,0,1,'2023-01-18 09:31:56','2023-01-18 09:33:51',NULL),(42,'MKONTAKT MMC','MKontakt','info@mkontakt.az','54e3c7157b4ced1fe6b8390da00548d8','MKONTAKT MMC','Mağazada alış-veriş','1674045893.jpg','Ziya Bünyadov, 29/41, Bakı, Binəqədi, AZ1108',1,0,1,'2023-01-18 09:44:53','2023-01-18 09:47:04',NULL),(43,'Biopet MMC','Biopet','hr@biopet.shop','5daac5be685b379f339d9511362f99da','biopet.shop','Heyvan mağazası','1674046636.jpg','Bakı',1,0,1,'2023-01-18 09:57:16','2023-01-18 10:00:02',NULL),(44,'Caspian International Hospital','CaspianIH','info@cih.az','41fb292c3bfba862f79fbe68541cf166','cih.az','Ən son tibbi cihaz və avadanlıqlarla təchiz olunmuş Caspian International Hospital  peşəkar, gülərüz personalı ilə tibbi bütün sahələrində yüksək səviyyədə xidmət göstərən özəl tibb müəssisəsidir. 2013-cü ildən fəaliyyət göstərən klinika Bakı şəhərinin Badamdar qəsəbəsində yerləşir. Tibb sahəsində beynəlxalq standartları tətbiq edən klinika həm ölkəmizin bütün bölgələrindən olan insanlara, həm də Azərbaycanda yaşayan xarici vətəndaşlara xidmət göstərir.','1674047622.jpg','Bakı ş., Badamdar, 1-ci yaşayış massivi, 31',1,0,1,'2023-01-18 10:13:42','2023-01-18 10:19:08',NULL),(45,'Saat Store','SaatStore','hr@saatstore.az','d2b19bfca5ac54906bae978967f906f7','saatstore.az','Saatstore 2013-cü ildən fəaliyyət göstərir. Azərbaycanla yanaşı Gürcüstanda da fəaliyyət göstəririk. Biznesin qurucusu Hüseyn Hümbətov saata olan sevgi və marağından bu işi qurmağa qərar verib və uğurla davam edir.','1674048341.jpg','28 may Fikrət Əmirov 24 (Perron Gallery 2-ci mərtəbə) Ünvan: 28 may küç, 28 (23 saylı məktəbin yanı)',1,0,1,'2023-01-18 10:25:41','2023-01-18 10:27:57',NULL),(46,'OBA marketlər şəbəkəsi','Obamarket','info@oba.az','510f41c88bfee4ed2a9526516e88763d','oba.az','“OBA Market” MMC Azərbaycanda fəaliyyət göstərən qonşu marketlər şəbəkəsidir. Şirkətin hal-hazırda 1050-dən çox mağazası fəaliyyət göstərir. Market sayına görə “OBA Market” MMC Azərbaycanın 1 nömrəli marketlər şəbəkəsidir. Veysəloğlu Şirkətlər Qrupuna daxil olan “OBA Market” MMC yeni-diskount market konsepsiyası ilə 2016-cı ildə Azərbaycanda pərakəndə satış bazarına daxil oldu. Şəbəkənin yaradılmasında əsas hədəf gündəlik tələbat məhsullarını mümkün olan aşağı qiymət və yüksək keyfiyyətlə müştərilərə təqdim etməkdir. 2020-ci ildən etibarən, çeşid sayını dəfələrlə artıran “OBA” Market öz markaları (PL- Private Label) ilə yanaşı, yerli və xarici markaların satışını da həyata keçirir.','1674048817.jpg','Hüseyn Cavid prospekti 202, D Bloku, Bakı, AZ1141',1,0,1,'2023-01-18 10:33:37','2023-01-24 09:58:01',NULL),(47,'Talent Agency','Talent','hr@talent-recruitment.az','716701a49c169e3fc8942978224492e1','hr@talent-recruitment.az','Talent Agency','1674049775.jpg','Cəfər Cabbarlı 44',1,0,1,'2023-01-18 10:49:35','2023-01-24 05:09:35',NULL),(48,'LAS VEGAS','LASVEGAS','lvnerimanov@gmail.com','656232357aa1fdda0f214ab4f6a2ce4b','lvnerimanov@gmail.com','Geyim mağazası','1674050777.png','Bakı şəhəri.',1,0,1,'2023-01-18 11:06:17','2023-01-18 11:18:01',NULL),(49,'Muxtaroglu-VM MMC','Muxtaroglu','office@muxtaroglu.az','360b3d67fc474947144b600cedf62c67','muxtaroglu.az','\"Muxtaroğlu-VM\" MMC şirkəti 2004-cü ildən Azərbaycanda öz fəaliyyətinə başlayıb. Sudcheimer Car Technike-Vetriebs GmbH şirkəti 3000 çeşidi öz tərkibində birləşdirir: fərqli növlərdə mühərrik yağları, yağlama maddələri, vasitə-baxım məhsullarını və digər məhsulları qeydiyyatdan keçmiş MANNOL markası adı altında təqdim edir.\r\nRəqabətli qiymətlərlə təklif olunan SCT-ALMANİYA və MANNOL markası adı altında sürtkü və hidravlik yağları ilə öz məhsullarının geniş spektrini təmsil edir. \"Muxtaroglu-VM\" MMC şirkəti öz müştərilərinə yüksək xidmət gostərməkdən daima qürur duyur!','1674051246.jpg','Həsən Əliyev k., 44 Xırdalan, Azərbaycan',1,0,1,'2023-01-18 11:14:06','2023-01-18 11:18:03',NULL),(50,'ParaBokt','parabokt','vakasiya@parabokt.az','9640d9d2e4f0b3b2de5d6f4fc05fe670','parabokt.az','Para Bank olmayan kredit təşkilatı','1674105537.jpg','Bakı şəh., Səməd Vurğun 60',1,0,1,'2023-01-19 02:18:57','2023-01-19 02:18:57',NULL),(51,'Med Product','MedProduct','office@medproduct.az','d7bbf8f76354b1af07b6c8e31373cd85','www.medproduct.az','Medproduct LTD, located in Baku, is one of the top leading medical companies in Azerbaijan involved in wholesale and distribution of imported medical goods. Our company supplys hospitals, clinics, drugstores with medical products all around Azerbaijan.','1674110802.png','Azerbaijan, Baku, Akhmat Radjabli 3/19',1,0,1,'2023-01-19 03:46:42','2023-01-23 07:58:33',NULL),(52,'Mor Mor su','MorMor','mormorkft@gmail.com','34c0b1c63fc2dca5060aca8ca7430b85','mormor.az','2007-ci ildən başlayaraq, “MORMOR SU” brendi Azərbaycan Respublikasının ərazisində yüksək standartlara uyğun olaraq, öz servisini təklif edir. Bu dövr ərzində biz, həm qazlı \"TURŞ SU\" həmçinin qazsız məhsullarının istehsalında uğurlar qazanmışıq. Biz öz prinsiplərimizə uyğun “keyfiyyətli su” istehsal etməklə müştərilərimizin etibarını və inamını qazanmışıq.\r\n“MORMOR SU” brendi, öz istehsal bazasına, nəqliyyat, sklad, kompüter nəzarət sisteminden ibarət loqistikaya malikdir. Biz nəinki paytaxt sakinlərini, eyni zamanda böyük şirkətləri, banklari, holdingləri, restoran şəbəkələrini və xüsusilə, tibb klinikalarını və sağlamlıq mərkəzlərini keyfiyyətli su ilə təmin edirik. Bu gun bizə minlərlə insan etibar edir.\r\n\"MORMOR SU\" Gədəbəy rayonu Mor-Mor kəndindən bir-başa qablaşdırılır və təkribinə kimyəvi qatqılar daxil edilmir. Bu səbəbdən məhsullarımızdan, qablaşdırılma tarixindən sonra 6 ay müddətində istifadə edilməsi tövsiyyə edilir. Həmçinin, tərkibə əsasən çöküntü verməsi mümkündür.','1674111622.jpg','Gədəbəy rayonu, Mor-Mor kəndi',1,0,1,'2023-01-19 04:00:22','2023-01-19 04:14:25',NULL),(53,'Embawood','Embawood','office@embawood.az','a4d1c18e6e3faf673e2974196c903e15','embawood.az','1996- cı ildə fəliyyətə başlayan İlk yerli mebel brendi olan Embawood müştəri yönümlü strategiyasını özünün əsas prinsipi olaraq seçmiş və bu istiqamətdə əsaslı işləri görməyə davam edir. Mebeldə arzulanan tərzi duya bilmək üçün keyfiyyət sistemini yeniləyərək, xidmət səviyyəsini daha yüksək pilləyə qaldırmışdır. Şirkət qarşısına qoyduğu bütün məqsədlərə çatmaq üçün məhsul portfelində çeşid çoxluğu, müasir və dəbdəbəli dizayn, keyfiyyətə nəzarət, satışdan sonrakı xidmət, müştəri yönümlülük kimi prinsipləri əsas meyar olaraq seçmişdir. Embawood MMC Bakı şəh., Yasamal ray., Bəsti Bağırova küç., 15A, (1) ünvanda 6400009481 qeydiyyatlı VÖEN altında fəaliyyət göstərir. Azərbaycanın Masallı, Xırdalan və Sumqayıt şəhərlərində, həmçinin Ukrayna , Qazaxıstan, Gürcüstan kimi ölkələrdə şirkətin toplam olaraq 7 fabriki fəaliyyətni davam etdirir.  Bundan əlavə, adıçəkilən ölkələrdə Embawood brendinin mağazaları mövcuddur.','1674112235.jpg','Azərbaycan, Bakı, AZ 1065, B.',1,0,1,'2023-01-19 04:10:35','2023-01-19 04:14:19',NULL),(54,'NPG MMC','NPGMMC','office@npg.az','2019b28ba51dfc7589c4e38d915c865c','npg.az','\"NPG\" MMC (Daşınmaz Əmlak Şirkəti) - 2021 ildə, sahəsində peşəkar komanda tərəfindən qurulub.\r\nŞİRKƏT - Rəqabətli əmlak bazarında, bir sıra boşluqları nəzərə alaraq, müştəri maraqları və məmnuniyyətini üstün tutaraq, alıcı və satıcı maraqlarını və hüquqlarını yüksək səviyyədə qorumaq məqsədi ilə, keyfiyyətli və ədalətli xidmət devizi ilə çıxış edir. Əmlak bazarında təlabata uyğun olaraq müvafiq təkliflərin dəyərləndirilməsi istiqamətində yüksək səviyyədə və peşəkar xidmət təklif etməklə yanaşı, düzgün qiymətləndirilmə, reklam-marketing, alqı-satqı, sənədləşmə işlərini də yüksək səviyyədə, dürüst və keyfiyyətli iş pirinsipi ilə həyata keçirir.\r\nŞirkət - xidmət sahələrinin keyfiyyətini artırmaq və inkişaf etdirməklə yanaşı, qlobal əmlak bazarına uyğun inkişaf etməyi də qarşısına əsas vacib hədəf olaraq qoymuşdur. \r\nKomanda olaraq hər bir müştərimizə yüksək səviyyədə diqqət göstərir, (satıcılar) əmlakının düzgün zamanda, real bazar qiymətinə satılmasında, (alıcılar) əmlaka yatırmaq istədiyi məbləğin düzgün dəyərləndirilməsində lazımı köməkliyimizi göstəririk.','1674112986.jpg','Caspian Biznes Mərkəzi',1,0,1,'2023-01-19 04:23:06','2023-01-23 05:12:37',NULL),(55,'Konfirom MMC','Konfirom','info@konfirom.com','6c2728d4df9a0f2ea3eb3ce7188e0038','konfriom.com','“Konfirom” MMC qənnadı fabriki 2014-cü ildə yaradılıb və üç istehsal müəssisəsini birləşdirir. Bu gün “Konfirom” Azərbaycan bazarında böyük potensiala malik müasir, dinamik inkişaf edən qənnadı məmulatları istehsalı şirkətidir. Fabrikin çeşidi şirniyyat, karamel, vafli məmulatları, biskvit məhsulları ilə təmsil olunur.\r\n“Konfirom” fabrikinin istehsal etdiyi “Darenka” qənnadı məmulatı artıq dördüncü ildir ki, müxtəlif kateqoriyalar üzrə bestsellerlər sırasındadır. Bu brend kekslər, rulonlar, şokolad-vafli, pralin şirniyyatları, qaymaqlı şirniyyatlar, südlü karamel və qənnadı plitələri ilə təmsil olunur. Bu brendin özəlliyi hər kəsin sevimli dadı olan iris və bişmiş süd, karamel və şokolad içliklərinin birləşməsidir.','1674113641.png','Buzovna Settlement, 1041 Zagulba Highway Baku/Azərbaycan',1,0,1,'2023-01-19 04:34:01','2023-02-01 03:44:46',NULL),(56,'Asim İşə düzəltmə Mərkəzi Agentliyi','asimoos','asimoos.az@gmail.com','15dbce18daadfb2de938256bf92bafe0','instagram.com/iseduzeltme_merkezi','Əmək bazarının inkişafına töhvə vermək üçün iş və işçi axtaranlar arasında birbaşa əlaqələrin yaranmasına kömək göstərmək məqsədi ilə 2013cü il 18may tarixindən etibarən xidmət göstəririk.\r\n- Sizin şirkətə işçi lazımdır? Sizə uyğun işçilərimiz var! Biznesinizi daha da inkişaf etdirmək üçün bizə müraciət edin. İş sahiblərinə göstərdiyimiz xidmət ödənişsizdir.\r\n- İş axtarırsız? Sizin üçün işimiz var! Hər bir işsiz bizim xidmətimizdən yararlana bilər. Bunun üçün sizdə xüsusi bilik və bacarıqların olması vacib deyil əsas olan iş həyatının bir hissəsi olmaq arzusu və özünüinkişaf instinktidir çünki işgüzarlıq asimoos komandasına qoşulmaq üçün ən vacib elementdir.\r\nİşverən: AsimHasanov (asimoos)','1674114213.jpg','Murtuza Muxtarov 145',1,0,1,'2023-01-19 04:41:10','2023-01-19 04:53:29',NULL),(57,'Körpü-Bina-Tikinti MMC','KörpüBina','office@kbt.az','28e4234123d40b55f83e97c69271e45e','kbt.az','“Körpü-Bina-Tikinti” MMC (“KBT” MMC ) 2001-ci ildə təsis edilmişdir. Dünyanın qabaqcıl texnologiyalarının istehsalatda tətbiqi, xarici əlaqələrin düzgün qurulması, işə istedadlı mühəndis və fəhlə kadrlarının cəlb edilməsi nəticəsində “KBT” MMC böyük tikinti müəssisəsinə çevrilmişdir. Bugün “KBT” MMC Azərbaycanda xarici firmalarla müvəffəqiyyətlə rəqabət aparan və güclü bazaya malik olan nəhəng tikinti təşkilatıdır. Azərbaycanda sənaye obyektlərinin, yaşayış binalarının, körpülərin, tunellərin,yeraltı piyada keçidlərinin, neft kəmərlərinin, su kanallarının, yanacaqdoldurma stansiyalarının (YDS), istilik elektrik stansiyalarının (İES) tikintisi, dəmir yolarının çəkilməsi, torpaq işləri, bünövrələrin qoyulması, svay işlərini və s. həyata keçirməkdədir.','1674114671.png','Bakı Azərbaycan, AZ 1075 Nərimanov r., Ə.Rəcəbli-2 küç., 1',1,0,1,'2023-01-19 04:51:11','2023-01-19 04:53:31',NULL),(58,'\"Su İnşaat\" MMC','Suİnşaat','info@suinsaat.az','42ea834aa920fab2201c94ce5f3a9547','suinsaat.az','Su İnşaat 2013 ildə Bakıda qurulmuş, izolyasiya materiallırının satışı və xidməti ilə önə çıxan ilk firmalardandır. Qurucularımız, izolyasiya sektorunda uzun illər boyunca qazandığı təcrübə və biliyi, inşaat və mühəndislik sahəsində ixtisaslaşmış  komanda ilə birləştirərək izolyasiya sektorunun bütün sahələrinə xitab edən işləri icra etməyə başlamışdır. \r\nKomandamız, Azərbaycanın öndə gələn firma və dövlət strukturlarının izolyasiya və inşaat layihələrinə imzasını atmışdır. Ayrıca ölkə və ölkə xaricində izolyasiya materiallarının istehsalçısı olan bir çox firmanında Azərbaycandakı distributorudur. Bunlara Türkiyənin Fixa, Rusiyanın Texnonikol, İsveçrənin Sika inşaat kimyəvilərinin istehsalçılarını göstərmək olar. \r\nFirmamızın öncəliyi keyfiyyətli izolyasiya materialları ilə ölkə bazarını, ölkə xaricindən idxal edilən hər növ izolyasiya materialının, PVC membran, HDPE membran, geotekstil, alüminium profil, su tutucu bant, drenaj, daş yun, pvc traplar, sement əsaslı izolyasiya materialları, bitum əsaslı izolyasiyalar başda olmaqla bir çox hidro və termoizolyasiya materialı ilə təmin etmək və inşaat sektoruna xidmət etməkdir. Firmamız, demək olarki bu sektorda ilk İSO sertifkatlı firmalardandır. Firmamızda keyfiyyət idarə etmə İSO 9001, ətraf mühit İSO 14001 və insan sağlığı və əməyin mühafizəsi İSO 45001 - ə xüsusi diqqət yetirilir. İstifadə olunan materiallar İSO normalarına uyğundur.','1674115911.jpg','50f Əhməd Rəcəbli, Bakı',1,0,1,'2023-01-19 05:11:51','2023-01-19 05:14:32',NULL),(59,'\"Baku Pearl Residence\" MMC','BakuPearl','sales@bakupearl.az','de39b98d936e0cdcb3e6c0ff3cc28d2f','bakupearl.az','Kompleksimizin ətrafında bir neçə supermarket , gözəllik salonu , restoranlar ,baxçalar, poliklnika eləcə də məktəb yerləşir. Nəzərinizə çatdırmaq istərdik ki, məktəb kompleksimizə 10 dəqiqəlik ayaq məsafəsində ,poliklinika isə 1 km məsafədə yerləşir. Əlavə olaraq qeyd etmək istərdik ki , Heydər Əliyev adına Beynəlxalq Hava Limanına 10 dəqiqəlik məsafədə yerləşir.','1674116510.jpg','Bakı şəhəri, Xətai rayonu, Gəncə prospekti, 51',1,0,1,'2023-01-19 05:21:50','2023-01-19 05:23:38',NULL),(60,'FGAC Group','FGACgroup','office@finance-group.az','106fe5d9e5b367f3f22b96d8216d6f12','finance-group.az','“Finance Group Accounting and Consulting” şirkəti audit və konsaltinq xidmətlərinin göstərilməsini həyata keçirir.\r\nBiz Sizə hüquqi şəxslərin yaradılması və yenidən gurulması, maliyyə-təsərrüfat fəaliyyətinin müşayiət edilməsi, mühasibat və hüquqi sənədlərin hazırlanması, müxtəlif dövlət qurumlarında maraqların təmsil edilməsi və digər xidmətləri təklif edirik.\r\nŞirkətimizin fəaliyyəti müştərilərimizin səmərəli müdafiəsini və təhlükəsizliyini təmin edən bir çox peşakar mütəxəssislərin əmək və biliyi üzərində qurulmuşdur.','1674116984.jpg','AZ1065, Cəfər Cabbarlı 44, Caspian Plaza BC',1,0,1,'2023-01-19 05:29:44','2023-01-19 05:42:48',NULL),(61,'Faceholding','faceholding1234','rufat@faceholding.az','f3fd4ffe174f7b447e3d6c98dad7e97a','rufat@faceholding.az','face holding','1674123685.jpg','Dəmirçi Plaza',1,0,1,'2023-01-19 07:21:25','2023-01-19 07:26:33',NULL),(62,'Meridian MMC','Meridian','info@meridian.az','7c0490898abc9fe477a5e0677c578e1c','info@meridian.az','Meridian Marketing Collective','1674124507.png','Bakı şəhəri.',1,0,1,'2023-01-19 07:35:07','2023-01-19 07:38:08',NULL),(63,'N dvert','Ndvert','office@n-advert.com','06ab12f02efdff8fc9f6ddb5d934bf0c','n-advert.az','Рекламное агентство «N-Advert» предлагает услуги по производству и монтажу рекламы в Азербайджане. Мы специализируемся на всех видах деятельности, связанных с созданием и установкой визуальной рекламы','1674125822.png','проспект Зии Бунядова. 20/61',1,0,1,'2023-01-19 07:57:02','2023-01-19 08:02:22',NULL),(64,'Evin.az','Evinaz','info@evin.az','ba47ad2ad2542e43400b57a9db372f20','evin.az','Evin.az daşınmaz əmlak bazarına yeniliklərlə daxil olan mənzil alqı-satqısı portalıdır. Şirkətimiz 2020-ci ildə təsis olunmuşdur. Bazarda yeni olmağımıza baxmayaraq, istifadəçilərimizə geniş əmlak bazası təqdim edirik. \r\nƏsas üstünlüyümüz unikal təkliflərimizdir. Bu unikallığı həm istifadə etdiyimiz texnologiyada, həm də biznes modelimizdə göstəririk. Evin.az sadəcə onlayn alqı-satqı platforması deyil. Xidmətlərimiz içərisində ənənəvi əmlak agentliyi formasında makler xidməti də mövcuddur. \r\nŞirkət olaraq əsas missiyamız müştərilərimizin mənzil alqı-satqı proseslərini rahat və sürətli edərək, tərəflərin sərfəli sövdələşməsinə şərait yaratmaqdır. Vizyonumuz həm bazarda etibarlı brendə çevrilmək, həm də maklerlər və mülkiyyətçilər ilə ev alıcıları arasında körpü rolunu oynamaqdır.','1674126405.jpg','Azərbaycan, Bakı şəhəri, 79 Təbriz küçəsi.',1,0,1,'2023-01-19 08:06:45','2023-01-19 08:09:13',NULL),(65,'Metal Ve Yapi Sistemleri','MetalYapi','nata.ibrahimova@metalyapi.com','d966efee6d7e03530a09701ae2a4d69d','metalyapi.com','As an international industry leader with a capacity of 300,000 m2/year of facade and 20,000 tons of steel and more than 1000 projects deployed successfully in 4 continents, we are commited to reach our goal to be the best facade company of the world by the year 2023.','1674126956.jpg','Baku city, Khatai region, Babek avenue ,Aladdin Guliyev 11/31,',1,0,1,'2023-01-19 08:15:56','2023-01-19 08:19:35',NULL),(66,'Aik company','Aikcompany','office@aik-az.com','feef66530a4e65b55d65e591234af31e','http://aik-az.com/','Yarandığı gündən bu günə qədər kompaniyamız ticarət və məişət xidmətləri sferasının sahələri ilham-aliyev-aik-az(super – marketlər, restoranlar, kafelər, mehmanxanalar, tibb mərkəzləri, müxtəlif əyləncə mərkəzləri və.s ) üçün nəzərdə tutulmuş avadanlıqların istehsalı, satışı, habelə idxalı və ixracı, müxtəlif servislər göstərməklə fəaliyyət göstərir. Eyni zamanda şirkətimizdə inşaat materialları, həmçinin təbii kirəmit dam örtükləri, tikinti müəssisələrində və müxtəlif istehsal sahələrində fəaliyyət göstərən istehsalçıların məhsullarının qablaşdırılmasında istifadəsi üçün böyük əhəmiyyəti olan penoplast istehsal olunur.Onuda qeyd edək ki,şirkət nəinki Azərbaycanda, hətta Zaqafqaziya və Şimali Qafqaz ərazisində yeganə penoplast istehsalçısı olmaqla yaxın qonşu dövlətlərə də həmin məhsulu ixrac edir.','1674128121.jpg','Bakı şəhər, Mirəli Qaşqay küçəsi, 88A.',1,0,1,'2023-01-19 08:35:21','2023-01-19 08:37:59',NULL),(67,'SAFE SEASON MMC','SAFESEASON','office@safeseason.az','cc027f04680fe733637a3769dc586ed6','safeseason.az','SAFE SEASON MMC - şirkəti Uniformaların və Fərdi qorunma vasitələrin satışı ilə məşguldur. Uzun müddətli təcrübəyə əsasən şirkətimiz Azərbycan bazarında Lider mövqəyinə sahibdir.\r\nBizim Şirkət Yerli və Xarici Brend Uniformalarin, Fərdi Qorunma Vasitələrinin - Mühəndis və İşçi Geyimləri, Kombinezon, Gödəkçə, Şalvar, Çəkmə, Polo Köynək,T-shirt, Qış Gödəkçələri, Jilet, Kepka, Təhlükəsizlik aksessuarları, Dəbilqə, Ayaqqabı, Eynək, Respirator, Əlcək ve bir çox alətlərin çeşidinə sahibdir.\r\nŞirkətin əsas üstünlüyü ondan ibarətdir ki, məhsulların keyfiyyətli olması və tələb olunan standartlara cavab verən geniş çeşidinə malikdir.\r\nBizim şirkətin öncəliyi ondan ibarətdir ki, keyfiyyətli məhsulları müştərilərimizə tədarük edib, onların iş zamanı təhlükəsizliyini təmin edək.','1674129173.jpg','Ak, 74 Hasan Aliyev St, Baku 1110',1,0,1,'2023-01-19 08:52:53','2023-01-19 08:56:05',NULL),(68,'OfisAz','OfisAz','info@ofis.az','12a5130ee05ba6b5f3fa871ffeca991d','ofis.az','Məqsədimiz alan şəxsin satan şəxsdən daha qazanclı olmasıdır.','1674129822.jpg','Bakı şəhəri.',1,0,1,'2023-01-19 09:03:42','2023-01-19 09:06:08',NULL),(69,'MMV Group','MMVGroup','vusalhagverdiyev@uber.az','c522f4c5c261e0a5e156ca321c259c28','https://mmv-group.com.ua/','MMV-Group — все для приватних господарств\r\n\r\nПропонуємо великий вибір товарів для саду, будинку, городу і господарських потреб за найпривабливішими оптовими і роздрібними цінами. Детальніше: https://mmv-group.com.ua/ua/about_us','1674130340.jpg','Bakı şəhəri.',1,0,1,'2023-01-19 09:12:20','2023-01-19 09:58:32',NULL),(70,'DENTAL LAB','DENTALLAB','VKHANKISHIYEV@GMAIL.COM','2c611cefdef9b184b863151f6c14a3f0','VKHANKISHIYEV@GMAIL.COM','Diş klinikası','1674130736.jpg','Həsən Əliyev 3c',1,0,1,'2023-01-19 09:18:56','2023-01-19 09:58:34',NULL),(71,'M.D.M. MMC','MDMMMC','info@mdm-az.com','4179790010d6a57c3021cce296562945','info@mdm-az.com','Yaşayış, ictimai, sənaye binaları və qurğularının tikintisi və ya bərpası üçün işçi cizgilərinin hazırlanması','1674131133.jpg','2 Həsən bəy Zərdabi, Bakı 1009',1,0,1,'2023-01-19 09:25:33','2023-01-19 09:58:36',NULL),(72,'Encom Construction','EncomC','office@encom.az','559ade7922112eac28d5de7132955a7b','encom.az','“ENCOM Construction” tikinti şirkəti inzibati binaların, betonolit konstruksiyalar və dəmir konstruksiyalar, mikrotunel, mühəndis şəbəkələri və kommunikasiyaları sahəsindəki, mərkəzləşdirilmiş havalandırma və ventilyasiya sistemləri layihələri üzrə 11 il aktiv fəaliyyəti ərzində, peşəkar kadr və yüksək texniki tikinti və xüsusi texnika bazasına, habelə, Bakı və ətrafındakı şəhərlərdə üç ədəd istehsalat bazasına malik olan böyük tikinti trestinə çevrilmişdir. Qabaqcıl texnologiyalar və minimal müddət ərzindəmürəkkəb tikinti tapşırıqlarının effektiv mühəndis həlləri daima Şirkət rəhbərliyi üçün strateji prioritet olmuşdur.','1674131530.png','Bakı ş. Nərimanov ra. Nəcəf Nərimanov 5c',1,0,1,'2023-01-19 09:32:10','2023-01-19 09:58:37',NULL),(73,'ZİEL FARMA','ZİELFARMA','zielpharma@gmail.com','f36fa12af5b2de7b996b9e8cc5ee50cd','zielpharma@gmail.com','Tibbi vəsaitlər','1674131932.png','Bakı şəh., N.Nərimanov, Həsənoğlu 12',1,0,1,'2023-01-19 09:38:52','2023-01-19 09:58:38',NULL),(74,'Mixtech','Mixtech','service001AZ@mixtech.biz','1e327f4f650f7bdd3cbf7953b176407a','mixtech.biz','mixtech','1674133460.png','Xətai m/s-nın yaxınlığı, Qazaxıstan səfirliyi ilə üzbəüz',1,0,1,'2023-01-19 10:04:20','2023-01-19 10:24:41',NULL),(75,'Stimulworkcenter','Stimulworkcenter','hr@stimulwc.com','5cbd3b26dec4a609f205f5eff58b275c','hr@stimulwc.com','mağaza','1674133744.jpg','Вагифа Мустафазаде 6/10 Bakı, 1000',1,0,1,'2023-01-19 10:09:04','2023-01-19 10:24:45',NULL),(76,'Life Tech','LifeTech','info@lifetech.az','357bbfac720319ef284d61ec2d7bb4b2','lifetech.az','LİFE TECH ROS sizə layiq olan ən yaxşı məhsullarını əminliklə təklif edir.\r\nTəmiz və şirin su amili bu gün dünyanın diqqət mərkəzindədir. Bunun üçün dünyanın aparıcı şirkətləri insalara su təmizləyici vasitələri məsləhət görürlər. Lakin bu işdə də peşəkarlara güvənməli, ən yaxşı və keyfiyyətli su təmizləyicilərindən istifadə edilməlidir. Su təmizləmə sistemlərinin etibarlılığı isə əsas şərtdir.\r\nSu təmizləmə sistemlərinin dizaynı, yüksək ixtisaslı kadrların fəaliyyəti həm fərdi istehlakçılara (mənzil, bağl evləri və s.) həm də korporativ müştərilərə (kənd təsərrufatı, tibb müəssisələri, istehsal sahələri və s.) təmiz su təminatı ilə bağlı yaranan istənilən məsələni həll etməyə zəmanət verir. Su filterlərinin çeşidli olması müştəriyə onun imkanı daxilində olan bir modeli seçməyə fürsət yaradır.\r\nSiz evlər, mənzillər, ofislər, biznes mərkəzləri, ictimai iaşə (kafelər, restoranlar) və yaşayış obyektləri üçün müxtəlif filterlər seçə bilərsiniz.\r\nŞirkətimiz Türkiyə, Almaniya istehsalı olan keyfiyyətli Su Təmizləmə Filterlərini Sizə təklif edir. Satılan bütün su filterlərinin beynəlxalq və yerli sertifikatları mövcuddur','1674134144.png','Nərimanov rayonu, Əhməd Rəcəbli küçəsi 2/30',1,0,1,'2023-01-19 10:15:44','2023-01-19 10:24:47',NULL),(77,'FRESH Catering','FRESHCatering','hr@freshcatering.az','39109695e789042975dd48a67f74685e','hr@freshcatering.az','restoran','1674134556.png','Səbail rayonu, Neftçilər prospekti, 153 AZ1000',1,0,1,'2023-01-19 10:22:36','2023-01-19 10:24:40',NULL),(78,'Beat Group','BeatGroup','info@beat.az','7b6e29ab98a6d9f35f260b4caab5af13','beat.az','Beat Group restoranlar şəbəkəsi gördüyü işə vurğun olan böyük və mehriban ailədir. Şəbəkəmizə daxil olan restoranlar üslub və atmosfer ilə seçilir, lakin onları birləşdirən rahatlıq, qonaqpərvərlik və ustalıqla hazırlanan yeməklərdir.','1674135970.jpg','Səməd Vurğun küç. 25 Baku Residence, 3-cü mərtəbə',1,0,1,'2023-01-19 10:46:10','2023-01-19 10:48:29',NULL),(79,'Lamare MMC','Lamare','office@lamare.az','a4aaf789cf5e9578fdf6f4e1b81c16bc','lamare.az','Geyim mağazası','1674137112.jpg','Suleyman Rüstəm küç. 37 Bakı, Azərbaycan',1,0,1,'2023-01-19 11:05:12','2023-01-19 11:13:36',NULL),(80,'My House','MyHouse','info@myhouse.az','5a67b89b8f3ebede12156672ee88fd5e','myhouse.az','Daşınmaz Əmlak bazarında böyük təcrübəyə malik olan “My House” şirkəti 2012-ci ildən fəaliyyətə başlamışdır, və qısa bir müddət ərzində, müştərilərinin etibarını qazanaraq lider şirkətlərdən birinə çevrilmişdir. Agentliyimiz daim yenilənən məlumat bazasına malikdir. Bu bazaya şəhərin istənilən ərazisində istər təzə istərsə də köhnə tikili binalarda yerləşən mənzillər, istənilən növ fəaliyyət üçün yararlı olan obyektlər, villalar, bağ evləri və daşınmaz əmlakın digər növləri daxildir.\r\n\r\nƏmlakınızı bizim şirkətə etibar etsəniz heç vaxt yanılmarsınız. Çünki məhz bizim şirkət sizin əmlakınızın satışını və yaxud icarəsini ən qısa müddət ərzində, sizə uyğun olan ən sərfəli şərtlər ilə və ən əsası hüquqi cəhətdən düzgün qaydada həyata keçirəcək. \r\n\"MY HOUSE\" şirkəti müştərilərinə tikinti, təmir, dizayn, alqı-satqı, təmizlik və internet resursu olan www.evimiz.az  - daşınmaz əmlak platforması kimi sferalarda xidmət göstərməkdədir.','1674455958.png','Baku, Azerbaijan, Həsən Məcidov 7',1,0,1,'2023-01-23 03:39:18','2023-01-23 05:12:23',NULL),(81,'Novatech LTD','Novatech','info@novatech.az','c3eb0d80560415dbe40ff24f11a41473','novatechfx.com','Avto ehtiyat hisseleri','1674456790.jpg','Babək prospekti Avto detalın arxası.',1,0,1,'2023-01-23 03:49:29','2023-01-31 06:23:00',NULL),(82,'AH GROUP','AHGROUP','ofis.roya@gmail.com','d7d832844841dc2715f61aa77a5f127d','ofis.roya@gmail.com','Qadin və kişi qeyimi Mebel salonu Şirniyyat magazalar - Avtosalon.','1674457439.jpg','Bakı, Binəqədi rayonu, Həmzə Babaşov küçəsi',1,0,1,'2023-01-23 04:03:59','2023-01-23 05:12:30',NULL),(83,'RSİR GROUP','RSİRGROUP','rsirgroup@rsirgroup.az','6b2e73b338cd96fec2dd5fc4dd603cfa','rsirgroup@rsirgroup.az','işə düzəlmə agentliyi','1674457958.jpg','Bakı ş., Səbail r-nu, Nizami küç., 69',1,0,1,'2023-01-23 04:12:38','2023-01-23 05:12:33',NULL),(84,'Bakı Abadlıq Xidməti','BakıAbadlıqXidməti','contact@bms.az','5129c60fcad7c70eb1cbc6101a5c3b4e','bms.az','Bakı Abadlıq Xidməti (Baku Maintenance Service) 2008-ci ildən öz sahəsində ən yaxşı yaşıllaşdırma, abadlaşdırma, əraziyə qulluq, fasadların təmiri və parkların tikintisi xidmətlərini təqdim edir. Biz həmçinin, ərazinin təmizlənməsi, binanın fasadının yuyulması və s. təmizlik xidmətlərinin göstərilməsi üzrə ixtisaslaşmışıq. Bizim peşəkar və məsuliyyətli menecerlər və bağbanlar komandası müştərilərimizə xidmət göstərmək üçün öz bilik, təcrübə və qabaqcıl texnologiyalardan istifadə edir. Layihələrimizi sabit keyfiyyətlə həyata keçiririk.','1674459182.png','Bakı şəhəri.',1,0,1,'2023-01-23 04:33:02','2023-01-23 04:33:02',NULL),(85,'Media PR','MediaPR','cv@xalmediapr.az','1474952b63c3b946be91b580cf9a165b','cv@xalmediapr.az','marketing','1674459898.jpg','Sumqayıt şəhəri',1,0,1,'2023-01-23 04:44:58','2023-01-23 05:12:16',NULL),(86,'My Kuryer MMC','MyKuryer','info@mykuryer.az','8806a9063fa3c3980de52577add4f972','mykuryer.az','çatdırılma xidməti','1674460432.png','8 Mehdi Mehdizadə küç., Bakı',1,0,1,'2023-01-23 04:53:52','2023-01-23 05:12:17',NULL),(87,'ViaSilkRoad Travel','ViaSilkRoadTravel','info@viasilkroad.travel','f9244fdbafd3a3a1fdf94de03e415264','evintra.com','EVINTRA provides an ever-growing global MICE & Tourism directory which spans over 180 countries, comprised of 200.000+ MICE Industry professionals, including 55.000+ buyers. Aiming to drive digital revolution in the MICE & Tourism industry, we have created a one of a kind directory where buyers and suppliers from around the world can find each other directly. EVINTRA does not only increases exposure for suppliers but also makes information readily available to buyers','1674461004.jpg','Bakı şəhəri. nizami ms.',1,0,1,'2023-01-23 05:03:24','2023-01-23 05:12:18',NULL),(88,'General Construction LLC','GeneralConstruction','info@generalconstruction.az','13b376ff673ed8c4ce6177f9f09b652b','generalconstruction.az','Yaşadığımız dövrdə avtomatikanın sürətlə inkşaf etdiyini görürük və artıq qapılarımızı avtomatik olmadan təsəvvür edə bilmirik. Təbii ki, hamımız etibarlı şirkət axtarışındayıq. Məhz bunun üçün artıq uzun ilərdir ki, biz sizin xidmətinizdəyik. Niyə məhz General Construction? İlk olaraq, General Construction avtomatik qapılar və avotmatik giriş sistemləri şirkəti kimi şirkətin direktoru Memar Əli Habil oğlu İsmayılzadə tərəfindən yaradılmışdır. İlk olaraq, əsas məqsəd avtomatik qapılar və giriş sistemlərinin avtomatlaşdırılması sahəsində lider olan Avropanın qabaqcıl şirkətlərinin məhsullarını Azərbaycanda satışını həyata keçirmək idi. Dövrün, texnlogiyanın və müştərilərin tələblərini nəzərə alaraq, şirkətimiz böyüyərək bir neçə sahəyə ayrıldı, daha sonra lift və esakalatorların, alüminium profil sistemlərinin, təhlükəsizlik sistemlərinin, tent sistemlərinin, dəmir və alüminium darvazalarının satışına, quraşdırılmasına və texniki xidmətinə başladı. Hazırda General Construction sürətlə inkşaf edərək, bir sıra aparıcı şirkətlər ilə əməkdaşlıq edən bir şirkətə çevrilmişdir.','1674461419.png','Əliəşrəf Əlizadə 61 , Nərimanov r.,Bakı, Azərbaycan',1,0,1,'2023-01-23 05:10:19','2023-01-23 05:12:19',NULL),(89,'Gorizont','Gorizont','tabriz.mammadaliyev@gmail.com','a7560b677b61835faa47e49edfbda7b9','gorizont.az','mebel fabriki','1674461879.png','129-92 Həsən Əliyev Küçəsi, Bakı',1,0,1,'2023-01-23 05:17:59','2023-01-23 05:44:34',NULL),(90,'West Product Marketing MMC','WestProductMarketing','cv@wpm.az','dc397a8cf2f552431139f6efaaf3581c','http://wpm.az/','\"Vest Produkt Marketinq\" MMC 2003-cü ildən etibarən fəaliyyət göstərir və Azərbaycanda ən böyük distribyutor şirkətlərdən biridir.\r\nŞirkət Yeni Zelandiyanın \"Westland Milk Products\" , Fransanın \"Flechard S.A.S\" , Almaniyanın \"DMK Deutsches Milchkontor GmbH\" və Ukraynanın \"Kernel Group\" şirkətlərinin rəsmi nümayəndəsidir.\r\nŞirkətimiz: WESTGOLD, GOLDEN CROWN, WESTPRO, FRENCH COW, GERDA və OLDENBURGER markalı ekoloji təmiz, təbii inək südündən hazırlanmış kərə yağları, SUN PALERMO markalı tam təbii günəbaxan yağları və OLDENBURGER markalı Gouda və Tilsit pendirlərinin idxalı və satışı ilə bazarda lider şirkətlərdən biridir.\r\nMəhsullarımız yüksək keyfiyyət göstəricilərinə görə bütün beynəlxalq standartlara cavab verir. HALAL və KOSHER sertifikatları mövcuddur.\r\nBütün məhsullarımız müvafiq olaraq aşağıdakı ölkələrdə istehsal olunur və qablaşdırılır:\r\nYENI ZELANDIYA (WESTGOLD, GOLDEN CROWN, WESTPRO)\r\nFRANSA (FRENCH COW)\r\nALMANIYA(GERDA,OLDENBURGER)\r\nUKRAYNADA(SUN PALERMO)\r\nTÜRKIYƏDƏ(ARBELLA,ÖNCÜ,MAROLI)','1674462858.jpg','Azərbaycan Respublikası. Bakı şəhəri. Nərimanov rayonu Nəcəf Nərimanov küç. 5C',1,0,1,'2023-01-23 05:34:18','2023-01-23 05:44:35',NULL),(91,'ICEBERG AQUA MMC','ICEBERGAQUA','info@icebergaqua.az','eca489c04845b5fbc99d7575f6fc96b4','https://www.icebergaqua.az/','“Iceberg Aqua Treatment” MMC – nin əsası 2012-ci ildə qoyulmuşdur. Şirkətin əsas fəaliyyət istiqamətləri fərdi yaşayış evləri, sənaye sahələri üçün su təmizləmə sistemlərinin quraşdırılması və servisidir. Bundan əlavə hovuz, baseyn tikintisi və baxımı xidmətləri də şirkətin fəaliyyət sferasına daxil edilmişdir.','1674463935.jpg','Süleyman Sani Axundov 3B',1,0,1,'2023-01-23 05:52:15','2023-01-23 05:55:35',NULL),(92,'STORM BUILDING MMC','STORMBUILDING','storm.buildingcv@bk.ru','d3ed74c5347e771e124e226bf16caf2a','storm.buildingcv@bk.ru','STORM BUILDING MMC','1674464388.jpg','Cəfər Cabbarlı 44, Caspian Plaza 3',1,0,1,'2023-01-23 05:59:48','2023-01-23 06:57:31',NULL),(93,'Grand Hayat Management','GrandHayatManagement','grandhayat@yenihayat.az','481631a522737020d12962a8e677c1c7','http://grandhayat.az/','Yeni Hayat Şirkətlər Qrupu MMC 2002-ci ildən fəaliyyətə başlayaraq yeni layihələrə uğurlu imzasını atmış ən qabaqcıl şirkətlərdən biridir. Şirkət öz fəaliyyətinə ilk olaraq inşaat sahəsindən başlamışdır.\r\nBugün Azərbaycan inşaat sektorunun ən öncül və yenilikçi şirkətlərdən biri də Yeni Hayat Şirkətlər Qrupudur. Azərbaycanda ilk dəfə yaşayış və biznes sahəsini eyni kompleksdə yerləşdirərək “komplekslilik” anlayışına fərqlilik qatan Yeni Hayat Şirkətlər Qrupu tək bununla kifayətlənməmişdir və digər layihələrində insanların gündəlik ehtiyaclarını, istirahət, təhsil, sağlamlıq kimi zəruri tələblərini qarşılayacaq xidmətləri bir kompleksdə yerləşdirməklə “komplekslilik” anlayışına hər layihəsində daha geniş yer vermişdi. \r\nŞirkətin təməlində və əsasında duran, keyfiyyət, müasir dizayn, innovativlik kimi dəyərlər ərsəyə gətirdiyi bütün layihələrdə, fəaliyyət sahəsindən asılı olmayaraq bütün işlərində tətbiq olunur və dövrün, eləcə də müştərilərin tələblərinə uyğun olaraq inkişaf etdirilir.','1674468330.jpg','Tbilisi pr., 1054',1,0,1,'2023-01-23 07:05:30','2023-01-23 07:08:00',NULL),(94,'RZAN MMC','RZANMMC','info@rzan.az','26a7d3b22592e47f17e459192b4bdc44','rzan.az','Asfalt,beton zavodların montajı, texniki xidməti və ehtiyyat hissələrinin təmin edilməsi\r\nSənaye avadanlıqlarına (asfalt,beton zavod) proqram təminatının yazılımı\r\nAvtomobil tərəziləri\r\nVagon tərəziləri\r\nOperatorsuz tərəzi sistemləri\r\nPlatform tipli tərəzilər\r\nSənaye avadanlıqlarında istifadə edilən tərəzilər\r\nDinamik çəki sistemləri.\r\nDozator tərəziləri','1674468743.jpg','Bakı şəh., Qaradağ ray., Lökbatan qəsəbəsi',1,0,1,'2023-01-23 07:12:23','2023-01-23 07:14:45',NULL),(95,'Ayan MMC','AyanMMC','info@ayan-az.com','3a546b7143463ca7e2d60b159da447db','https://www.ayanltd.az/','Azərbaycan Respublikasının prezidenti Cənab İlham Əliyev tərəfindən həyata keçirilən bir sıra işlərin nəticəsi olaraq Azərbaycanda sahibkarlığın inkişafı üçün kifayət qədər əlverişli şərait yaradılmışdır.  Buna parlaq misal olaraq 2005-ci ildə yaradılmış “Ayan” Məhdud Məsuliyyətli Cəmiyyəti göstərmək olar.\r\n“Ayan”MMC-nin yaradılmasında əsas məqsəd dünya standartlarına cavab verən yüksək keyfiyyətli məhsulların istehsalı, onun daxili və xarici bazarda yayılmasını təşkil etməkdir.Şirkətdə dünya standartlarına cavab verən texnoloji avadanlıq quraşdırılıb. Burada istehsal olunan məhsullara ciddi nəzarət vardır. Şirkətimizdə tətbiq olunan beynəlxalq ISO 9000 və ISO 22000 sistemlərinin tətbiqi buna bariz nümunədir.\r\nŞirkət onun modernizasiyası üçün tədbirlər həyata keçirərək məhsulların dizaynını və qablaşdırmasını, estetik görünüşünü yeniləşdirərək istehsalın həcmini artırır.\r\n“Ayan” MMC istehsal olunan yüksək keyfiyyətli məhsulların eksportu sahəsində də uğurla fəaliyyət göstərir.  Şirkət fəaliyyət göstərdiyi müddət ərzində böyük istehsalçı şirkətlərlə uğurlu əməkdaşlıq sahəsində böqük təcrübə qazanıb. Hal-hazırda şirkətimiz alıcılara qida məhsullaırının böyük seçimini təqdim etməyə hazırdır.','1674469681.jpg','Azərbaycan, AZ1010, Bakı şəh.., M.Qaşqay,küc 7',1,0,1,'2023-01-23 07:28:01','2023-01-23 07:34:02',NULL),(96,'Netcon','Netcon','cv@netgroup.az','a5954acfc5d6eba7598806990d71207f','cv@netgroup.az','etcon şirkətinin əsas fəaliyyət istiqaməti təmir, tikinti və dizayn işləridir. Şirkət quruluşundan indiyədək çox sayda müxtəlif istiqamətdə çalışmışdır.','1674470971.png','Bakı şəhəri.',1,0,1,'2023-01-23 07:49:31','2023-01-23 07:58:35',NULL),(97,'CREA','CREAMMC','info@crea.az','69f04049ef75323675b040ceb74f6ced','crea.az','Restoran, hotel idarəetmə sistemləri, pərakəndə və topdan satış, tekstil istehsalat ERP (Korporativ Resurs Planlama) proqramlarının tətbiqi və konsaltinq xidmətləri.','1674471997.png','Əhməd Rəcəbli 219 Bakı, Azərbaycan',1,0,1,'2023-01-23 08:06:37','2023-01-23 08:21:14',NULL),(98,'PilatesLife','“PilatesLife” MMC','team@pilateslife.az','7e132345cbaf70d7a2eeb0449df6df74','pilateslife.az','PilatesLife studiyası 2 iyun 2017-ci il tarixində əkiz bacılar Aysel Babayeva və Nailə Abdulzadə tərəfindən yaradılmışdır. Studiya, artıq çəki ilə mübarizə aparan, müxtəlif dayaq-hərəkər xəstəliklərindən əziyyət çəkən və sadəcə sağlam həyat tərzi sürən vətəndaşlarımız və şəhərimizin qonaqları arasında rəğbət qazanmağa nail olmuşdur. Ən vacib hadisələrdən biri studiyanın genişləndirilməsi nəticəsində bir pilates studiyasında çalışan məşqçilərin sayına görə Avropa və MDB məkanında PilatesLife studiyası ən böyük studiya oldu. PilatesLife studiyasının əməkdaşları çoxlu sayda müxtəlif treninqlərdən, o cümlədən ilk yardım göstərilməsi treningindən, skoliozda pilates, doğuşdan sonra bərpa və uşaqlar üçün pilates treninglərindən keçərək öz peşəkarlıq səviyyələrini əhəmiyyətli dərəcədə artırmışlar. Gərgin əməkdən sonra şirkət, malların və xidmətlərin Beynəlxalq təsnifatında PilatesLife® əmtəə nişanı qeydiyyatının təsdiqini almışdır.','1674472619.png','küç. Səməd Vurğun 34, AF MALL, 4-cü mərtəbə.',1,0,1,'2023-01-23 08:16:59','2023-01-23 08:21:15',NULL),(99,'Mizalle','Mizalle','baku@mizalle.com','d705f1f9ab15eb42664f7146457039de','mizalle.com','Tekstil firması','1674473077.png','Bakü, Sabarail Rayon, Nizami S, Ev 6 Fevvareker Meydanı, Bakı',1,0,1,'2023-01-23 08:24:37','2023-01-23 08:27:52',NULL),(100,'Appro Laboratories','ApproLaboratories','info@approlab.az','49e87bc39927e676b19a91850d8662c5','approlab.az','Laborator müayinə diaqnozun qoyulmasında çox önəmli yer tutur. Laboratoriya diaqnostikası diaqnozun tez və düzgün təyin edilməsində həkimə yaxından kömək göstərməklə bərabər müalicənin təsirinin izlənilməsini təmin edir. Elm və müasir texnologiyanın inkişafı bu prosesi daha da sürətləndirir.\r\nDəqiq diaqnoz düzgün müalicənin təməlidir!\r\n2021-ci ildə fəaliyyətə başlamış laboratoriyamız beynəlxalq keyfiyyət standartlarına uyğun qurulmuşdur. Belə ki laboratoriya tam yeni və müasir cihazlarla təchiz olunmuşdur. Cihazlarımız tam avtomatlaşdırılmış sistemlə çalışır. Bu cihazlar sürətli və dəqiq işləməklə qısa bir zaman ərzində çox sayda nümunə müayinə etməyə imkan yaradır. Xarici və daxili kontrollar sayəsində cihazların dəqiq və keyfiyyətli işləməsinə nəzarət olunur. Laboratoriyamız tezliklə şəbəkə sistemi formasında fəaliyyət göstərəcək. Nümünə vermək üçün uzaq məsafələrə zaman sərf etməyinizə gərək qalmayacaq. Artıq sizə ən yaxın APPRO LABORATORIES məntəqəsinə yaxınlaşaraq nümunələrinizi verə biləcəksiniz. Müayinə olunmus nümunələrin cavabları ixtisaslaşmış və təcrübəli həkimlər tərəfindən təsdiq olunur. Nəticələri heç bir yerə getmədən sizə təqdim olunmuş şifrəli kod vasitəsilə onlayn şəkildə əldə edə biləcəksiniz. Biz sizin sağlamlığınızı və rahatlığınızı düşünürük.','1674473685.png','Abbas Səhhət küç ev 54A Baku, 1005',1,0,1,'2023-01-23 08:34:45','2023-01-23 08:45:14',NULL),(101,'Odontos LTD','Odontos','hr@odontos.az','c272e51fa79b6f5e5cc82a36f6f4febe','hr@odontos.az','Stomatoloji Avadanlıqların sərfəli satışı. Geniş seçim imkanı','1674474194.jpg','50C Məmməd Araz, Bakı',1,0,1,'2023-01-23 08:43:14','2023-01-23 08:45:15',NULL),(102,'Colibri Express MMC','ColibriExpress','info@colibri.az','f3cd3c2c5c605c3d038b8c55dcae150a','colibri.az','Colibri Express MMC beynəlxalq sürətli poçtdaşıma və kuryer şirkətidir.\r\nColibri Express MMC- 2018-ci ildən fəaliyyətə başlamışdır. Bakı şəhərində yerləşən  ofisdə təhvil verilməklə yanaşı Azərbaycanın bütün  bölgələrinə bağlamların çatdırılmalarını həyata keçirir.\r\nColibri Express fiziki və hüquqi şəxlərin onlayn satış platformalarından edilən sifarişlərini və şəxsi yüklərini xaricdən Azərbaycana daşınmasını həyata keçirir.\r\nColibri Express MMC-nin, hazırda Amerika Birləşmiş Ştatları, Türkiyə, Almaniya və İngiltərə fəaliyyət göstərən anbarlarına Azərbaycan Respublikasının qanunvericiliyinə əsasən ölkəyə gətirilməsi qadağan edilməmiş hər növ məhsullar göndərilə bilər.\r\nMövcüd olan xarici anbarlardan bağlamalar ən qısa müddətdə Azərbaycana çatdırılır.','1674474590.png','Azərbaycan, Bakı, Dilarə Əliyeva küç., 251, AZ 1014',1,0,1,'2023-01-23 08:49:50','2023-01-23 08:51:44',NULL),(103,'Fenix Travel Agency','FenixTravelAgency','fenixtravelbaku@gmail.com','dcc9e213eab3722217bd44772efc55cc','fenixtravelbaku@gmail.com','turizm şirkəti','1674475660.jpg','Mərdanov qardaşları, Bakı 1000',1,0,1,'2023-01-23 09:07:40','2023-01-23 09:09:45',NULL),(104,'Smile MMC','SmileMMC','office@smile-az.com','70eab7e372f94593b36acba2e58213a0','smile-az.com','Biz əməkdaşlığımızı qarşılıqlı inam əsasında qururuq və hər bir müştərimizə fərdi olaraq yanaşırıq və eyni zamanda bir komanda\r\nkimi çalışırıq.\r\n\r\nMəhz buna görə də həmişə uğur əldə edərək irəli addım atırıq. Şirkətimizin məqsədi müştərilərin bizdən hər zaman məmnun\r\nqalmasıdır!','1674476152.jpg','Bakı, Məmməd Əfəndiyev küç, 2',1,0,1,'2023-01-23 09:15:52','2023-01-23 09:17:41',NULL),(105,'Best Tech MMC','BestTech','info@besttech.az','652b65f72dcff957aa8e746d4d5a2a25','besttech.az','“Best Tech” MMC 2018-ci ildən Azərbaycan bazarında fəaliyyət göstərir və IT sferasında geniş təcrübəyə malik olmaqla, bu sahədə özünəməxsus yer tutur. Şirkətimiz Türkiyənin ən böyük toner və kartric istehsalçısı olan “İPM Toner”-in (Kirec ve Tugla Kimya San A.S) Azərbaycan üzrə rəsmi distribyuteri və tərəfdaşıdır.\r\n\r\nTəcrübəli və yüksək ixtisaslı komandamızla müştərilərimizə hər zaman operativ və keyfiyyətli xidmətlər göstərmək, həmçinin Beynəlxalq ISO Standartlarına cavab verən məhsullar təqdim etmək şirkətimizin təməl prinsiplərindəndir.\r\n\r\nŞirkət olaraq bir çox Dövlət satınalmaları müsabiqələrində - Tender və Kotirovkalarda qalib gələrək, uğurla müxtəlif idarələrə, həmçinin özəl qurumlara xidmət göstərməkdəyik','1674476802.jpg','D. Əliyeva 243A, Nəsimi r., Bakı',1,0,1,'2023-01-23 09:26:42','2023-01-23 10:26:15',NULL),(106,'Eld-Art','EldArt','eldar@eld-art.az','986ed631988d70c6b91899e109164816','eldar@eld-art.az','Eld-Art dizayn studiyası , Baki, Azərbaycan, Memarlıq və layihələndirmə, İnşaat və təmir və s.','1674477171.jpg','Bakı şəhəri.',1,0,1,'2023-01-23 09:32:51','2023-01-23 10:26:18',NULL),(107,'Papa John\'s Azerbaijan','PapaJohn\'sAzerbaijan','hr@papajohns.az','4dbccce411d323bafe15dde9d427a728','papajhons.az','Daha yaxşı inqrediyentlər. Daha yaxşı pizza.\r\n\r\n1984 cü ildə “Papa John\'s” öz qapılarını bu məqsədi hədəf alaraq açdı: Daha dadlı pizza. Biz bilirdik ki, tərkib hissələrini (inqrediyentləri) daha keyfiyyətli etməklə, daha dadlı pizza əldə edəcəyik. “Daha keyfiyyətli tərkib hissələrindən (inqrediyentlərdən) ibarət daha dadlı pizza.” Həmin məqsədimiz və həmin vədimiz bu gün də aktualdır.\r\n\r\nTəməl inancımız çox sadədir: işçilərin qayğısına qalmaq və işlərini görməsi üçün onları ən yaxşı vasitələrlə təmin etməkdir, bu zaman daha yüksək keyfiyyətə malik pizza əldə etmək mümkündür. Bizi bu işi görməyə şövq edən amil də budur və elə bu səbəbdən daha keyfiyyətli pizza çatdırmaq və daha üstün xidmət göstərmək üçün bu sənayedə bir çox digər şirkətlərdən daha çox vəsait sərf edirik.\r\n\r\nBizim məhsullarımızın tərkib hissələri (inqrediyentləri) haqqında nə qədər çox bilirsinizsə, pizza seçiminiz barədə bir o qədər çox məlumatlı olacaqsınız. Tərkib hissələri (inqrediyentlər) haqqında hər hansı bir sualınız varsa, bizimlə telefon vasitəsi ilə (*7272) və ya sosial mediadakı rəsmi səhifələrimizdə əlaqə saxlaya bilərsiniz.','1674477975.png','Bakı şəhəri.',1,0,1,'2023-01-23 09:46:15','2023-01-23 10:26:20',NULL),(108,'Antaris MMC','Antaris','info@antaris.az','11b9b969b5f53300776328ca8f814414','antaris.az','Antaris QSC – ofis və layihə təchizatında Azərbaycan bazarının lider şirkətlərindəndir. Çeşidə: dəftərxana, məişət ləvazimatları, qida, mebel, seyf, dolab, ofis üçün İT avadanlıq ilə yanaşı reklam istehsalı, poliqrafiya xidmətləri, və promosyon məhsulları daxildir. Digər fəaliyyət növü isə fərdi vətəndaşalr üçün – məktəb və yaradıcılıq ləvazimatlarının topdan və pərakəndə satışıdır.','1674478878.png','AZ1005, Nigar Rəfibəyli küçəsi 16, Bakı, Azərbaycan',1,0,1,'2023-01-23 10:01:18','2023-01-23 10:26:21',NULL),(109,'Manzara','Manzara','manzarabaku@gmail.com','13ccc55b0f7bc5a46e21a3ddd7e921e1','manzarabaku','Restorana','1674479410.jpg','Dağüstü Park, Lermontov, Baku 1000',1,0,1,'2023-01-23 10:10:10','2023-01-23 10:26:24',NULL),(110,'Lib education','Libeducation','info@lib-school.az','f3ae0719db0bec4c1c91eaaf20198705','lib-school.az','LIB Dil Mərkəzi ilə maraqlandığınız üçün Sizə təşəkkürümüzü bildiririk! Biz Azərbaycanda ilk olmadıq, amma FƏRQ olduq.\r\n\r\nBiz dilin inkişafını seçdik, çünki dil beyni ən güclü inkişaf etdirəndir. Biz Sizləri seçdik-çünki Siz ən düzgün seçim edənsiniz. Biz Sizlərə üstünlük verdik, çünki Siz beyninizi inkişaf üçün LIB-ni seçdiniz. Siz FƏRQi seçdiniz!\r\n\r\nLIB Dil Mərkəzi 2010-cu ildən rəsmi olaraq fəaliyyətə başlayaraq, 8 000-dən çox tələbəyə ingilis, rus və alman dillərində danışmağı öyrətmişdir.\r\n\r\nDərslərimiz qısa zamanda danışığın inkişaf etdirilməsinə yönəlik keçirilir. Dərslərdə danışığa lazım olan qrammatik məlumat, danışıq, yeni sözlər, yazını və dinləmə qabiliyyətini inkişaf etdirəcək materiallar tədris olunur.\r\n\r\nHər birimiz ana dilimizi Anadan öyrənirik, onun vasitəsilə beynimiz ilk sözləri qəbul edir, dilimiz açılır. Onun qayğısı, diqqəti və səbri ilə ilk yaşlarımızdan danışmağa başlayırıq. Xarici dili öyrənmək üçün biz varıq, Sizin xarici dildə danışmanız üçün varıq! Ana dili Anadan, Xarici dil Bizdən.','1674480159.png','Mərkəz filialı: Caspian plaza 1/6.',1,0,1,'2023-01-23 10:22:39','2023-01-23 10:26:29',NULL),(111,'Grand Motors MMC','GrandMotors','info@grandmotors.az','48035fd2736ad059be8977b4096f4def','grandmotors.az','“Grand Motors” MMC 2005-ci ilin sentyabr ayında təsis edilmişdir. Azərbaycan bazarının tikinti, kənd təsərrüfatı, istirahət və əyləncə sektorunu hədəf götürən şirkət fəaliyyətini bu istiqamətdə qurmuşdur. Bu baxımdan, “Grand Motors” MMC ağır texnika və yük avtomobillərinin Azərbaycan Respublikasına idxalını və satışını həyata keçirir.\r\nHazırda şirkət dünyada tanınmış 14 istehsalçının Azərbaycanda rəsmi təmsilçisidir. Bunlar aşağıdakılardır: New Holland Construction, CIFA, New Holland Agricultural, Shantui, Foton, Macshio Gaspardo, Sea Ray, Kawasaki, Davino, Fassi, Pramac, Zorn İnstruments, Sulzer, Weber\r\n“Grand Motors” şirkətində yaradılan infrastruktur texnika və avadanlığın istehsalçıların zavodlarından çıxaraq alıcıya çatdırılana qədər olan mərhələni nəinki izləməyə, hətta ondan sonrakı mərhələni də nəzarət altında saxlamağa imkan verir. Bu mənada, satılmış texnikalara texniki xidmət və ehtiyat hissələrinin təchizatı da şirkətin fəaliyyətinin ayrılmaz hissəsidir.\r\n“Grand Motors” MMC istehsalçının zavodlarında təlim keçmiş yüksək ixtisaslı personalla 24 saat operativ, mobil və stasionar servis xidməti həyata keçirir. Şirkət müştərilərinə keyfiyyətli servis xidməti üçün öz personalını təmsil etdiyi şirkətlərin zavodlarında, təlim mərkəzlərində mütəmadi olaraq kurslara göndərərək, onların ixtisas dərəcələrini artırır. Eyni zamanda, nasaz olan texnikaları müştərilərin ərazilərində də təmirini təmin etmək üçün servis mərkəzində mobil səyyar qruplar yaradılmışdır.','1674480854.png','Azərbaycan, Bakı şəhəri, Binəqədi r-nu, Binəqədi şossesi, Mədən küçəsi 4, AZ1053',1,0,1,'2023-01-23 10:34:14','2023-01-23 10:36:56',NULL),(112,'MatanatA','MatanatA','info@matanata.com','37b847ccb93c5b2e3b9d966bccc736b4','matanata.com','Sement və gips əsaslı məhsulların Azərbaycanda ilk istehsalçısı olan \"Mətanət A\" şirkətinin əsası 2000-ci ildə qoyulmuş və qısa müddət ərzində milli şirkətlər arasında aparıcı yerlərdən birinə sahib olaraq innovativ texnologiyalar sayəsində yüksək inkişaf səviyyəsinə catmışdır. Son texnologiyalarla təchiz olunmuş zavodlarında istehsal edilən məhsullar ölkəmizdə və onun hüdudlarından kənarda istifadəçilərin rəğbətini qazanaraq şirkəti inşaat sektorunda qabaqcıl şirkətlərdən birinə çevirmişdir. Şirkət inşaat məhsulları sahəsində Azərbaycanda ilk dəfə olaraq İSO 9001:2008 \"Keyfiyyətin İdarə Olunması\" beynəlxalq standartını almışdır. 2012-ci il avqustun 8-də isə İSO 14001:2004 \"Ətraf mühitin idarə olunması\" beynəlxalq standartına layiq görülmüşdür. Eyni zamanda Avropa Keyfiyyət Təşkilatının dəstəyi ilə Ukranya Keyfiyyət Assosasiyası tərəfindən 2005-ci ildən təşkil olunmuş Mərkəzi və Şərqi Avropa ölkələrinin VIII Beynəlxalq Keyfiyyət Turnirində Azərbaycanı ilk dəfə olaraq \"Mətanət A\" şirkəti təmsil etmiş və FİNALİST 2012 diplomu və kuboku ilə təltif olunmuşdur. Bundan başqa digər təşkilatlar tərəfindən beynəlxalq və milli keyfiyyət mükafatları (\"Century İnternational Quality Era Award\", \"Award Global Quality Management\", \"Gold Star İnternational Award for Quality\", \"New Millennium Award\", \"İntellekt\" mükafatı, \"İnşaat materiallarının istehsalı üzrə İlin Lider şirkəti\", “İlin brendi - AĞDAĞ\" və s. mükafatlar) ilə də təltif olunmuşdur.','1674481593.jpg','Bakı, Azərbaycan AZ0123',1,0,1,'2023-01-23 10:46:33','2023-01-23 10:56:06',NULL),(113,'Başak Group MMC','Basakgroup','info@bashakgroup.az','01ec0e6799903914eb6073250d5480c3','bashakgroup.az','Keyfiyyət təkcə bizim standartımız deyil. Bu, həm də şirkətimizə aşılanmış bir münasibətdir.','1674543222.jpg','Baku city, Ziya Bunyadov avenue, 3105 block',1,0,1,'2023-01-24 03:53:42','2023-01-24 04:02:21',NULL),(114,'VMF company','VMFcompany','hr.office@vmf.az','91953390aa5d2561f2c642ab817bf735','vmf.az','VMF Şirkəti 1997-ci ildən Azərbaycan saat bazarının pioneri olaraq, dünya şöhrətli İsveçrə, Yaponiya saat markalarının ölkəmizdə tanınması və sevilməsində, keyfiyyətli və brend saat mədəniyyətinin yaradılmasının təməlində durur.\r\n\r\nArtıq 22 ildən çoxdur ki, VMF ən son dəb, texnoloji yeniliklərlə zənginləşdirilən brend saatlarını dünya bazarı ilə eyni anda öz alıcılarına təqdim edir.','1674544466.png','5 Nəriman Nərimanov Prospekti, Bakı 1000',1,0,1,'2023-01-24 04:14:26','2023-01-24 04:18:32',NULL),(115,'Bizim kadr agency','Bizimkadr','roya.hr@mail.ru','116a4c306eb8b814333ce1ee9468cc06','roya.hr@mail.ru','Kadrların işə qəbulu','1674545110.png','Bakı şəhəri.',1,0,1,'2023-01-24 04:25:10','2023-01-24 04:30:28',NULL),(116,'MediaCITY MMC','MediaCITY','cv@mediacity.az','a50e750cfb17a314b2e6d9cf9f6f2456','cv@mediacity.az','Marketing','1674547159.jpg','5a Dadaş Bünyadzadə, Bakı',1,0,1,'2023-01-24 04:59:19','2023-01-24 05:09:34',NULL),(117,'Artpeople MMC','Artpeople','info@artpeople.az','de8768613f42f018b971270c6a3631a8','info@artpeople.az','Reklam ajansı','1674548012.png','Bakı şəhəri.',1,0,1,'2023-01-24 05:13:32','2023-01-24 05:42:06',NULL),(118,'CoffeeLea','CoffeeLea','hr@lea.az','3ec4a6e2e34120f63634ec5ea25c58b5','hr@lea.az','kafe','1674554645.png','hr@lea.az',1,0,1,'2023-01-24 07:04:05','2023-01-24 07:07:49',NULL),(119,'Mesa Group MMC','MesaGroup','info@mesagroup.az','b82bd1020e9b702dbc2a1a1a10d9da02','mesagroup.az','“Mesa Group” bütün \"MDB\" ölkələri üzrə tibbi və estetik avadanlıqların satışı,servisi,təlimi və seminarların təşkilatı ilə məşğul olan ən böyük və aparıcı şirkətlərdən biridir.“Mesa Group” bu sahədə həmçinin təchizatçı, quraşdırma təminatçısı və məsləhətçidir.Belə ki, hazırda \"Mesa Group\" üç istiqamətdə fəaliyyət göstərir: Klinika,hospital,spa və mərkəzlərin avadanlıq təchizatı Professional təlimlər,treninqlər,konqresslər və seminarların təşkili; İstənilən növ tibbi və estetik avadanlıqların servis xidməti.','1674555306.png','Bakı ş. Yasamal ray. Tbilisi pr 49B',1,0,1,'2023-01-24 07:15:06','2023-01-24 07:18:39',NULL),(120,'Max Group Education Center','MaxGroup','office@maxgroup.info.az','0cfd5dff5fdde67f28710781f5fa6758','maxgroup.info.az','2015-ci ildən başlayaraq həm Azərbaycanlı, həm də xarici vətəndaşlara təhsil xidmətləri təklif edir. “Gələcəyinizin qayğısına qalırıq” şüarı altında göstərdiyi keyfiyyətli xidmət sayəsində insanların etibarını qısa vaxt ərzində qazanmışdır. Hal-hazırda Max Group Tədris Mərkəzində yararlana biləcəyiniz xidmətlər sırasında xarici dil kursları, xarici təhsil müəssisələrinə qəbul, dövlət qulluğuna hazırlıq kursları, peşəkar hazırlıq kursları, kompüter kursları Bütün yaş qrupları üçün nəzərdə tutulan xarici dil kurslarında ingilis, rus, ukrayın, alman, fransız, ispan, italyan, ərəb, çin və digər bir çox dillər əsasən danışıq və dinləmənin inkişafına yönəlik metod olan Berlitz metodu əsasında öyrədilir. Dərslərə mütəmadi qoşulan tələbə qısa vaxt ərzində istədiyi nəticəyə nail olur. Peşəkar müəllimlər sayəsində dərs iştirakçısının evdə tapşırıq etməsinə ehtiyac belə yoxdur.','1674556607.png','Fətəli Xan Xoyski küç. 108B, Bakı',1,0,1,'2023-01-24 07:36:47','2023-01-24 07:38:36',NULL),(121,'Prant firması','Prant1','prant@prant.az','f80000a92de5aa43d1f67665f9b6db72','prant.az','Daşınmaz əmlakın icarəyə verilməsi və satışı üzrə xidmətlər göstərməklə fəaliyyətini başlayan agentlik, hazırda Azərbaycanın daşınmaz əmlak bazarında ilk sıralardadır.','1674557211.jpg','Bakı şəhəri.',1,0,1,'2023-01-24 07:46:51','2023-01-24 07:50:24',NULL),(122,'MrMax peşəkar əmlak agentliyi','MrMax1','info@mrmax.az','55e7d8766a616d6db0a4d76b71cb96a5','mrmax.az','Mr/Max xaricdə daşınmaz əmlak agentliyi olaraq 2016-cı ildən Türkiyədə fəaliyyətə başlamışıq. Fəaliyyətə başladığımız ilk gündən müştərilərimizin məmnuniyyəti bizim üçün öncəlik olmuşdur. Xarici əmlak bazarına yaxından bələd olmağımız müştərilərimizin seçimini yalnız asanlaşdırmaqla kifayətlənmir, eyni zamanda onlara ən doğru və sərfəli qərarı qəbul etməkdə əlimizdən gələn köməkliyi edirik.','1674557676.jpg','Almaz Plaza',1,0,1,'2023-01-24 07:54:36','2023-01-24 08:01:34',NULL),(123,'Eurostar Group təmizlik şirkəti','Eurostar','saida.oktay@evrostar.az','b8a428f5a6460608a8763c23be7a56ad','saida.oktay@evrostar.az','Təmizlik şirkəti','1674558667.jpg','Bakı şəhəri.',1,0,1,'2023-01-24 08:11:07','2023-01-24 08:13:21',NULL),(124,'Mazarina Trade Company','Mazarina','info@mazarina.az','0a582983b312f92504d4a6f6f1ae7d61','mazarina.az','Established in 1998, Mazarina LLC had started production and sale of wine and other alcoholic products together with “Ganja Sharab-2” OJSC – the oldest manufacturer in Azerbaijan.\r\nIn a short time, the products have become the leader of the Azerbaijani alcoholic beverage market and exported to foreign countries.\r\nThen, since 2001, the company has signed contracts with worldwide manufacturers and taken an important place in the Azerbaijan market.\r\nIn 2017 the name of “Mazarina” LLC was rebranded to “Mazarina Trade Company” LLC.','1674559975.jpg','AZ1029, Azerbaijan Republic, Baku, Str. Alaskar Gaibov, 1222/12',1,0,1,'2023-01-24 08:32:55','2023-01-24 09:57:49',NULL),(125,'Bal Badem','BalBadem','urfan.ismaylov@gmail.com','0f274b1e54a2951d1da6cb1366824d14','balbadem.az','Kulinariya','1674560670.jpg','162 Abbas Mirza Sharifzadeh St Baku, Azerbaijan',1,0,1,'2023-01-24 08:44:30','2023-01-24 09:57:53',NULL),(126,'ROOF Academic Training','Roofat','talent@roofat.az','5d15842d0f4a9d523bbc9eb11029f504','roofat.az','ROOF Academic Training ingilis dili və riyaziyyat, beynəlxalq imtahanlara (Cambridge, SAT, IELTS, TOEFL) hazırlıq və xaricdə təhsil xidmətləri üzrə ixtisaslaşmış təhsil şirkətidir. Şirkət öz fəaliyyətinə 2017-ci ilin yayında başlayıb. Artıq 5-ci ildir ki, tələbələrə və ailələrinə uğurlu xidmət göstərməkdədir. Komandamızda təcrübəli, təhsilini ölkə daxilində və xaricində almış, beynəlxalq sertifikatlara sahib mütəxəssislər yer alır. Müəllim heyətimizin IELTS ortalaması 7.5-dir və TKT, TESOL, CELTA sertifikatlarına sahibdirlər. ROOF Academic Training British Council Azerbaijan-ın ölkədə ən böyük partnyorudur.','1674561429.png','Aşıq Molla Cümə küçəsi. Şamil Əzizbəyov 140',1,0,1,'2023-01-24 08:57:09','2023-01-24 09:57:55',NULL),(127,'Sariban Peşə İnkişaf Mərkəzi','Sariban','azsariban@gmail.com','ec7749d52759cf9001bd3f4428857f0e','azsariban@gmail.com','Peşə inkişaf mərkəzi','1674561933.png','Bakı şəhəri.',1,0,1,'2023-01-24 09:05:33','2023-01-24 09:57:59',NULL),(128,'Brand Credit BOKT','Brand1','info@brandcredit.az','01936b6f4723dd68b767188bab7edd09','brandcredit.az','Brand Credit vebsaytina xoş gəlmisiniz! Bizim saytımıza daxil olduğunuz üçün  məmnunluq hissi ilə maliyyə ehtiyaclarınızı və tələblərinizi qarşılayacaq məhsul və xidmətlərimizi Sizə təqdim etmək istərdik.\r\nBrand Credit Azərbaycan bazarında 2011-ci ildən fəaliyyət göstərən bank olmayan kredit təşkilatıdır. Brand Credit Azərbaycan Respublikasının Mərkəzi Bankı tərəfindən verilmiş 21.11.2011-ci il tarixli BKT -9 saylı Lisenziyasına əsasən 900 000 manat Nizamnamə kapitalı ilə fəaliyyətə başlamışdır. Təşkilatın Nizamnamə kapitalı 3 fiziki şəxs tərəfindən təsis edilmişdir.\r\n31.01.2013-cü il tarixində hüquqi və fiziki şəxslərdən vəsaitlərin cəlb edilməsi məqsədi ilə təşkilatın ilk istiqraz emissiyası dövlət qeydiyyatına alınmışdır.\r\n19.02.2013 tarixində təşkilat \"AMFA\" ya üzv olmuşdur.\r\nHal-hazırda təşkilatın paytaxt və regionda olmaqla iki filialı fəaliyyət göstərməkdədir.\r\nBrand Credit təşkilatının ən əsas öhdəliklərindən biri i nsanlar arasında heç bir sosial fərq qoymadan,onlara daha yaxşı və təminatlı həyat tərzi yaratmaqda dəstəyin göstərilməsindən ibarətdir.','1674563504.jpg','Bakı şəhəri, Yasamal rayonu, Inşaatçılar prospekti 4 A',1,0,1,'2023-01-24 09:31:44','2023-01-24 09:58:08',NULL),(129,'Massi','Massi1234','info@massi.az','0390796fb24c324d506252fcb0d00904','massi.az','AVTOMOBİL ƏLDƏ ETMƏK HƏLƏ BU QƏDƏR ASAN OLMAMIŞDI!\r\nMassi MMC şirkəti 2019-cu ildən fəaliyyətə başlamışdır.  BMW, Ford, Chevrolet, Hyundai və Toyota avtomobillərinin ən minimal ilkin ödənişlə lizinq yolu ilə satışını həyata keçirir. Massi MMC nin əsas məqsədlərindən biri də avtomobillərin müştərilərə üstün xidmət və yüksək keyfiyyətlə təqdim olunmasıdır. Bunun nəticəsi olaraq isə Massi MMC qısa müddət ərzində ölkənin ən üstün lizinq şirkətlərindən biri olmağı bacardı.\r\nNiyə Massi MMC? Massi MMC sizə üstün xidmət və yüksək keyfiyyətdən əlavə, təqdim olunan avtomobillər üçün 1 illik rəsmi zəmanət verir. Həmçinin şirkət tərəfindən sizə 1 illik icbari və kasko sığorta paketi hədiyyə olunur.\r\nSiz də Massi MMC-ni seçin, xidmətlərimizdən razı qalın.','1674564220.png','AZ1000 Bakı şəh, Nizami ray, H.Əliyev prospekti 115, Caspian Sport Plaza, blok B, mərtəbə 13, Massi MMC',1,0,1,'2023-01-24 09:43:40','2023-01-24 09:58:09',NULL),(130,'Crystal Group','Crystal','info@crystalgroup.az','8e60f81de0057ec1d2b4d6c087a4a044','https://crystalgroup.az/','2002-ci ildə ilk müəssisəsini yaradaraq beton məhsullarının istehsalı ilə sahibkarlıq fəaliyyətinə qədəmlərini atan şirkətimiz uzun illər boyu müxtəlif sektorlarda böyüyərək, milli biznes sahəsində özünü təsdiqləyib və dəyər verən müştərilərin inamını qazanıb.\r\n2020-ci ildən “Crystal Group of Companies” Açıq Səhmdar Cəmiyyəti kimi fəaliyyətini davam etdirən şirkətin əsas ofisi Bakı şəhərində yerləşir. Daha çox ənənəvi dəyərlərə inteqrasiya olunan korporativ idarəetmə praktikasını əldə rəhbər tutaraq Səhmdar Cəmiyyət milli sahibkarlığa, özəl biznesin inkişafına layiqli töhfələr vermişdir. Geridə qoyduğumuz 20 il ərzində qarşıda dayanan hədəflərə çatmaq üçün inşaat, sənaye, logistika və otelçilik xidmət sektorlarında inkişaf etməyə davam edib. Azərbaycanda və Türkiyədə uğurlu investisiya layihələrinə imza atan və milli brendə çevrilməyi hədəfləyən şirkət daim tərəfdaşlarının inamını qazanır.\r\nİndiki mürəkkəb biznes mühiti şəraitində bu etimadın vacibliyini anlayaraq fəaliyyətimizdə peşəkar yanaşmanı əsas tutur və korporativ dəyərlərə önəm veririk. Uğurlu korporativ təcrübə əsasında ən yaxşı peşəkarları bir dam altında birləşdirərək əməkdaşlarımıza, müştərilərimizə və tərəfdaşlarımıza xüsusi qayğı və həssaslıqla yanaşırıq.','1674564878.png','Şəfayət Mehdiyev küç. 93',1,0,1,'2023-01-24 09:54:38','2023-01-24 09:58:13',NULL),(131,'Planet travel','Planet','gunay@planetgroup.az','d63185fc0dca992ddce5ff20c5bf1551','planetgroup.az','Səyahət şirkəti','1674565743.jpg','Ceyhunbəy Hacıbəyli, Bakı',1,0,1,'2023-01-24 10:09:03','2023-01-24 10:14:54',NULL),(132,'AZZA Cake House','AZZACake','info@azza.az','3be5380dd8e88e7fefec954399f526d9','azza.az','10 ildən çoxdur ki, müştərilərimiz hər məhsulun ən yaxşısı və mükəmməlini əldə edirlər. Uzun illər boyu siz həyatınızda olan mühüm və əlamətdar günlər üçün hədiyyə olaraq tort, şirniyyat və digər məhsulların seçimində bizə etibar edirsiniz. “AZZA” – adı yüksək keyfiyyət və xüsusi zövq sözləri ilə sinonim olub','1674566641.jpg','Abbas Səhhət, Bakı',1,0,1,'2023-01-24 10:24:01','2023-01-24 10:27:38',NULL),(133,'Gilas Optic','GilasOptic','vacancy@gilasoptic.az','4c1745d8204fb9ea0ec35d6bd8d62671','vacancy@gilasoptic.az','Optika','1674567805.png','Nərimanov ray., Fətəlixan Xoyski pr',1,0,1,'2023-01-24 10:43:25','2023-01-24 10:45:51',NULL),(134,'Sinteks','Sinteks','office@sinteks.com','f941434ecbc7aa9f4978f6661392a5b7','sinteks.com','sinteks','1674628891.png','Bakı şəhəri.',1,0,1,'2023-01-25 03:41:31','2023-01-25 04:45:46',NULL),(135,'LUKOIL Technology Services GmbH Branch Baku','LUKOIL','lala.agaeva@eu.lukoil.com','639ea5481838bd72167be7df27cc2999','lukoil.az','Azərbaycan Respublikasında pərakəndə satış bazarında neft məhsullarının satışı üzrə əsas operatorlardan biri. Öz yanacaqdoldurma məntəqələri şəbəkəsinə və neft bazasına sahibdir.','1674630268.png','Bakı şəhəri.',1,0,1,'2023-01-25 04:04:28','2023-01-25 04:45:56',NULL),(136,'PreBrand MMC','PreBrand','hr@prebrand.az','5c1d33bcfcd343b51bb1026afcd27aaa','hr@prebrand.az','PreBrand','1674631020.png','Bakı şəhəri.',1,0,1,'2023-01-25 04:17:00','2023-01-25 04:45:57',NULL),(137,'Atlas Hotel Baku','AtlasHotel','info@atlashotelbaku.com','80d1ccb9e5f160c08ada30d7bf88fddd','atlashotelbaku.com','With its exceptional amenities, the AtlasHotel Baku meets the needs of every holidayer and business guest, while our friendly and professional staff guarantees nice service.','1674631333.png','2/17 Ahmad Rajabli, Baku,Azerbaijan',1,0,1,'2023-01-25 04:22:13','2023-01-25 04:46:17',NULL),(138,'Viona MMC','VionaMMC','info@viona.az','b6df52bbae0fe5397c4e0ffd418a5ed7','viona.az','Mebel şirkəti','1674632444.png','Əhməd Rəcəbli küçəsi 1',1,0,1,'2023-01-25 04:40:44','2023-01-25 04:46:19',NULL),(139,'JedAi Rəqəmsal Marketinq Agentliy','JedAi1','career@jedai.az','a8127799e9491914e83a25db7474bbb3','career@jedai.az','Rəqəmsal marketinq agentliyi','1674634983.png','Bakı şəhəri.',1,0,1,'2023-01-25 05:23:03','2023-01-25 05:29:35',NULL),(140,'Mobistore','Mobistore','info@mobistore.az','a92795eb05131fa64c5d65247ddd2374','info@mobistore.az','mobistore','1674635270.jpg','Bakı şəhəri. 25 Azadlıq prospekti, Bakı',1,0,1,'2023-01-25 05:27:50','2023-01-25 05:29:36',NULL),(141,'Mobilex MMC','Mobilex','info@mobilex.az','9a3c444de31904b28c43e22220e5ada1','mobilex.az','On ildən artıqdır ki, biz müştərilərimiz üçün prototipləşdirmə, kod işlənməsi, modullaşdırma, vahid testi, performans testi, konfiqurasiya və qüsurların idarə edilməsi və istehsalın tətbiqi daxil olmaqla, xüsusi hazırlanmış proqram təminatı həllərini təqdim edir və tətbiq edirik.\r\nESIT-də biz sizə İT mənzərənizi optimallaşdırmağa və biznes imkanlarınızı artırmağa kömək etmək üçün sizə fərdi və çevik proqram təminatının hazırlanması xidmətləri təqdim edirik. Ən yaxşı sənaye təcrübələri və qabaqcıl çərçivələr haqqında tam anlayış və təcrübə ilə biz biznes proseslərinizin avtomatlaşdırılmasını sürətləndirən hərtərəfli proqram həlləri yaradırıq.\r\nGeniş çeşidli texniki təcrübəni son istifadəçi məmnuniyyəti üçün misilsiz öhdəliyi birləşdirərək, biz fərdi proqram təminatının hazırlanması xidmətləri axtaran federal departamentlər üçün nüfuzlu seçimə çevrilmişik.\r\nİlk dəfə düzgün edin\r\nBu, bizə iterasiya vaxtına qənaət etməyə və müştərilərimizin bazara daha tez daxil olmasına kömək etməyə imkan verir.\r\nHəllərimiz Agile metodologiyasından istifadə etməklə işlənib hazırlanır və biznes məqsədləriniz və texnologiya tələbləri arasında sinerji yaradır.','1674635612.jpg','Sabunçu rayonu bakıxanov qəsəbəsi Oskar Əfəndiyev 110. (ariana bizness park)  ​',1,0,1,'2023-01-25 05:33:32','2023-01-25 05:42:01',NULL),(142,'Doctor Pharma','DoctorPharma','doktorfarma2021@gmail.com','046d2ac4d49d50397871b80c243368b3','doktorfarma2021@gmail.com','Tibbi məhsullar','1674641374.png','Hussain Javed, Baku',1,0,1,'2023-01-25 07:09:34','2023-01-25 07:17:54',NULL),(143,'Çınqıllı Bulaq','Cinqilli','naskerli009@gmail.com','30cd09b9affb5e476cbefbcadbc7879a','naskerli009@gmail.com','Təbii sular','1674641643.png','7 Mkr Süleyman Sani Axundov 15/1.',1,0,1,'2023-01-25 07:14:03','2023-01-25 07:17:55',NULL),(144,'Marka.az Advertising agency','Markaaz','Markaaz.advertising@gmail.com','7b957be19a04cec8bcbc4e29cbdaaf9a','Markaaz.advertising@gmail.com','Karton Kraft və salafan paketlərin hazırlanması ən uyğun qiymətə təklif edirik . Büdcənizə uyğun hər növ reklam xidmətləri.','1674642042.png','Bakı şəhəri.',1,0,1,'2023-01-25 07:20:42','2023-01-25 07:29:57',NULL),(145,'\"Lavie Global\" MMC','LavieGlobal','info@lavie.az','d3bb92c9456996b29c33c0f637048658','lavie.az','Parfumeriya mağazası','1674642497.jpg','Azərbaycan, Bakı, Neftçilər pr. 151 Park Bulvar T/M 1-ci mərtəbə.',1,0,1,'2023-01-25 07:28:17','2023-01-25 07:29:59',NULL),(146,'Victory Tour','Victory','sales@victorytour.az','0b50844c1d05d19f714c3c739db076ec','victorytour.az','Victory Tour / DMC in Azerbaijan şirkəti 2005-ci ildə turizm sahəsində böyük təcrübəyə malik olan mütəxəssislər tərəfindən yaradılmışdır.\r\nBu gün, “Victory Tour” korporativ və fərdi müştərilərə yüksək keyfiyyətli xidmət təklif edən Azərbaycanın ən aparıicı və peşəkar səyahət agentliklərindən biri hesab edilir. Şirkətin həm Azərbaycanda, həm də xaricdə aviaşirkətlər, səfirliklər, mehmanxanalar, sığorta şirkətləri kimi turizm biznesinə aidiyyatı olan sahələrdə partnyorlarla sıx əlaqələri vardır ki, bu da bizim sifarişçilərimizə xidmətlərin geniş çeşidini təklif etməyə imkan verir.\r\n“Victory Tour”-un mərkəzi ofisi, beynəlxalq səviyyədə qəbul olunmuş standartlara uyğun olaraq fəaliyyət göstərir və Beynəlxalq Hava Nəqliyyatı Assosiasiyası (IATA kod 61-320 475) tərəfindən akkreditə olunmuşdur. “Victory Tour”-un turizm xidmətləri Azərbaycan Respublikası Mədəniyyət və Turizm Nazirliyi tərəfindən verilən №040738 lisenziya əsasında fəaliyyət göstərir.','1674644063.jpg','VICTORY TOUR LLC (IATA 61-320 475) Suleyman Vəzirov küçəsi 22, Bakı, Azərbaycan AZ 1005 ( \"Xətai\" m/s )',1,0,1,'2023-01-25 07:54:23','2023-01-25 07:54:23',NULL),(147,'Terra Pharm','Terra Pharm','hrm@terrapharm.az','3bbdb91190928b5668ff5975cc65b1d9','https://terrapharm.az/','Terra Pharm şirkəti Azərbyacan əczaçılıq bazarına 2022-ci ildə daxil olmuşdur.Şirkətin əsas fəaliyyəti yüksək keyfiyyətli tibbi sərfiyyat vasitələri ilə klinika və aptek şəbəkələrini təmin etməkdir.','1674712239.jpg','Vurgun Residence,S.Vurgun küçəsi 70',1,0,1,'2023-01-26 02:50:39','2023-01-26 10:01:42',NULL),(148,'Engin LTD','Engin1','office@engin.az','a45e5e74f46d8970a7ce554c3dec0e83','engin.az','ENGİN-in nailiyyətlər və zəngin təcrübə ilə dolu fəaliyyəti 2000-ci ildə başladı. Həmin tarixdən etibarən şirkətin fəaliyyətində bir çox dəyişikliklər həyata keçirilmiş və nəticə etibarilə ENGİN ölkənin qeyri-neft sektorunda aparıcı şirkətlərdən birinə çevrilmişdir. Strukturunun əsası \"davamlı inkişaf\"olan ENGİN effektiv distributor təşkilatıdır. Bakıda bir ofislə fəaliyyətə başlayan şirkət qısa zaman çərçivəsində ölkənin strateji cəhətdən olduqca mühüm əhəmiyyət kəsb edən digər 7 şəhərində (İmişli, Xaldan, İsmayıllı, Quba, Cəlilabad, Gəncə, Zaqatala) də öz regional ofislərini açmağa müvəffəq oldu. Bu ofislərin fəaliyyətə başlaması bizə səmərəli şəkildə formalaşdırılmış distributor şəbəkəmiz vasitəsilə bütün regionları əhatə etmək və öz müştərilərimizə daha yaxşı xidmətlər təklif etmək imkanı yaratdı. 2000-ci ildə biz \"Procter & Gamble\" ilə ilk rəsmi distributor müqaviləmizi bağladıq və həmin vaxtdan etibarən biz ilk və dəyərli tərəfdaşımızla əlaqələrimizi daha da genişləndirməklə yanaşı yeni tərəfdaşlar da qazanmışıq.           \r\nBiz əsas diqqəti fəaliyyətimizin davamlı şəkildə təkmilləşməsinə yönəltmişik və gələcək inkişafımızı təmin etmək üçün yaranmış hər bir imkandan istifadə edirik. İnanırıq ki, tərəfdaşlarımız və müştərilərimizlə davamlı birgə səylərimiz həm bizim fəaliyyətimiz, həm də xidmət göstərdiyimiz şəxslər üçün ən yaxşı nəticələrə yol açacaq.','1675152044.png','AZ 1025, Azərbaycan, Bakı, Xətai rayonu, 8 Noyabr (Nobel) prospekti 25E, Bakı Ağ Şəhər Ofis Binası 10-cu mərtəbə.',1,0,1,'2023-01-31 04:00:44','2023-01-31 06:22:58',NULL),(149,'Roses Are Red','Roses1','info@roses.az','d0dd37a32669f899c7580c78e326eaaa','roses.az','Biz 2016-cı ildən bəri Azərbaycanda, Bakıda fəaliyyət göstəririk. Azərbaycanın ən məşhur və öndə gedən gül mağazasıyıq. Çox təravətli güllərimiz və yaradıcı floristlərimiz var. Güllərimizi Hollandiyadan və yerli gül istehsalçılarından alırıq. Onları daha təravətli saxlamaq üçün professional gül dondurucumuz var. Missiyamız insanlara təbəssümlərini bölüşməkdə kömək etməkdir, buna görə hər özəl gününüzü daha da gözəlləşdirə bilərik.\r\nSiz roses.az saytından qeydiyyatdan keçdikdən sonra ilk sifarişinizə 10% endirim verilir. Loyalty kard əldə etdikdən sonra isə  15% və 20% endirim əldə bilərsiniz.\r\nMüştərilərimizin mesajlarını təravətli güllərin gözəl dilinə çevirərək  qeyd etmələrinə kömək etməkdən qürur duyuruq. Komandamızdakı hər kəsin məqsədi budur: Gülüşləri paylaşmaqda kömək olmaq!','1675152674.png','Səməd Vurgun 85c Ganjlik Mall P1 Deniz Mall P1 28 Mall P1',1,0,1,'2023-01-31 04:11:14','2023-01-31 06:23:01',NULL),(150,'Prosys','Prosys','info@prosys-ltd.com','e47edf0bb4dbb0f6b87c7e3f787fd9a1','prosys.az','2010-cu ilin mart ayında yaranmış ProSys şirkəti informasiya və kommunikasiya texnologiyaları üzrə ixtisaslaşmışdır. ProSys şirkəti informasiya və kommunikasiya texnologiyaları üzrə avadanlıqları, proqram təminatlarını və əlaqədar xidmətlərin satışını təşkil və təmin edir. İnformasiya və kommunikasiya texnologiyalarına aid layihələrin texniki şərtnamələrinin hazırlanması, idarə olunması, tətbiqini və sənədləşdirilməsini həyata keçirir. Biz müştərilərimizlə işləyən zaman sadəcə avadanlığın alqı-satqısının təmin edilməsinə deyil, əlavə xidmət göstərilməsinə diqqət yetirərək, şirkətimizin fərqlənməsini istəyirik. Şirkətimizdə xarici ölkələrdə İKT sahəsində qabaqcıl şirkətlərdə təcrübə qazanmış, xarici ölkələrdə İKT sahəsində idarəetmə vəzifələrində işləmiş, respublika və beynəlxalq səviyyədə qəbul görmüş kompleks həlləri olan layihələrin idarə edilməsində iştirak etmiş, beynəlxalq sertifikatlara sahib mütəxəssislər çalışmaqdadır. O cümlədən, mütəxəssislərimiz, proqram təminatı, telekommunikasiya, lokal və qlobal şəbəkə, informasiya təhlükəsizliyi və server avadanlıqlarının quraşdırılması üzrə layihələrin idarəedilməsinı həyata keçirmişlər.','1675153414.png','Bakı şəhəri, Şamil Əzizbəyov küçəsi 88A, mənzil 66',1,0,1,'2023-01-31 04:23:34','2023-01-31 06:23:02',NULL),(151,'Botnical by the Rose','Botnical','akbar.sadigzade@hotmail.com','5d0c7abbb6f55f3834c3adada62b121b','akbar.sadigzade@hotmail.com','Botanik','1675159727.png','Bakı, Nizami ray., H.Əliyev pr, 172',1,0,1,'2023-01-31 06:08:47','2023-01-31 06:23:09',NULL),(152,'Nur Art','NurArt','office@nurart.az','d8bd6ed15558a1e2c0d55d2bb68aa35d','nurart.az','Bizim şirkət 1997-ci ildən fəaliyyətdədir. Poliqrafiya xidmətlərinin geniş spektri mütəxəssislərimizin yaradıcılıq axtarışının və peşəkarlığının qanunauyğun nəticəsidir.\r\nBu gün \"NurArt\" - tam silsiləsi (layihədən tutmuş son məhsula qədər) poliqrafiya şirkətidir, məhsulumuz Avropa keyfiyyətinə uyğundur. Şirkətimiz dünyada tanınmış istehsalçıların müasir ofset və rəqəmli çap avadanlığına malikdir, bunlar arasında Heidelberg (Almaniya), Morgana (İngiltərə), Duplo (Yaponiya), Epson, Conica Minolta, Hewlett-Packard, Graphtec, və başqaları vardır.\r\nFormalı və çap proseslərində müstəsnz olaraq avadanlığın istehsalçıları tərəfindən məsləhət görülmüş orijinal sərf və texnologiya materialları tətbiq edilir. Şirkətimizin müvəffəqiyyətli işinin ən əhəmiyyətli şərti idarəetmə, dizayn, çapdan əvvəlki hazırlıq, çap və çapdan sonrakı işlər sahəsində peşəkarların mövcudluğudur. Bizimlə işləyərək, Siz poliqrafiya sahəsində etibarlı biznes- partnyorunu əldə edirsiniz, çünki bizim fəaliyyətimizin əhəmiyyətli meyarı bunlardır: işin keyfiyyəti, müştərilərə loyallıq, elastik qiymət siyasəti və sifarişlərin icrasının optimal müddətləri.','1675160427.png','Bəşir Səfəroğlu küç.184',1,0,1,'2023-01-31 06:20:27','2023-01-31 06:23:10',NULL),(153,'GPS Solutions MMC','GPSSolutions','hr@gps.az','f3abdb8017be1ef2e8b32d5994e5c3c8','gps.az','2013-cü ildə başlayan fəaliyyəti ərzində özünü etibarlı tərəfdaş və geniş spektrli xidmətlərin təchizatçısı kimi tanıtmış şirkətimiz Azərbaycanın dinamik surətdə inkişaf edən informasiya texnologiyaları sektorunda Nəqliyyatın İntellektual GPS Nəzarət sistemlərin inteqrasiyası, avadanlıq və proqram təminatının təchizatı və quraşdırılması üzrə xidmətlər göstərir.“GPS Solutions” komandasının başlıca məqsədi istənilən müştərinin tələbatını maksimal həddə ödəyə biləcək nəqliyyat vasitələrinin yüksək keyfiyyətli monitorinq və nəzarət sisteminin yaradılmasıdır.\r\nBiz bazarı öyrənərək, hər bir alt sistemi üçün ən mükəmməl həlləri götürüb birləşdirmişik və bu gün öz müştərilərimizə hazır, konkret məqsədlər üçün optimallaşdırılmış həllər təklif edirik.\r\nŞirkət daim öz məhsullarını və həllərini təkmilləşdirir, istənilən biznes sahəsində istifadə üçün nəzərdə tutulmüş yeni təkliflər hazırlayır.\r\n“GPS Solutions” şirkətinin işçiləri İT, GIS, M2M, GPS və naviqasiya sistemləri sahəsində yüksək ixtisaslı mütəxəssis və ekspertlərdir.\r\nŞirkət İSO 9001-2008 uyğun olaraq sertifikatlaşdırılmışdır.','1675161395.jpg','Agasadikh Geraybeyli 5A Baku AZ1069, Azerbaijan',1,0,1,'2023-01-31 06:36:35','2023-01-31 07:24:59',NULL),(154,'Camal LTD Company','Camal1','iceland@iceland.az','efea2432cd5739548a022bc958f6c688','iceland.az','20 ildən artıqdır ki, fəaliyyət göstərən “Camal” LTD şirkəti kiçikdən böyüyə-hər kəsin damaq zövqünə xitab edən ləzzətli dondurmaları ilə istehlakçıların rəğbətini qazanır. “ICELAND” ticarət nişanı altında sevgi ilə hazırlanan dondurmalar rəngarəng görünüşü ilə ilin bütün fəsillərində vitrinləri bəzəyir.\r\n“ICELAND” ticarət markasının tarixi 1998-ci ildən, yəni şirkətin təsisçiləri dondurma istehsalı zavodu yaratmaq qərarına gəldikdən sonra başlayır. Kiçik bir istehsal sexindən ibarət olan zavodun yaradılmasının ilkin dövrlərində dondurma istehsalı üçün Türkiyəyə məxsus texnologiya və avadanlıqlardan istifadə edilirdi. Ən yaxşı təcrübələrin müvəffəqiyyətlə tətbiqi, irəliyə doğru dinamik və sürətli inkişaf şirkətin qısa zamanda daxili bazarda hökmran mövqeyə yiyələnməsinə şərait yaratdı.\r\n2000-ci ildə, ilk dəfə olaraq müəssisə yerli dondurma məhsullarını qablaşdırmağa başladı və “Bakinka” adlı ilk brend satışa çıxarıldı.\r\n2002-ci ildən etibarən müəssisədə Avropanın aparıcı markalarının avadanlıqlarının alınmasına və dondurma istehsalı üçün müasir texnologiyaların tətbiqinə başlandı. İstehsal sahəsi böyüdülərək 4 istehsal sexi yaradıldı və müxtəlif növ dondurma istehsalı üçün 7 xətt istifadəyə verildi.\r\n2021-ci ildə etibarən müəssisədə dondurma istehsalı üçün əlavə olaraq 1 xətt istifadəyə verildi. Hal hazırda müəssisədə müxtəlif dondurma istehsalı üçün 8 xətt mövcuddur.\r\nŞirkətin aparıcı mütəxəssisləri ilə yanaşı xarici ölkələrdən dəvət olunmuş təcrübəli mütəxəssislər, istehsal sahəsində yeni avadanlıqların tətbiqi prosesinə böyük töhfə verdilər. Növbəti illərdə şirkət yüksək tələbat olan yeni brendlərini yaratmaqla məhsul çeşidlərinin sayını artırdı. Bunların arasında adı və dadı dillər əzbəri olan“Bakılı Qız” və “Malik” brendlərinin özünəməxsus yeri var.\r\n2008-ci ildə 10 illiyini qeyd edən şirkət artıq Avropa təcrübəsi və standartlarına cavab verən istehsal sahəsinə malik idi. 2009-cu ildə “Camal” LTD şirkəti yerli bazarın dondurma tələbatının çox hissəsini ödəmək gücünə sahib olduqdan sonra xarici bazarları araşdırmağa başladı. Beləliklə, 2010-cu ildə beynəlxalq satış arenasına çıxaraq Gürcüstana dondurma məhsullarını ixrac edən ilk Azərbaycan şirkəti oldu.\r\n2015-ci ildə “ICELAND” ticarət nişanı premium-klas seqmentində xarici dondurma bazarlarını fəth etmək üçün böyük potensiala malik \"SEVGİ\" brendi ilə öz dondurma kolleksiyasını gücləndirdi. Hal-hazırda şirkətin istehsal etdiyi məhsul çeşidlərinin sayı 100-dən artıqdır.\r\n“Buzlar diyarı” anlamını daşıyan “ICELAND” markasının hər bir məhsulunda bu ideya öz əksini tapıb. Bu gün “ICELAND” ticarət nişanı yerli bazarda ən nüfuzlu dondurma markasıdır.','1675162536.jpg','“Camal” LTD şirkəti (zavod)  Ünvan: Binəqədi rayonu, Sulutəpə qəsəbəsi,  Ruslan Allahverdiyev küçəsi. 9/21D, AZ1146',1,0,1,'2023-01-31 06:55:36','2023-01-31 07:25:00',NULL),(155,'FMG MMC','FMGMMC','office@fmg.az','0f92d8f095aae8cc708d158b240a1cf1','fmg.az','Daşınmaz əmlak sektorunda gözləntiləri üstələyən xidmət və peşəkarlıq səviyyəsini təmin etmək.\r\nMüştəri məmnuniyyətini qarşılamaq, daim yenilikçi olmaq, yüksək standartlar, düşünülmüş sistemlər və iş səmərəliliyinə önəm vermək.','1675163482.jpg','Bakı, Zərifə Əliyeva küç. 93, AZ1000',1,0,1,'2023-01-31 07:11:22','2023-01-31 07:25:01',NULL),(156,'Arzena Design','Arzena','info@arzena.az','a00c032f0f1d1a8dd6f64237275980db','arzena.az','Her yıl günün şartlarına göre yenilenen modellerimiz ile tasarımlarımızı en prestijli ve konforlu koleksiyonlarla bir sonraki adıma taşıyoruz.','1675164079.png','Nəriman Nərimanov ray. Atatürk prospekti 5A',1,0,1,'2023-01-31 07:21:19','2023-01-31 07:24:56',NULL),(157,'M Group Media','MGroup','reklam.mgroup@gmail.com','c4b517d32b43842c6afd93eaba72c41a','https://m-group.az/','“M-Group” reklam  2009-ci ildən, reklam sahəsində dərin biliklərə və 10 ildən artıq təcrübəyə malik olan işçi heyəti ilə xidmətinizdədir. İş fəaliyyətində müştəri məmuniyyəti, yüksək keyfiyyət, innovativlik və kreativlik kimi prinsiplərə sadiq qalan şirkət, reklam sahəsində öndə gedən şirkətlərdən olmuşdur. Qeyd edilən prinsiplərə sadiqlik və operativlik sayəsində Azərbaycanda olan iri holdinq və şirkətlərlə daimi əməkdaşlığı bu gündə davam etməkdədir.\r\n“M-Group” şirkətinin reklam məhsulları Azərbaycanın bütün bolgələrində də nümayiş olunmaqdadır.\r\nBizi seçməklə düzgün seçim etdiyinizin təstiqi olaraq aşağıdakıları sadalamaq olar:\r\nİstifadə etdiyimiz yüksək keyfiyyətli materiallar (oracal, unifol, neschen, avery) üzərində dünya miqyasında ən məşhur DGİ, Roland, Flora, Allwin və Mimaki kimi böyükformatlı çap aparatlarında çap işləri;\r\n300 dpi – 1440 dpi qədər yüksək keyfiyyətdə reklamların çap olunması;\r\nAzərbaycanda heç bir reklam şirkəti tərəfindən istifadə olunmayan üsulla çapların üzərinə şəffaf qoruyucunun (oracal markalı laminasiya) çəkilməsi. ( Laminasiya çapı yağışdan, gün şüasından, avtomaşını yuyulma zamanı cızılmadan qoruyur );\r\nYüksək ixtisaslı, 10 ildən artıq iş təcrübəsinə malik, işçi heyəti;\r\nZövqlü, kreativ və müasir dizaynların hazırlanması;\r\nOperativlik;\r\nYüksək keyfiyyət və zəmanət.','1675164837.png','Sumqayıt şəhəri, 10 mkr',1,0,1,'2023-01-31 07:33:57','2023-01-31 09:09:33',NULL),(158,'Agrarco MMC','Agrarco','office@agrarco.az','bb66eddb81b4470cc6224b20149c929b','agrarco.az','Aqrarko MMC yüksək keyfiyyətli fındıq və sağlam təzə meyvələrin istehsalı və ixracı ilə məşğul olan üfüqi inteqrasiya olunmuş kənd təsərrüfatı şirkətidir.','1675165384.jpg','Port Baku Towers - Southern, Floor 13  Neftchilar Avenue153  AZ1005 Baku, Azerbaijan',1,0,1,'2023-01-31 07:43:04','2023-01-31 09:09:34',NULL),(159,'NewTech','NewTech','info@newtech.az','3b38b8b03900065e020bf77de5d8ffbf','newtech.az','Avadanlıqlar və texniki təchizat fərdi sahibkarlardan tutmuş, istənilən təşkilata qədər, hamısının səmərəliliyinə birbaşa təsir göstərir. Tapşırıqlarınız üçün öz qənaətcilliyinə, qiymət və nəticələrin ən əlverişli kombinasiyasına görə fərqlənən və gəliri artırmağa kömək edəcək ən uyğun avadanlıq seçiminə zəmanət veririk.\r\nGeniş təcrübəyə malik ixtisaslı mütəxəssislərimiz ehtiyaclarınızı dəyərləndirməyə kömək edəcək və ən yaxşı həll yollarını tövsiyə edəcəklər. Ustalarımız problemi peşəkar şəkildə müəyyənləşdirə, ən mürəkkəb qırılmaları belə təyin edə və hətta çox korlanmış avadanlıqları da təmir edə bilirlər. Hər növ mal və xidmətlərimizə zəmanət veririk.','1675169539.png','Bakı, Nizami küç., 196',1,0,1,'2023-01-31 08:52:19','2023-01-31 09:09:35',NULL),(160,'Hisar Tour','Hisar1','info@hisartour.az','1bbd044641d84cda2c1b41c98f132255','https://hisartour.az/','TUR','1675170355.png','Bakı şəhəri.',1,0,1,'2023-01-31 09:05:55','2023-01-31 09:09:36',NULL),(161,'Texnosoft','Texnosoft','ceyhun@texnosoft.az','10fb3d02fd8be01b3e556309a18eabc6','texnosoft.az','Texnosoft Pro MMC - 5 ildən artıq Mobil Programlaşdırma (mobil əlavələr), Veb Saytların yığılması, Social Media Marketin (SMM) və Grafik Dizayn xıdmətləri göstərən bir Texnologiya şirkətiyik. Təcrübəmizi ildən ilə artırırıq. Özəl, çətin Layihələrin gərçəkləşdirməklə özümüzdə inam qazanmışıq.','1675170777.png','Azadlıq prospekti 17, Baku, Azerbaijan',1,0,1,'2023-01-31 09:12:57','2023-01-31 09:50:13',NULL),(162,'British Centre','BritishCentre','info@britishcentre.az','5e5bb591eb932d1b8804b47718a7cb1c','britishcentre.az','British Centre - İngilis dili kursu aparıcı ingilis dili tədris mərkəzlərindən biridir. Bir çox dil məktəbləri bütün tələbələrə eyni sistemi tətbiq edir. Lakin hər kəs eyni deyil! Hər şəxsin dil öyrənməsi ilə əlaqədar məqsədləri, imkanları və ehtiyacları fərqlilik göstərir. Bu səbəblə eyni sistem ilə təhsil alan tələbələrin bir çoxu müvəffəqiyyətsiz olduğu müşahidə edilmişdir.\r\nBritish Centre dil məktəbi bu səbəblə bütün şəxslərə fərqli yanaşaraq xüsusi tədris proqramı tətbiq edərək tələbələrin daha da dil biliklərini təkminləşdirməsinə yardımçı olur. British Centre hər bir tələbə üçün fərqli bir çalışma planı və elastik dərs saatları təmin etməkdədir.','1675171274.png','Caspian Plaza 1-ci korpus, 7-ci mərtəbə. C. Cabbarlı küç. 44, Baku, Azərbaycan AZ1065',1,0,1,'2023-01-31 09:21:14','2023-01-31 09:50:15',NULL),(163,'Orange Travel','OrangeTravel','hr@orangetravel.az','bfd5e756fb312e233f1676238442501d','orangetravel.az','Travel','1675172141.jpg','Ahmad Rajabli 186, Nariman Narimanov , Baku,',1,0,1,'2023-01-31 09:35:41','2023-01-31 09:50:16',NULL),(164,'Food Trade MMC','FoodTrade','hr@foodtrade.az','00a79e353f5e48d1eb722546668110cc','hr@foodtrade.az','Food Trade MMC','1675172470.jpg','Sabunçu r-nu, Maştağa qəsəbəsi',1,0,1,'2023-01-31 09:41:10','2023-01-31 09:50:18',NULL),(165,'Abacus Audit &Consulting','Abacus','info@abacusaudit.az','dd633d353218503b13b7b9c2984ab3ae','abacusaudit.az','\"Abacus Audit And Consulting\" Məhdud Məsuliyyətli Cəmiyyəti Azərbaycanın audit, mühasibat və vergi uçotu, maliyyə, hüquq və idarəetmə məsləhətləri sahəsində xidmət göstərən aparıcı şirkətlərdən biridir.  \"Abacus Audit And Consulting\" Məhdud Məsuliyyətli Cəmiyyətinin əsası 2017-ci ilin fevral ayında qoyulmuşdur. \"Abacus Audit And Consulting\" Məhdud Məsuliyyətli Cəmiyyəti 2017-ci ildən etibarən Azərbaycan Respublikasının Auditorlar Palatasının üzvüdür (21 iyul 2017-ci il tarixli, AT/135 saylı lisenziya). \"Abacus Audit And Consulting\" Məhdud Məsuliyyətli Cəmiyyəti milli bazar üçün nadir olan kadrlar, texnologiya və təcrübəyə malikdir. Məhz bu xüsusiyyətlər \"Abacus Audit And Consulting\" Məhdud Məsuliyyətli Cəmiyyətinə Azərbaycanda audit və konsaltinq sahəsində liderlər siyahısına daxil olmaq imkanını yaradıb. Audit, vergi uçotu və vergitutma, konsaltinq xidmətləri sahəsində yüksək naliyyətlərə müvəffəq olmağın əsas yolu ilk növbədə ən çətin məsələləri həll etməyi bacaran yüksək peşəkar mütəxəssislərin bir komanda şəklində fəaliyyəti sayəsində baş tutması təkzib olunmaz bir faktdır.','1675172826.png','Babək Pr. 31H, Rich Plaza, 4-cü mərtəbə, AZ1031, Bakı, Azərbaycan',1,0,1,'2023-01-31 09:47:06','2023-01-31 09:50:19',NULL),(166,'WorldTelecom','WorldTelecom','info@w-t.az','748dc86ac6d47b80356902ceb34d3bf4','https://www.w-t.az/','1998-ci ildə kiçik bir telefon mağazası kimi fəaliyyətə başlamış WorldTelecom, bu gün tərkibində 20 satış nöqtəsi, 1 onlayn satış mağazası və eyni zamanda 2 xidmət mərkəzini birləşdirən elektronika mağazaları şəbəkəsidir. \"WorldTelecom\"un Bakı şəhərinin bir çox yerində, həmçinin Sumqayıt və Xırdalan şəhərlərində filialları fəaliyyət göstərir. “WorldTelecom” mağazalar şəbəkəsində smartfonlar, notbuklar, qadjetlər və bir sıra məişət avadanlıqlarının satışı həyata keçirilir. Fiziki mağazalardan əlavə, ünvana sifariş etmək də mümkündür. Bunun üçün *2555 nömrəsinə zəng edə və ya 050-255-55-55 nömrəsinə whatsapp vasitəsilə yaza bilərsiniz, eyni zamanda saytımızdan da birbaşa online sifariş edə bilərsiniz. Online ödəniş, qapıda ödəniş, qapıda pos-terminalla ödəniş seçimləri mövcuddur.','1675173738.jpg','Bakı şəhəri.',1,0,1,'2023-01-31 10:02:18','2023-01-31 10:35:09',NULL),(167,'Medicus pharm','Medicus','medicus.pharm.ofis@gmail.com','66f17a34b40ec790c75f24ae1b9e4a57','medicus.pharm.ofis@gmail.com','tibb','1675174128.png','55 Abbas Mirzə Şərifzadə, Bakı 113',1,0,1,'2023-01-31 10:08:48','2023-01-31 10:35:14',NULL),(168,'AzEduNet','AzEduNet','office@azedunet.az','c48fdcfb15c8530ad1e107c77d4b8c4a','www.azedunet.az','2008-2012-ci il Təhsil Sisteminin İnformasiyalaşdırılması üzrə Dövlət Proqramı” çərçivəsində AzEduNet şirkəti təhsil sisteminə İKT-nin tətbiqi və inkişafı sahəsində bir sıra işlər həyata keçirib:\r\nÖlkənin ən iri korporativ şəbəkənin – Azərbaycan Təhsil Şəbəkəsinin – yaradılması;\r\nAzərbaycan Respublikası Təhsil Nazirliyinin nəzdində Təhsil Sisteminin İnformasiyalaşdırılması İdarəsində qurulan Məlumat və Resurs Mərkəzinin şəbəkə infrastrukturunun qurulması;\r\nÖlkənin təhsil müəssisələrində şəbəkə infrastrukturunun qurulması;\r\nTəhsil Nazirliyinin, Təhsil İdarələrinin və Şöbələrinin, orta, orta ixtisas, ali və digər təhsil müəssisələrinin Azərbaycan Təhsil Şəbəkəsinə bir sıra rabitə kanalları ilə (Fiber Optic, xDSL, VSAT, 3G) qoşulması;\r\nTəhsil müəssisələri üçün texniki dəstək xidmətinin təşkili.\r\nBu günə qədər AzEduNet şirkəti və Təhsil Nazirliyi arasında imzalanmış müqavilələr əsasında 4300-dən artıq təhsil müəssisəsi Azərbaycan Təhsil Şəbəkəsinə qoşulub və onlara texniki xidmət göstərilir.','1675176319.png','Dilarə Əliyeva küçəsi, Droqal döngəsi 702, Poçt Daşıma Mərkəzi 3-cü mərtəbə',1,0,1,'2023-01-31 10:45:19','2023-02-01 02:45:37',NULL),(169,'NN BUSİNESS GROUP','NNBUSİNESS','info@nnbusinessgroup.az','1b0c400c189453ebc7ec64c2f5821704','info@nnbusinessgroup.az','Biznes qrup','1675176701.png','Bakı şəhəri.',1,0,1,'2023-01-31 10:51:41','2023-02-01 02:45:36',NULL),(170,'Digitallab','Digitallab','info@digitallab.az','dfecd1fb4cf04d059d1a2522f0f26f71','digitallab.az','Agentliyimiz 2018-ci ildən bazarda tanınır. 4-il ərzində bir çox şirkətlərin tanınmasında və müştərilərin cəlb olunmasında rolumuz olmuşdur. Bir çox işlərimizlə portfoliomuzdan tanış ola bilərsiniz.','1675231933.png','Azadlıq prospekti 161',1,0,1,'2023-02-01 02:12:13','2023-02-01 02:45:39',NULL),(171,'Technomen','Technomen','info@technomen.az','a4148128b1d74c11623ba0d466296a24','technomen.az','Technomen şirkəti istənilən proqam təminatının proqramlaşdırılması, sistem arxitekturasının hazırlanması, İT infrastrukturun qurulması ilə məşğul olur. Əsasən tibbin, ticarətin və hərbi sahələrin avtomatlaşdırılmasına üstünlük veririk. Bu istiqamətdə onlarla gerçəkləşdirilmiş layihələrimiz mövcuddur.\r\nMissiyamız Texnoloji yenilikləri sürətli qavrayan qurupumuzla şirkətlərin informasiya texnologiyalarına olan tələbatlarını təmin etmək, tibbin, iqtisadiyyatın və hərbi sahələrin avtomatlaşdırılması.\r\nHədəfimiz Beynəlxalq arenada olan İKT yeniliklərini Azərbaycana gətirmək, böyük şirkətlərin İT xidmətlərini qarşılamaq, milli proqram təminatının və bazasının yaradılmasında tutarlı işlər görmək.','1675232661.png','Nazim Hikmət 25D, Yasamal r., Bakı Salatın Əsgərova 48, Gəncə',1,0,1,'2023-02-01 02:24:21','2023-02-01 02:45:40',NULL),(172,'Piramida Təhsil mərkəzi','Piramida','info@piramida.az','9872598cec75d528771c1e626839a156','piramida.az','Təhsil Mərkəzində – Xarici dillərin və kompyuter proqramlarının müxtəlif metodlarla öyrədilməsi həyata keçirilir.\r\nBiz sizin vaxtınıza qənaət edirik. Təhsil və karyera mərkəzində çoxillik iş təcrübəsinə əsasən intensiv tədris metodikası işlənib hazırlanmışdır. Bu metodika sizə qısa vaxt ərzində seçdiyiniz kursu tamamilə mənimsəməyə imkan yaradır. Uyğun dərs qrafiki sizə münasib olan vaxtı seçməyə imkan yaradır. Biz sizə səhər, günorta, axşam növbələrində və istirahət günü kursları təqdim edirik. Kurslar həm qrup şəklində həm də individual olaraq keçirilir..\r\nBizim coxpilləli tədris sistemində hər kəs öz baza biliyinə uyğun kurs növü seçə bilər. Geniş tədris proqram seçiminin köməkliyi ilə müxtəlif sahələrin mütəxəssisləri özləri üçün mütləq maraqlı və faydalı kurslar tapacaqlar.\r\nTəhsil Mərkəzi Bakının mərkəzində, “28 May” metrosunun yaxınlığında yerləşir. Arzu edənləri bizim Təhsil və Karyera Mərkəzini seçməyə və istənilən ixtisası əldə etməyə dəvət edirik!','1675233380.png','Füzuli küçəsi 81 (28 Mall ticarət mərkəzinin sağ girişi ilə üzbəüz)',1,0,1,'2023-02-01 02:36:20','2023-02-01 02:45:41',NULL),(173,'Azərbaycan Sənaye Korporasiyası ASC','ASCASC','office@ask.gov.az','92ad897b14ccd9570d3129d0ca36116b','https://ask.gov.az','“Azərbaycan Sənaye Korporasiyası” Açıq Səhmdar Cəmiyyətinin yaradılmasının məqsədləri aşağıdakılardır:\r\n“Milli iqtisadiyyat və iqtisadiyyatın əsas sektorları üzrə strateji yol xəritələrinin təsdiq edilməsi haqqında” Fərmanın tətbiqi ilə əlaqədar dövlət əmlakının idarə edilməsinin səmərəliliyini artırmaq.\r\nKorporativ idarəetmə prinsiplərinə əsaslanan hesabatlılıq və nəzarət sistemini formalaşdırmaq.\r\nDövlətə məxsus müəssisələr arasında əlverişli kooperasiya əlaqələrinin yaradılmasına və istehsal potensialının dəyər zəncirinin həlqələri üzrə artırılmasına nail olmaq.\r\nÖlkədə iqtisadiyyatın tarazlı, rəqabətqabiliyyətli və dayanıqlı inkişafını təmin etmək.\r\nUğurlu inkişafın təmin edilməsi üçün növbəti dövrlərdə də, müasir çağırışlar və yeni təşəbbüslər nəzərə alınmaqla, iqtisadi islahatların əsas strateji hədəflərinə uyğun bir sıra tədbirləri həyata keçirmək, o cümlədən mövcud təbii və iqtisadi resursları təsərrüfat dövriyyəsinə cəlb etmək, dövlət mülkiyyətində olan və paylarının nəzarət zərfi dövlətə məxsus olan əmlakları daha səmərəli idarə etmək.\r\nQeyri-neft sektorunun inkişaf sürətini artırmaq, regionlarda və bütövlükdə respublikada yeni iş yerlərinin açılması ilə işsizliyi aradan qaldırmaq, əhalinin maddi-rifah halının yüksəldirməsini təmin etmək.','1675233796.png','İzmir küçəsi 14, AZ1065',1,0,1,'2023-02-01 02:43:16','2023-02-01 02:45:43',NULL),(174,'Alfaparf','Alfaparf','s.vusala@viplife.az','f826203adda24432d51824463cea57a8','s.vusala@viplife.az','Kosmetoloji vəsaitlər','1675234558.png','Bakı şəhəri.',1,0,1,'2023-02-01 02:55:58','2023-02-01 03:44:48',NULL),(175,'Zeytun Pharmaceuticals','Zeytun','info@zeytunpharma.az','c21feb2031b192ff89b0dfdb1c77dc17','https://www.zeytunpharma.az/','9 oktyabr 2014-cü ildə \"Sağlamlığınızı Düşünən Apteklər Şəbəkəsi\" şüarı ilə fəaliyyətə başlayan “Zeytun Pharmaceuticals” qısa müddət ərzində peşəkar heyəti və təqdim etdiyi yüksək keyfiyyətli preparatlar, habelə xidmətlər sayəsində Azərbaycanın əczaçılıq sektorunda aparıcı mövqe qazana bilmiş və istehlakçıların etimad göstərdiyi br şirkətə çevrilmişdir. Şirkətin məqsədi idxalçısı olduğu yüksək keyfiyyətli əczaçılıq məhsulları ilə Azərbaycanın səhiyyə sisteminin həm dövlət, həm də özəl sektorunda fəaliyyət göstərən səhiyyə qurumlarına və bütün əhaliyə xidmət göstərməkdir. Bu ali missiyanı ən yüksək səviyyədə reallaşdırmaqdan ötrü şirkətin əməkdaşları yorulmadan çalışır. Şirkət portfelinə daxil olan əczaçılıq məhsullarının hər bir Azərbaycan vətəndaşının sağlam həyatı üçün ələçatımlı olmasını təmin etməkdən ötrü fəaliyyət çevrəsini təkcə Bakı şəhəri ilə məhdudlaşdırmayaraq Azərbaycanın bütün bölgələrini əhatə edir. Avtomobillərdən ibarət olan logistika mərkəzi \"Zeytun Pharmaceuticals\" -ın bütün ölkə boyu tərəfdaşlarının təchizatı işini operativ və keyfiyyətli şəkildə qurmasına zəmin yaradır. Şirkətin qazandığı uğurların əsas özəyi peşəkarcasına formalaşdırılmış peşəkar idarəetmə standartları və onların əsasında dayanan\r\nkeyfiyyət;zaman;müştərilərə diqqət və onlar qarşısında məsuliyyət;humanizm;daimi inkişaf;innovasiya;komanda işi kimi korporativ dəyərlərdir.  Bu gün Zeytun Pharma şirkəti Novartis, Sanofi, Abbott, Abdi İbrahim, Berlin Chemie, Santen, EVER, Takeda, EGIS, Actavis, Worwag, Sanovel, Nycomed, KRKA, Sandoz və s. bu kimi nəhəng istehsalçılarla sıx əməkdaşlıq edir və portfelinə yeni tərəfdaşları əlavə etməkdə davam edir.','1675235125.jpg','Zərifə Əliyeva 93, BEGOC Biznes Mərkəzi',1,0,1,'2023-02-01 03:05:25','2023-02-01 03:44:49',NULL),(176,'APPRO HOSPİTAL','APPRO1','askerzade.adile@novatorfarma.com','996fd92279868c99b3e4d688dc063dc4','askerzade.adile@novatorfarma.com','Tibb','1675235884.jpg','Abbas Səhhət, Bakı',1,0,1,'2023-02-01 03:18:04','2023-02-01 03:44:52',NULL),(177,'Caspian Telecom MMC','Caspian','info@castel.az','f2d424c2f7371fdd0db12f8c412fb76f','info@castel.az','Telecom','1675236690.png','Bakı şəhəri.',1,0,1,'2023-02-01 03:31:30','2023-02-01 03:44:53',NULL),(178,'Viplife','Viplife','h.pari@viplife.az','ce3a94b0b0c535aaf55e4d55ddd94699','https://www.viplife.az/','Kosmetoloji ləvazimatlar','1675237356.jpg','Bakı ş., Nərimanov rayonu, Aşıq Molla Cümə küç. 19b',1,0,1,'2023-02-01 03:42:36','2023-02-01 03:44:55',NULL),(179,'AzəriMed QSC','AzəriMed','office@azerimed.com','e027fe94b6d79e8a088ab2848bb37e23','https://www.azerimed.com/','Azəri Med QSC Azərbaycanın ən sürətlə inkişaf edən aparıcı tibbi tədarükçülərindən biridir. Biz xəstəxanalar, apteklər və distribyutorları yüksək keyfiyyətli əczaçılıq məhsulları, qida əlavələri, tibbi cihazlar, sərf materialları və s.ilə təmin edirik. Fəaliyyətimizin mərkəzində insan sağlamlığı dayandığı üçün, böyük məsuliyyət tələb edir və biz peşəkar kadrlarımızın köməyi ilə nəinki Bakıda, həm də Azərbaycanın müxtəlif regionlarında bunun öhdəsindən məharətlə gəlirik. Azəri Med QSC-nin sadə və aydın məqsədi var: insanlara daha yaxşı sağlamlıq yolunda kömək etmək.\r\n       Qlobal tərəfdaşlarımız və təcrübəli logistik komandamızın köməyi ilə müştərilərimizin ən yüksək keyfiyyət və sərfəli qiymətlərdən faydalanmasını təmin edirik. Həmçinin, tibbi tələblərin yerli, milli və beynəlxalq səviyyələrdə hər zaman vaxtında qarşılanmasına təminat veririk. Azəri Med QSC Roche Diagnostics GmbH, Pfizer Export B.V, Novartis Pharma Services AG, Medtronic Trading NL B.V, Sanofi-Aventis SPA, Nature’s Bounty və başqa  dünyada tanınan istehsalçılar ilə əməkdaşlıq edir.\r\n       Milli apteklər zənciri ilə qabaqcıl müştəri-yönümlü sağlamlıq şirkəti olmaq kimi ortaq bir hədəf ətrafında birləşmişik. Dəyişən istehlakçı ehtiyaclarına əsaslanaraq inkişaf edir və 170-ə yaxın apteklərimiz sayəsində vətəndaşlarımıza olduqları hər yerdə xidmət göstəririk .İnnovasiya və inkişaf, etibarlılıq, humanizm Azəri Med QSC-nin əsas dəyərləridir və məqsədimiz hər kəsin rahat şəkildə əldə edə biləcəyi yüksək keyfiyyətli yeni və çoxşaxəli tibbi məhsullar təklif etməkdir.','1675238157.jpg','Əhməd Rəcəbli 1/11, AZ1033 Azərbaycan,Bak',1,0,1,'2023-02-01 03:55:57','2023-02-01 04:12:59',NULL),(180,'Botelli','Botelli','botellicareers@gmail.com','1591b3f45b376b51f8fdff226bcb241c','botellicareers@gmail.com','Botelli','1675239573.jpg','Bakı şəhəri.',1,0,1,'2023-02-01 04:19:33','2023-02-01 04:27:17',NULL),(181,'sosmedia space','sosmedia','info@sosmedia.space','175d5412a49ef9d7cd77f5903fe1b0e9','info@sosmedia.space','Marketing','1675240250.jpg','Bakı şəhəri.',1,0,1,'2023-02-01 04:30:50','2023-02-01 04:30:50',NULL),(182,'SRM Group','SRMGroup','namiq@srm-group.az','ca3c246e0d02b524f0d45b1517313655','//www.srm-group.com','srm','1675241094.png','Bakı şəhəri.',1,0,1,'2023-02-01 04:44:54','2023-02-01 04:44:54',NULL),(183,'Healpro','Healpro','info@healpro.az','aa9cb8b626311942f0f6c2d31a229649','healpro.az','Healpro şirkəti  2018-ci ildə Bakıda yaradılan əczaçılıq şirkətidir. Şirkətimizin məhsul portfeli sağlamlıq məhsullarından, dərmanlardan, qida əlavələrindən, tibbi vasitələrdən və kosmetikadan barətdir. \r\nYüksək ixtisaslı kadrlardan ibarət olan komandamız gündəlik inkişaf, araşdırma, satış və marketinq fəaliyyətlərinin prinsiplərinə ciddi qaydada riayət edir. Məqsədimiz Azərbaycanın əczaçılıq sahəsində ən qabaqcıl əczaçılıq şirkəti olmaq və mövcud olan əczaçılıq sahəsinə yeniliklər gətirməkdir. Bunun üçün, şirkət olaraq tərəfdaşlarımızı diqqətlə seçirik və dünyanın aparıcı şirkətləri ilə işləyirik.\r\nHealpro şirkəti Bakıda və regionlarda keçirilən bir çox konfransların və tədbirlərin təşkil olunmasında iştirak edir. “Mütəmadi inkişaf” şüarını əsas tutaraq şirkətimiz bir çox həkim-mütəxəssislərin ölkədə və ölkədən kənar keçirilən elmi-tibbi konfranslarda iştirak etməsi üçün bütün şəraiti yaradır. Bundan başqa, satış və marketing fəaliyyəti ilə ciddi məşğul olan komandamız əldə olunan yeniliklərin və biliklərin həkimlərə, əczaçılara daim çatdırılması istiqamətində çalışır. Televiziya ilə sıx əməkdaşlığımızın olması isə məhsullarımız haqqında məlumatların kütləvi şəkildə əhaliyə çatdırılması üçün bir fürsətdir.\r\nPortfelimizə daxil olan hər bir məhsula indiviudal yanaşma uğurumuzun əsas səbəbidir. \r\nXidmətimizin ən önəmli ünsürü insanların məhsullarımızdan fayda əldə etməsi və bu fayda əsasında yaranan güvən ilə onların daimi məmnuniyyətini,etibarını qazanmaqdır. Məhz bu yolda şirkətimiz “Faydadan doğan güvən” şüarı altında irəli getməyi hədəfləməkdədir. Bunun üçün həm komandamız, həm partnyorlarımız, həm də müştərilərimiz ilə birlikdə davamlı inkişaf yollarının axtarışındayıq.\r\nHealpro şirkətinin daim yenilənən və böyüyən məhsul portfeli ilə sadəcə Azərbaycan hüdudlarında deyil, gələcəkdə Azərbaycandan kənarda da əczaçılıq sektoruna daxil olmağı hədəfləyir.','1675250808.png','Nərimanov rayonu, Əhməd Rəcəbli küçəsi 156 OFİS AYNALİ PLAZA, Bakı, Azərbaycan',0,0,1,'2023-02-01 07:26:48','2023-02-01 09:03:06',NULL),(184,'149 Avtotelim','149Avtotelim','office@149avtotelim.az','39a81346f05d1f0a9f9639b677223295','149avtotelim.az','149 Avto Təlim kursları rəsmi şəkildə fəaliyyət göstərir. Şirkət təsis olunan ilk gündən bu günə kimi yüzlərlə tələbələrimiz avtomobil idarəetməni mənimsəmiş və peşəkar olaraq DYP imtahanı uğurla keçib sürücülük vəsiqəsini əldə etmişdir. Məqsədimiz daha peşəkar sürücülər öyrətmək, yolları daha təhlükəsiz etməkdir. 149 Avto Təlim kursları 2 sfera üzrə tədris olunur : 1) Praktiki təlim 2) Nəzəriyyə dərsləri\r\nPraktiki təlim- B kateqoriyası üzrə tədris olunan təlim dərslərimiz qarşılıqlı imzalanmış müqavilə ilə həyata keçirilir. Avtoparkımız Kia, Hyundai, Toyota və s markalı avtomat və mexaniki sürətlər qutulu avtomobillərlə təmin olunub. Avtomobillər xüsusi GPS cihazları ilə təchiz olunmuşdur. Əməkdaşlarımız tərəfindən təlim dərsləri 24/7 müşahidə kameraları ilə izlənilir. Hər dərsin sonu operatorlarımız tələbələr ilə əlaqə yaradır, təklif və iradlarını nəzərə alır. Şirkət praktiki təlim ilə yanaşı nəzəriyyə dərslərini də sizlərə təqdim edir. A, B, BC, D, E- kateqoriyaları üzrə nəzəriyyə dərslərimiz peşəkar müəllimlər tərəfindən tədris olunur. Xüsusi sinif otağında keçirilən dərslərimiz 1 ay ərzində, həftədə 3 dəfə olmaqla keçirilir.','1675251249.jpg','Bakı şəhəri, Yasamal rayonu, Şərifzadə küçəsi 241 e',0,0,1,'2023-02-01 07:34:09','2023-02-01 09:03:08',NULL),(185,'Bizim Yükdaşıma','BizimYükdaşıma','info@bizimyuk.az','875c17f9c95e44297b9396ae492dd55e','bizimyuk.az','Biz nə edirik? Məhsulların yüklənib təyinat nöqtəsinə çatdırılmasına qədər olan bütün prosesləri həyata keçiririk. Daim müştərilərimizin xidmətində olmaq və operativ xidmət göstərmək məqsədilə 878 əlaqə xəttimiz 7/24 ölkənin istənilən nöqtəsindən zəngləri qəbul edir. Göstərdiyimiz xidmətin müştərilərimizə rahat və əlçatan olması məqsədilə xidmət sahələrimiz genişlənməyə davam edir. Şirkətimiz yükdaşıma sahəsi ilə fəaliyyətə başlasa da, hazırda müxtəlif kompleks xidmətləri – yükdaşıma, logistika, evakuasiya, işçi qüvvəsi, usta və anbar xidmətlərini müştərilərinə təqdim edib.','1675251652.png','Bakı şəhəri, Yasamal rayonu, Şərifzadə küçəsi 241 e',0,0,1,'2023-02-01 07:40:52','2023-02-01 09:03:09',NULL),(186,'Polemak','Polemak','polemakgroup@gmail.com','050b68c5664c869f1296bd67cab73a57','polemak.az','Plastik məhsulların istehsalı və satışı','1675252721.jpg','sədərək',0,0,1,'2023-02-01 07:58:41','2023-02-01 09:03:10',NULL),(187,'Smart Brain Company','SmartBrainCompany','kenan.tarverdi@smartbrain.az','f7a6106e706da35a224ef7d779f39cb9','kenan.tarverdi@smartbrain.az','SmartBrainCompany','1675254282.jpg','Sumqayıt şəhəri',0,0,1,'2023-02-01 08:24:42','2023-02-01 09:03:11',NULL),(188,'Avaz Aptek','AvazAptek','avaz.pharmacy@gmail.com','40b0b6aa6ff7755f61e757972edbb75b','avaz.pharmacy@gmail.com','Aptek','1675255503.jpg','Həsən Əliyev küç',0,0,1,'2023-02-01 08:45:03','2023-02-01 09:03:13',NULL),(189,'CAN-PA MMC','CANPA1','info@can-pa.com','dca0bbc0ec5f8720adbb41fe4c188bdb','can-pa.com','“CAN-PA” MMC olaraq yolumuza 1993-cü ildə Can markasını daşıyan şirniyyat istehsalıyla başladıq. Onlarca dadı damaqda qalacaq lokum çeşidləri, bir-birindən ləzzətli marmalad, pişmaniye,draje, nogul , paxlava, şəkərbura kimi bir neçə şirniyyat çeşidləri istehsal etməklə yanaşı, distribütörlüyünü etdiyi Elit, Taha firmalarının çeşidləri ilə illərdir milli şirniyyat sahəsində fəaliyyətini davam etdirir. Keyfiyyəti və görünüşü ilə daim diqqət çəkən Can məhsulları xarici ölkələrdə də seçilir. 2018-ci ildə ölkəmizdə keçirilən Beynəlxalq Qida Sərgisində \"Ən Gözəl Stend\" nominasiyasına layiq görülən \"CAN-PA\" MMC, eyni ildə Özbəkistanın Beynəlxalq Qida Sərgisində də \"Ən Yaxşı Məhsul\" nominasiyası ilə mükafatlandırılmışdır.','1675256219.png','Bakı şəhəri.',0,0,1,'2023-02-01 08:56:59','2023-02-01 09:03:15',NULL),(190,'İnternational BOKT','İnternationalBOKT','info@icu.az','338857bc00619b50328d3f9948a27716','icu.az','bank olmayan kredit təşkilatı','1675257645.jpg','Nərimanov ray. M.K.Atatürk prospekti 2A',0,0,1,'2023-02-01 09:20:45','2023-02-01 09:32:29',NULL),(191,'Naxcivan Turizm','NaxcivanTurizm','info@naxtur.com','9096cab25e914352a430b86f17eee4f2','turizm.nakhchivan.az','turizm','1675258210.png','Təbriz küçəsi 8 Naxçıvan şəhəri 7000',0,0,1,'2023-02-01 09:30:10','2023-02-01 09:32:31',NULL),(192,'Aramex','Aramex','fakhriye@aramex.com','5250feb4f1b8cda101e20415f5be140c','aramex.com','aramex','1675259238.png','Nərimanov ray',0,0,1,'2023-02-01 09:47:18','2023-02-01 10:03:20',NULL),(193,'Rahat Bina','RahatBina','info@rahatbina.az','ba2d11bb94b8303aa2e924e988e48751','rahatbina.az','yaşayış kompleksi','1675259997.jpg','Bakı şəhəri.',0,0,1,'2023-02-01 09:59:57','2023-02-01 10:03:21',NULL),(194,'Recruitment Center','RecruitmentCenter','rec.cen.hr@gmail.com','cdafd19811c7c477892dc0f5f403892c','rec.cen.hr@gmail.com','turizm','1675260931.png','Bakı şəhəri.',0,0,1,'2023-02-01 10:15:31','2023-02-01 10:23:40',NULL),(195,'MAX-A CONSULTING','MAXACONSULTING','islambalabayov1978@gmail.com','aa9ca0cbec082559a0dc55a85f92d7be','islambalabayov1978@gmail.c','MAXACONSULTING','1675261308.png','Bakı şəhəri.',0,0,1,'2023-02-01 10:21:48','2023-02-01 10:23:42',NULL),(196,'Laliga lounge','Laligalounge','hr.laligalounge@gmail.com','57b35add735570c1a5b04476136ef951','hr.laligalounge@gmail.com','Laligalounge','1675262360.jpg','Z. Xalilov 25B Baku AZ, 1148 Zahid Xəlilov, Bak',0,0,1,'2023-02-01 10:39:20','2023-02-01 10:43:09',NULL),(197,'Arxstudiya XM','Arxstudiya','info@arxstudiya.az','f62c044f6f855fd32fa14d8eb12c94f2','arxstudiya.az','Şirkət haqqında\r\nMemar Xəlil Cəfərov tərəfindən 2014-cü ildə təsis edilən “Arxstudiya XM” MMC keçmiş illərdə fəaliyyət göstərmiş “Memarlıq və İnşaat” şirkətinin yaradıcılıq ənənələrini davam etdirir. Təcrübəli, peşəkar mütəxəssislərdən ibarət olan kollektiv qarşıya qoyulan istənilən tapşırığı tez və keyfiyyətlə yerinə yetirir. “Arxstudiya XM” kollektivi müxtəlif təyinatlı binaların, şəhər və başqa iri yaşayış məskənlərinin layihələndirilməsi, landşaft memarlığı və interyerlərin dizayn layihələrinin hazırlanması imkanlarına malikdir.Fəaliyyət göstərdiyi dövr ərzində kollektiv memar Xəlil Cəfərovun rəhbərliyi ilə bir sıra maraqlı işlər layihələndirmişdir.','1675263138.png','Ünvan: Xətai rayonu, 8 Noyabr pr. \"AZURE\" Biznes Mərkəzi, Bakı, Azərbaycan',0,0,1,'2023-02-01 10:52:18','2023-02-01 10:54:53',NULL),(198,'Baku Klişe','BakuKlişe','info@bakuklise.com','29af04f6b61b42a61eaebf44f8059330','bakuklise.com','Texnoloji','1675318378.png','Bakı şəhəri.',0,0,1,'2023-02-02 02:12:58','2023-02-02 03:07:02',NULL),(199,'Bumeranq-tur','Bumeranq','info@bumerang-tur.az','f19d878ed74161c07321bbfd39f9a46b','bumerang-tur.az','Sizə səyahət üçün ən yaxşı yerləri seçməyinizdə  köməklik göstərəcəyik. İxtisaslaşmış səyahət məsləhətçilərimiz sizə eksklüziv istirahət paketlərini məmnuniyyətlə təklif edir. Biz istirahətinizi unudulmaz edəcək müxtəlif xidmətləri sizə təklif edirik.\r\nXidmətlərimizə aşağıdakılar daxildir:Dünyanın istənilən nöqtəsindən otel sifarişi.','1675321255.jpg','BAKİ S. HANİFA ALASGEROV KÜÇ.75B',0,0,1,'2023-02-02 03:00:55','2023-02-02 03:07:03',NULL),(200,'Senser606','Senser606','senserlingerie@mail.ru','5ca79309c725cf6f8cc04d2ea83426ce','senserlingerie@mail.ru','iç geyim','1675321954.jpg','Elmlər (H.Cavid pr.)',1,0,1,'2023-02-02 03:12:34','2023-02-02 03:12:34',NULL),(201,'Modern Hotel','ModernHotel','hr@modernhotel.az','3c0bae10aaf02b961f749fdd2d17a471','modernhotel.az','otel','1675323491.jpg','188 Mirəli Qaşqay, Bakı',1,0,1,'2023-02-02 03:38:11','2023-02-02 03:38:11',NULL);
/*!40000 ALTER TABLE `company_users` ENABLE KEYS */;
UNLOCK TABLES;

--
-- Table structure for table `configs`
--

DROP TABLE IF EXISTS `configs`;
/*!40101 SET @saved_cs_client     = @@character_set_client */;
/*!40101 SET character_set_client = utf8 */;
CREATE TABLE `configs` (
  `id` bigint(20) unsigned NOT NULL AUTO_INCREMENT,
  `key` varchar(255) COLLATE utf8_general_ci NOT NULL,
  `value` longtext COLLATE utf8_general_ci NOT NULL,
  PRIMARY KEY (`id`)
) ENGINE=InnoDB AUTO_INCREMENT=30 DEFAULT CHARSET=utf8 COLLATE=utf8_general_ci;
/*!40101 SET character_set_client = @saved_cs_client */;

--
-- Dumping data for table `configs`
--

LOCK TABLES `configs` WRITE;
/*!40000 ALTER TABLE `configs` DISABLE KEYS */;
INSERT INTO `configs` VALUES (2,'infoEmail','info@flejob.az'),(3,'infoAddress','İzzət həmidov 18'),(4,'terms_description_az','<p>Qaydalar və şərtlər:<br />&nbsp; &nbsp;Flejob.az sizə iş və iş&ccedil;i tapmaqda k&ouml;məklik edəcək platformadır. Saytımızda şirkət olaraq qeydiyyatdan ke&ccedil;ib, vakansiyalarınızı paylaşa, fərdi şəxs olaraq CV-lərinizi yerləşdirə bilərsiniz. Yerləşdirəcəyiniz ilk elan &ouml;dənişsiz olaraq paylaşılacaq. <br />&nbsp; &nbsp;Sayta elan və ya CV y&uuml;kləmək &uuml;&ccedil;&uuml;n qeydiyyatdan ke&ccedil;mək lazımdır. Elan və CV yerləşdirərkən b&uuml;t&uuml;n xanaları doldurmaq zəruridir. <br />Diqqət: Saytda yerləşdirilən vakansiyalar moderator tərəfindən yoxlanılacaq. Ş&uuml;bhəli g&ouml;r&uuml;nən elanlar qəbul edilmir və email vasitəsilə xəbərdarlıq edilir.<br />&nbsp; &nbsp;Şirkət və iş axtaran arasında yazışma sistemi m&ouml;vcuddur. İş axtaranlar vakansiyaya onlayn şəkildə m&uuml;raciət edə bilərlər. <br />Qiymətlər: Hər bir şirkətin 1 &ouml;dənişsiz vakansiya paylaşmaq haqqı var. İlk vakansiyadan sonra paylaşılacaq hər bir vakansiya &uuml;&ccedil;&uuml;n əlavə olaraq 5₼ &ouml;dəniş edilməlidir. Bir g&uuml;nl&uuml;k premium (vip) elan 1₼ və vakansiya siyahısında bir g&uuml;n &ouml;nə &ccedil;ıxmaq 1₼ təşkil edir. Əsas səhifədə bir aylıq &ldquo; Ən yaxşı şirkətlər&rdquo; siyahısında olmaq &uuml;&ccedil;&uuml;n 50₼ &ouml;dəniş etməlisiniz. Bir ay ərzində yalnız 8 şirkət bu siyahıya daxil ola bilər. <br />&nbsp; &nbsp;CV yerləşdirmək tamamilə &ouml;dənişsizdir. CV &uuml;&ccedil;&uuml;n bir g&uuml;nl&uuml;k premium xidmət haqqı 1₼ təşkil edir. CV siyahısında bir g&uuml;nl&uuml;k &ouml;nə &ccedil;ıxmaq &uuml;&ccedil;&uuml;n 1₼ &ouml;dəniş edilməlidir.<br />&nbsp; &nbsp;Premium (vip) elanlar digər elanlardan fərqlənir. Ayrı b&ouml;lmədə &ouml;nə &ccedil;ıxır. <br />Qeyd: Flejob.az- işəd&uuml;zəltmə saytı deyil. Məqsədimiz işə g&ouml;t&uuml;rən və iş&ccedil;i arasında vasitə&ccedil;i olmaqdır.</p>'),(5,'terms_title_az','Qaydalar və şərtlər'),(6,'infoPhone','+994508330122'),(7,'premium_price','5'),(8,'about_title_az','Haqqımızda'),(9,'about_description_az','Flejob.az doğru iş üçün doğru insan fəlsəfəsinə əsaslanır. Buna görə də şirkətləri və iş axtaranları ən doğru şəkildə bir araya gətirməyi hədəfləyir. İşə götürən və işçi arasında vasitəçisiz əlaqə yaratma imkanı yaradır. Bu platformada axtardığınız, sizə uyğun olan işi və ya işçini ən qısa zamanda tapa bilərsiniz. Saytımız vasitəsilə siz şirkətinizin ixtisaslı işçilər qazanmasını təmin edə, uğurunuza uğur əlavə etməyə davam edə bilərsiniz. Azərbaycan daxilində iş axtaran, xəyal etdiyiniz karyeraya çatmağı Flejob.az daha asan və sürətli şəkildə reallaşdırmağınıza yardım edir. Siz də üzv olaraq, iş elanlarına, axtardığınız kadrlara qısa zamanda çata bilərsiniz.'),(10,'vacancy_price','10'),(11,'about_title_ru','О нас'),(12,'about_description_ru','Фледжоб. az стремится объединить компании и соискателей наиболее подходящим образом, основываясь на философии правильного человека для правильной работы. Flejob — одна из ведущих отраслевых платформ по поиску работы, где вы можете получить доступ к большому количеству объявлений о вакансиях и найти сотрудника, которого ищете, в кратчайшие сроки. С помощью нашего сайта вы можете убедиться, что ваша компания получает квалифицированных сотрудников и продолжает прибавлять успех к вашему успеху. Flejob позволяет соискателям в Азербайджане достичь желаемой карьеры с текущими объявлениями о вакансиях. Зарегистрировавшись немедленно, за короткое время вы сможете получить доступ к объявлениям о вакансиях и персоналу, которого вы ищете.'),(13,'about_title_en','About us'),(14,'about_description_en','Flejob. az aims to bring together companies and job seekers in the most appropriate way, based on the philosophy of the right person for the right job. Flejob is one of the industry\'s leading job-searching platforms where you can access a large number of job postings and find the employee you are looking for in no time. Through our site, you can ensure that your company gains qualified employees and continue to add success to your success. Flejob enables job seekers in Azerbaijan to reach their desired careers with current job announcements. By registering immediately, in a short time, you can reach the job announcements and the personnel you are looking for.'),(15,'terms_description_en','Flejob.az - enables companies to post a free ad. Job seekers can also post their CVs on the site for free. To upload an advertisement and CV to the site, registration is required. When posting a job advertisement and CV, it is necessary to fill it correctly and completely. Vacancies posted on the site will be checked by the moderator. Ads that look suspicious will not be accepted and will be warned by email. Companies can view the information of job seekers and find a suitable candidate on the platform. Job seekers can apply for the vacancy online. There is a correspondence system between the company and the job seeker. Companies will have to pay extra if they want to post more than one ad. Companies can make their ads premium for one day.'),(16,'terms_title_en','Terms and conditions'),(17,'terms_title_ru','Условия и правила'),(18,'terms_description_ru','Flejob.az - позволяет компаниям разместить бесплатное объявление. Соискатели также могут бесплатно размещать свои резюме на сайте. Для загрузки объявления и резюме на сайт необходима регистрация. При размещении объявления о работе и резюме необходимо правильно и полностью заполнить его. Размещенные на сайте вакансии будут проверены модератором. Объявления, которые выглядят подозрительно, не будут приняты и будут предупреждены по электронной почте. Компании могут просматривать информацию о соискателях и находить подходящего кандидата на платформе. Соискатели могут подать заявку на вакансию онлайн. Существует система переписки между компанией и соискателем. Компаниям придется доплатить, если они захотят разместить более одного объявления. Компании могут сделать свою рекламу премиальной на один день.'),(19,'instagram','https://www.instagram.com/flejob.az/?next=%2Funitedsport.uz%2Freels%2F'),(20,'facebook','https://www.facebook.com/profile.php?id=100089505305132'),(21,'linkedin','temp'),(22,'telegram','temp'),(24,'ads_description_az','<p><a href=\"https://flejob.az\" target=\"_blank\" rel=\"noopener\">Flejob.az</a> saytında reklam yerləşdirmək sizin markanızı, məhsullarınızı, şirkətinizi, xidmətlərinizi daha &ccedil;ox cəmiyyətə &ccedil;atdırmağa imkan yaradır. Bu sayədə sizin brendiniz k&uuml;tləvi formada yayımlanır. Markanızın tanınması &uuml;&ccedil;&uuml;n əhəmiyyətli rol oynayan saytda reklam b&ouml;lməsi məhsulllarınızı daha geniş auditoriyaya n&uuml;mayiş etdirir.<br />Əlaqə &uuml;&ccedil;&uuml;n: <a href=\"mailto:reklam@flejob.az\" target=\"_blank\" rel=\"noopener\">reklam@flejob.az</a></p>'),(25,'ads_title_az','Flejobda Reklam'),(26,'ads_title_en','Advertising on Flejob'),(27,'ads_description_en','<p>Placing an advertisement on the <a href=\"https://flejob.az\" target=\"_blank\" rel=\"noopener\">Flejob.az</a> site allows you to convey your brand, products, company, and services to more people. Thanks to this, your brand is broadcast in a massive form. The advertising section of the site plays an important role in the recognition of your brand, showing your products to a wider audience.<br />For contact: <a href=\"mailto:reklam@flejob.az\" target=\"_blank\" rel=\"noopener\">reklam@flejob.az</a></p>'),(28,'ads_title_ru','Реклама на Flejob'),(29,'ads_description_ru','<p>Размещение рекламы на сайте <a href=\"../../\" target=\"_blank\" rel=\"noopener\">Flejob.az</a> позволяет донести информацию о вашем бренде, товарах, компании и услугах до большего количества людей. Благодаря этому ваш бренд транслируется в массовом виде. Рекламный раздел сайта играет важную роль в узнаваемости вашего бренда, показывая вашу продукцию более широкой аудитории.<br />Для связи: <a href=\"mailto:reklam@flejob.az\" target=\"_blank\" rel=\"noopener\">reklam@flejob.az</a></p>');
/*!40000 ALTER TABLE `configs` ENABLE KEYS */;
UNLOCK TABLES;

--
-- Table structure for table `contact_messages`
--

DROP TABLE IF EXISTS `contact_messages`;
/*!40101 SET @saved_cs_client     = @@character_set_client */;
/*!40101 SET character_set_client = utf8 */;
CREATE TABLE `contact_messages` (
  `id` bigint(20) unsigned NOT NULL AUTO_INCREMENT,
  `FullName` varchar(255) COLLATE utf8_general_ci NOT NULL,
  `Phone` varchar(255) COLLATE utf8_general_ci NOT NULL,
  `Email` varchar(255) COLLATE utf8_general_ci NOT NULL,
  `Subject` varchar(255) COLLATE utf8_general_ci NOT NULL,
  `Message` varchar(255) COLLATE utf8_general_ci NOT NULL,
  `created_at` timestamp NULL DEFAULT NULL,
  `updated_at` timestamp NULL DEFAULT NULL,
  PRIMARY KEY (`id`)
) ENGINE=InnoDB AUTO_INCREMENT=2 DEFAULT CHARSET=utf8 COLLATE=utf8_general_ci;
/*!40101 SET character_set_client = @saved_cs_client */;

--
-- Dumping data for table `contact_messages`
--

LOCK TABLES `contact_messages` WRITE;
/*!40000 ALTER TABLE `contact_messages` DISABLE KEYS */;
INSERT INTO `contact_messages` VALUES (1,'Anar Mikayilov','+994508330122','info@flegri.com','перенос домена на чужое имя','kgggggggggggjbmç','2023-01-19 10:06:20','2023-01-19 10:06:20');
/*!40000 ALTER TABLE `contact_messages` ENABLE KEYS */;
UNLOCK TABLES;

--
-- Table structure for table `education`
--

DROP TABLE IF EXISTS `education`;
/*!40101 SET @saved_cs_client     = @@character_set_client */;
/*!40101 SET character_set_client = utf8 */;
CREATE TABLE `education` (
  `id` bigint(20) unsigned NOT NULL AUTO_INCREMENT,
  `EducationName` varchar(255) COLLATE utf8_general_ci NOT NULL,
  `YearStart` smallint(6) NOT NULL,
  `YearEnd` smallint(6) NOT NULL,
  `EducationLevel_Id` bigint(20) unsigned NOT NULL,
  `user_id` bigint(20) unsigned NOT NULL,
  `created_at` timestamp NULL DEFAULT NULL,
  `updated_at` timestamp NULL DEFAULT NULL,
  PRIMARY KEY (`id`),
  KEY `education_user_id_foreign` (`user_id`),
  KEY `education_educationlevel_id_foreign` (`EducationLevel_Id`)
) ENGINE=InnoDB AUTO_INCREMENT=3 DEFAULT CHARSET=utf8 COLLATE=utf8_general_ci;
/*!40101 SET character_set_client = @saved_cs_client */;

--
-- Dumping data for table `education`
--

LOCK TABLES `education` WRITE;
/*!40000 ALTER TABLE `education` DISABLE KEYS */;
INSERT INTO `education` VALUES (1,'Azərbaycan Dövlət İqtisad Universiteti',2015,2019,3,2,'2023-01-25 11:07:44','2023-01-25 11:07:44'),(2,'Code Academy',2022,2023,1,2,'2023-01-25 11:07:44','2023-01-25 11:07:44');
/*!40000 ALTER TABLE `education` ENABLE KEYS */;
UNLOCK TABLES;

--
-- Table structure for table `education_level_langs`
--

DROP TABLE IF EXISTS `education_level_langs`;
/*!40101 SET @saved_cs_client     = @@character_set_client */;
/*!40101 SET character_set_client = utf8 */;
CREATE TABLE `education_level_langs` (
  `id` bigint(20) unsigned NOT NULL AUTO_INCREMENT,
  `EducationLevelName` varchar(255) COLLATE utf8_general_ci NOT NULL,
  `education_level_id` bigint(20) unsigned NOT NULL,
  `lang_id` bigint(20) unsigned NOT NULL,
  `created_at` timestamp NULL DEFAULT NULL,
  `updated_at` timestamp NULL DEFAULT NULL,
  PRIMARY KEY (`id`),
  KEY `education_level_langs_education_level_id_foreign` (`education_level_id`),
  KEY `education_level_langs_lang_id_foreign` (`lang_id`),
  CONSTRAINT `education_level_langs_education_level_id_foreign` FOREIGN KEY (`education_level_id`) REFERENCES `education_levels` (`id`),
  CONSTRAINT `education_level_langs_lang_id_foreign` FOREIGN KEY (`lang_id`) REFERENCES `langs` (`id`)
) ENGINE=InnoDB AUTO_INCREMENT=16 DEFAULT CHARSET=utf8 COLLATE=utf8_general_ci;
/*!40101 SET character_set_client = @saved_cs_client */;

--
-- Dumping data for table `education_level_langs`
--

LOCK TABLES `education_level_langs` WRITE;
/*!40000 ALTER TABLE `education_level_langs` DISABLE KEYS */;
INSERT INTO `education_level_langs` VALUES (1,'Secondary education',1,1,'2023-01-17 05:35:24','2023-01-17 05:35:24'),(2,'Orta təhsil',1,2,'2023-01-17 05:35:24','2023-01-17 05:35:24'),(3,'Среднее образование',1,3,'2023-01-17 05:35:24','2023-01-17 05:35:24'),(4,'Undergraduate',2,1,'2023-01-17 05:36:36','2023-01-17 05:36:36'),(5,'Subbakalavr',2,2,'2023-01-17 05:36:36','2023-01-17 05:36:36'),(6,'Техникум',2,3,'2023-01-17 05:36:36','2023-01-17 05:36:36'),(7,'Bachelors',3,1,'2023-01-17 05:37:23','2023-01-17 05:37:23'),(8,'Bakalavr',3,2,'2023-01-17 05:37:23','2023-01-17 05:37:23'),(9,'Бакалавриат',3,3,'2023-01-17 05:37:23','2023-01-17 05:37:23'),(10,'Master',4,1,'2023-01-17 05:39:12','2023-01-17 05:39:12'),(11,'Magistr',4,2,'2023-01-17 05:39:12','2023-01-17 05:39:12'),(12,'Магистерское образование',4,3,'2023-01-17 05:39:12','2023-01-17 05:39:12'),(13,'Doctorate',5,1,'2023-01-17 05:41:18','2023-01-17 05:41:18'),(14,'Dоktоrantura',5,2,'2023-01-17 05:41:18','2023-01-17 05:41:18'),(15,'Докторантура',5,3,'2023-01-17 05:41:18','2023-01-17 05:41:18');
/*!40000 ALTER TABLE `education_level_langs` ENABLE KEYS */;
UNLOCK TABLES;

--
-- Table structure for table `education_levels`
--

DROP TABLE IF EXISTS `education_levels`;
/*!40101 SET @saved_cs_client     = @@character_set_client */;
/*!40101 SET character_set_client = utf8 */;
CREATE TABLE `education_levels` (
  `id` bigint(20) unsigned NOT NULL AUTO_INCREMENT,
  `created_at` timestamp NULL DEFAULT NULL,
  `updated_at` timestamp NULL DEFAULT NULL,
  PRIMARY KEY (`id`)
) ENGINE=InnoDB AUTO_INCREMENT=6 DEFAULT CHARSET=utf8 COLLATE=utf8_general_ci;
/*!40101 SET character_set_client = @saved_cs_client */;

--
-- Dumping data for table `education_levels`
--

LOCK TABLES `education_levels` WRITE;
/*!40000 ALTER TABLE `education_levels` DISABLE KEYS */;
INSERT INTO `education_levels` VALUES (1,'2023-01-17 05:35:24','2023-01-17 05:35:24'),(2,'2023-01-17 05:36:36','2023-01-17 05:36:36'),(3,'2023-01-17 05:37:23','2023-01-17 05:37:23'),(4,'2023-01-17 05:39:12','2023-01-17 05:39:12'),(5,'2023-01-17 05:41:18','2023-01-17 05:41:18');
/*!40000 ALTER TABLE `education_levels` ENABLE KEYS */;
UNLOCK TABLES;

--
-- Table structure for table `forget_password_requests`
--

DROP TABLE IF EXISTS `forget_password_requests`;
/*!40101 SET @saved_cs_client     = @@character_set_client */;
/*!40101 SET character_set_client = utf8 */;
CREATE TABLE `forget_password_requests` (
  `id` bigint(20) unsigned NOT NULL AUTO_INCREMENT,
  `user_id` bigint(20) unsigned DEFAULT NULL,
  `Company_id` bigint(20) unsigned DEFAULT NULL,
  `code` varchar(255) COLLATE utf8_general_ci NOT NULL,
  `type` varchar(255) COLLATE utf8_general_ci NOT NULL,
  `endTime` timestamp NOT NULL DEFAULT CURRENT_TIMESTAMP ON UPDATE CURRENT_TIMESTAMP,
  PRIMARY KEY (`id`),
  KEY `forget_password_requests_user_id_foreign` (`user_id`),
  KEY `forget_password_requests_company_id_foreign` (`Company_id`)
) ENGINE=InnoDB AUTO_INCREMENT=4 DEFAULT CHARSET=utf8 COLLATE=utf8_general_ci;
/*!40101 SET character_set_client = @saved_cs_client */;

--
-- Dumping data for table `forget_password_requests`
--

LOCK TABLES `forget_password_requests` WRITE;
/*!40000 ALTER TABLE `forget_password_requests` DISABLE KEYS */;
INSERT INTO `forget_password_requests` VALUES (1,NULL,6,'4665','Company','2023-01-16 04:23:24'),(2,NULL,6,'1134','Company','2023-01-16 04:27:14'),(3,NULL,89,'9116','Company','2023-01-23 05:28:32');
/*!40000 ALTER TABLE `forget_password_requests` ENABLE KEYS */;
UNLOCK TABLES;

--
-- Table structure for table `langs`
--

DROP TABLE IF EXISTS `langs`;
/*!40101 SET @saved_cs_client     = @@character_set_client */;
/*!40101 SET character_set_client = utf8 */;
CREATE TABLE `langs` (
  `id` bigint(20) unsigned NOT NULL AUTO_INCREMENT,
  `LanguageName` varchar(255) COLLATE utf8_general_ci NOT NULL,
  `LanguageCode` varchar(255) COLLATE utf8_general_ci NOT NULL,
  `LanguageFlag` varchar(255) COLLATE utf8_general_ci DEFAULT NULL,
  `created_at` timestamp NULL DEFAULT NULL,
  `updated_at` timestamp NULL DEFAULT NULL,
  PRIMARY KEY (`id`)
) ENGINE=InnoDB AUTO_INCREMENT=4 DEFAULT CHARSET=utf8 COLLATE=utf8_general_ci;
/*!40101 SET character_set_client = @saved_cs_client */;

--
-- Dumping data for table `langs`
--

LOCK TABLES `langs` WRITE;
/*!40000 ALTER TABLE `langs` DISABLE KEYS */;
INSERT INTO `langs` VALUES (1,'English','en','en/en','2022-10-03 09:23:31','2022-10-03 09:23:31'),(2,'Azerbaijan','az','az/az','2022-10-03 09:23:35','2022-10-03 09:23:35'),(3,'Russian','ru','ru/ru','2023-01-05 05:59:13','2023-01-05 05:59:13');
/*!40000 ALTER TABLE `langs` ENABLE KEYS */;
UNLOCK TABLES;

--
-- Table structure for table `languages`
--

DROP TABLE IF EXISTS `languages`;
/*!40101 SET @saved_cs_client     = @@character_set_client */;
/*!40101 SET character_set_client = utf8 */;
CREATE TABLE `languages` (
  `id` bigint(20) unsigned NOT NULL AUTO_INCREMENT,
  `LanguageName` varchar(255) COLLATE utf8_general_ci NOT NULL,
  `created_at` timestamp NULL DEFAULT NULL,
  `updated_at` timestamp NULL DEFAULT NULL,
  PRIMARY KEY (`id`)
) ENGINE=InnoDB AUTO_INCREMENT=8 DEFAULT CHARSET=utf8 COLLATE=utf8_general_ci;
/*!40101 SET character_set_client = @saved_cs_client */;

--
-- Dumping data for table `languages`
--

LOCK TABLES `languages` WRITE;
/*!40000 ALTER TABLE `languages` DISABLE KEYS */;
INSERT INTO `languages` VALUES (4,'Azərbaycan dili','2023-01-16 09:35:54','2023-01-16 09:35:54'),(5,'İngilis dili','2023-01-16 09:36:08','2023-01-16 09:36:08'),(6,'Rus dili','2023-01-16 09:36:17','2023-01-16 09:36:17'),(7,'Alman dili','2023-01-16 09:36:24','2023-01-16 09:36:24');
/*!40000 ALTER TABLE `languages` ENABLE KEYS */;
UNLOCK TABLES;

--
-- Table structure for table `links`
--

DROP TABLE IF EXISTS `links`;
/*!40101 SET @saved_cs_client     = @@character_set_client */;
/*!40101 SET character_set_client = utf8 */;
CREATE TABLE `links` (
  `id` bigint(20) unsigned NOT NULL AUTO_INCREMENT,
  `LinkName` varchar(255) COLLATE utf8_general_ci NOT NULL,
  `Link` varchar(255) COLLATE utf8_general_ci NOT NULL,
  `user_id` bigint(20) unsigned NOT NULL,
  `created_at` timestamp NULL DEFAULT NULL,
  `updated_at` timestamp NULL DEFAULT NULL,
  PRIMARY KEY (`id`),
  KEY `links_user_id_foreign` (`user_id`)
) ENGINE=InnoDB DEFAULT CHARSET=utf8 COLLATE=utf8_general_ci;
/*!40101 SET character_set_client = @saved_cs_client */;

--
-- Dumping data for table `links`
--

LOCK TABLES `links` WRITE;
/*!40000 ALTER TABLE `links` DISABLE KEYS */;
/*!40000 ALTER TABLE `links` ENABLE KEYS */;
UNLOCK TABLES;

--
-- Table structure for table `messages`
--

DROP TABLE IF EXISTS `messages`;
/*!40101 SET @saved_cs_client     = @@character_set_client */;
/*!40101 SET character_set_client = utf8 */;
CREATE TABLE `messages` (
  `id` bigint(20) unsigned NOT NULL AUTO_INCREMENT,
  `Vacancy_id` bigint(20) unsigned NOT NULL,
  `Title` varchar(255) COLLATE utf8_general_ci NOT NULL,
  `message` varchar(255) COLLATE utf8_general_ci NOT NULL,
  `UserId` bigint(20) unsigned NOT NULL,
  `created_at` timestamp NULL DEFAULT NULL,
  `updated_at` timestamp NULL DEFAULT NULL,
  PRIMARY KEY (`id`),
  KEY `messages_userid_foreign` (`UserId`),
  KEY `messages_vacancy_id_foreign` (`Vacancy_id`)
) ENGINE=InnoDB AUTO_INCREMENT=5 DEFAULT CHARSET=utf8 COLLATE=utf8_general_ci;
/*!40101 SET character_set_client = @saved_cs_client */;

--
-- Dumping data for table `messages`
--

LOCK TABLES `messages` WRITE;
/*!40000 ALTER TABLE `messages` DISABLE KEYS */;
INSERT INTO `messages` VALUES (1,9,'aaaa','dvvfgnhjçklı',1,'2023-01-16 09:59:57','2023-01-16 09:59:57'),(2,9,'xxccc','cxccxccccx',1,'2023-01-16 11:44:11','2023-01-16 11:44:11'),(3,9,'teze mesaj','mesaj content',1,'2023-01-24 07:53:37','2023-01-24 07:53:37'),(4,9,'qwerty','qwertyuiop[poijuhygfds',2,'2023-01-26 10:29:21','2023-01-26 10:29:21');
/*!40000 ALTER TABLE `messages` ENABLE KEYS */;
UNLOCK TABLES;

--
-- Table structure for table `migrations`
--

DROP TABLE IF EXISTS `migrations`;
/*!40101 SET @saved_cs_client     = @@character_set_client */;
/*!40101 SET character_set_client = utf8 */;
CREATE TABLE `migrations` (
  `id` int(10) unsigned NOT NULL AUTO_INCREMENT,
  `migration` varchar(255) COLLATE utf8_general_ci NOT NULL,
  `batch` int(11) NOT NULL,
  PRIMARY KEY (`id`)
) ENGINE=InnoDB AUTO_INCREMENT=31 DEFAULT CHARSET=utf8 COLLATE=utf8_general_ci;
/*!40101 SET character_set_client = @saved_cs_client */;

--
-- Dumping data for table `migrations`
--

LOCK TABLES `migrations` WRITE;
/*!40000 ALTER TABLE `migrations` DISABLE KEYS */;
INSERT INTO `migrations` VALUES (1,'2019_12_14_000001_create_personal_access_tokens_table',1),(2,'2022_03_27_12000_create_langs_table',1),(3,'2022_09_21_114436_create_cities_table',1),(4,'2022_09_21_114437_create_users_table',1),(5,'2022_09_21_114438_create_categories_table',1),(6,'2022_09_21_114440_create_links_table',1),(7,'2022_09_21_114441_create_languages_table',1),(8,'2022_09_21_114442_create_education_levels_table',1),(9,'2022_09_21_114443_create_education_table',1),(10,'2022_09_21_114444_create_companies_table',1),(11,'2022_09_21_131208_create_users_and_categories_table',1),(12,'2022_09_23_091917_create_company_users_table',1),(13,'2022_09_23_092223_create_company_and_categories_table',1),(14,'2022_09_23_092347_create_company_phones_table',1),(15,'2022_09_23_101752_create_users_and_languages_table',1),(16,'2022_09_26_120005_create_vacancies_table',1),(17,'2022_09_26_121247_create_subscribe_vacancies_table',1),(18,'2022_09_26_123555_create_blogs_table',1),(19,'2022_09_26_123640_create_contact_messages_table',1),(20,'2022_09_27_132426_create_category_langs_table',1),(21,'2022_09_27_140920_create_education_level_langs_table',1),(22,'2022_09_27_144647_create_city_langs_table',1),(23,'2022_10_21_094217_create_notification_for_company_users_table',1),(24,'2022_10_23_091990_create_messages_table',1),(25,'2022_11_24_080815_create_configs_table',1),(26,'2022_11_30_093832_create_forget_password_requests_table',1),(27,'2022_12_30_050358_create_wallets_table',1),(28,'2022_12_30_065613_create_wallet_transactions_table',1);
/*!40000 ALTER TABLE `migrations` ENABLE KEYS */;
UNLOCK TABLES;

--
-- Table structure for table `notification_for_company_users`
--

DROP TABLE IF EXISTS `notification_for_company_users`;
/*!40101 SET @saved_cs_client     = @@character_set_client */;
/*!40101 SET character_set_client = utf8 */;
CREATE TABLE `notification_for_company_users` (
  `id` bigint(20) unsigned NOT NULL AUTO_INCREMENT,
  `user_id` bigint(20) unsigned NOT NULL,
  `vacancy_id` bigint(20) unsigned NOT NULL,
  `body` varchar(255) COLLATE utf8_general_ci NOT NULL,
  `status` int(11) NOT NULL,
  `created_at` timestamp NULL DEFAULT NULL,
  `updated_at` timestamp NULL DEFAULT NULL,
  PRIMARY KEY (`id`),
  KEY `notification_for_company_users_user_id_foreign` (`user_id`),
  KEY `notification_for_company_users_vacancy_id_foreign` (`vacancy_id`)
) ENGINE=InnoDB AUTO_INCREMENT=11 DEFAULT CHARSET=utf8 COLLATE=utf8_general_ci;
/*!40101 SET character_set_client = @saved_cs_client */;

--
-- Dumping data for table `notification_for_company_users`
--

LOCK TABLES `notification_for_company_users` WRITE;
/*!40000 ALTER TABLE `notification_for_company_users` DISABLE KEYS */;
INSERT INTO `notification_for_company_users` VALUES (7,1,9,'User Applied to your vacancy',1,'2023-01-24 08:03:59','2023-01-24 08:07:00'),(8,1,196,'User Applied to your vacancy',0,'2023-01-25 07:19:39','2023-01-25 07:19:39');
/*!40000 ALTER TABLE `notification_for_company_users` ENABLE KEYS */;
UNLOCK TABLES;

--
-- Table structure for table `personal_access_tokens`
--

DROP TABLE IF EXISTS `personal_access_tokens`;
/*!40101 SET @saved_cs_client     = @@character_set_client */;
/*!40101 SET character_set_client = utf8 */;
CREATE TABLE `personal_access_tokens` (
  `id` bigint(20) unsigned NOT NULL AUTO_INCREMENT,
  `tokenable_type` varchar(255) COLLATE utf8_general_ci NOT NULL,
  `tokenable_id` bigint(20) unsigned NOT NULL,
  `name` varchar(255) COLLATE utf8_general_ci NOT NULL,
  `token` varchar(64) COLLATE utf8_general_ci NOT NULL,
  `abilities` text COLLATE utf8_general_ci,
  `last_used_at` timestamp NULL DEFAULT NULL,
  `created_at` timestamp NULL DEFAULT NULL,
  `updated_at` timestamp NULL DEFAULT NULL,
  PRIMARY KEY (`id`),
  UNIQUE KEY `personal_access_tokens_token_unique` (`token`),
  KEY `personal_access_tokens_tokenable_type_tokenable_id_index` (`tokenable_type`(191),`tokenable_id`)
) ENGINE=InnoDB DEFAULT CHARSET=utf8 COLLATE=utf8_general_ci;
/*!40101 SET character_set_client = @saved_cs_client */;

--
-- Dumping data for table `personal_access_tokens`
--

LOCK TABLES `personal_access_tokens` WRITE;
/*!40000 ALTER TABLE `personal_access_tokens` DISABLE KEYS */;
/*!40000 ALTER TABLE `personal_access_tokens` ENABLE KEYS */;
UNLOCK TABLES;

--
-- Table structure for table `subscribe_vacancies`
--

DROP TABLE IF EXISTS `subscribe_vacancies`;
/*!40101 SET @saved_cs_client     = @@character_set_client */;
/*!40101 SET character_set_client = utf8 */;
CREATE TABLE `subscribe_vacancies` (
  `id` bigint(20) unsigned NOT NULL AUTO_INCREMENT,
  `Vacancy_id` bigint(20) unsigned NOT NULL,
  `User_id` bigint(20) unsigned NOT NULL,
  `created_at` timestamp NULL DEFAULT NULL,
  `updated_at` timestamp NULL DEFAULT NULL,
  PRIMARY KEY (`id`),
  KEY `subscribe_vacancies_vacancy_id_foreign` (`Vacancy_id`),
  KEY `subscribe_vacancies_user_id_foreign` (`User_id`)
) ENGINE=InnoDB AUTO_INCREMENT=11 DEFAULT CHARSET=utf8 COLLATE=utf8_general_ci;
/*!40101 SET character_set_client = @saved_cs_client */;

--
-- Dumping data for table `subscribe_vacancies`
--

LOCK TABLES `subscribe_vacancies` WRITE;
/*!40000 ALTER TABLE `subscribe_vacancies` DISABLE KEYS */;
INSERT INTO `subscribe_vacancies` VALUES (7,9,1,'2023-01-24 08:03:59','2023-01-24 08:03:59'),(8,196,1,'2023-01-25 07:19:39','2023-01-25 07:19:39');
/*!40000 ALTER TABLE `subscribe_vacancies` ENABLE KEYS */;
UNLOCK TABLES;

--
-- Table structure for table `users`
--

DROP TABLE IF EXISTS `users`;
/*!40101 SET @saved_cs_client     = @@character_set_client */;
/*!40101 SET character_set_client = utf8 */;
CREATE TABLE `users` (
  `id` bigint(20) unsigned NOT NULL,
  `FirstName` varchar(255) COLLATE utf8_general_ci NOT NULL,
  `LastName` varchar(255) COLLATE utf8_general_ci NOT NULL,
  `FatherName` varchar(255) COLLATE utf8_general_ci NOT NULL,
  `BirthDate` date NOT NULL,
  `image` varchar(255) COLLATE utf8_general_ci NOT NULL,
  `Description` varchar(255) COLLATE utf8_general_ci DEFAULT NULL,
  `Skills` varchar(255) COLLATE utf8_general_ci DEFAULT NULL,
  `Married` tinyint(1) NOT NULL,
  `Username` varchar(255) COLLATE utf8_general_ci NOT NULL,
  `Password` varchar(255) COLLATE utf8_general_ci NOT NULL,
  `City_id` bigint(20) unsigned NOT NULL,
  `email` varchar(255) COLLATE utf8_general_ci NOT NULL,
  `phone` varchar(255) COLLATE utf8_general_ci NOT NULL,
  `MinSalary` int(10) unsigned DEFAULT NULL,
  `MaxSalary` int(10) unsigned DEFAULT NULL,
  `Status` int(11) NOT NULL DEFAULT '1',
  `created_at` timestamp NULL DEFAULT NULL,
  `updated_at` timestamp NULL DEFAULT NULL,
  KEY `users_city_id_foreign` (`City_id`),
  CONSTRAINT `users_city_id_foreign` FOREIGN KEY (`City_id`) REFERENCES `cities` (`id`) ON DELETE CASCADE
) ENGINE=InnoDB DEFAULT CHARSET=utf8 COLLATE=utf8_general_ci;
/*!40101 SET character_set_client = @saved_cs_client */;

--
-- Dumping data for table `users`
--

LOCK TABLES `users` WRITE;
/*!40000 ALTER TABLE `users` DISABLE KEYS */;
INSERT INTO `users` VALUES (1,'İlkin','Qurbanov','Sahib','1992-10-26','1673872677.jpg',NULL,NULL,0,'İlkinlikus','2682ef030166d9f32496fc430d6d7b25',5,'ilkinlikus@gmail.com','+994702681292',1000,5000,1,'2023-01-16 09:37:57','2023-01-16 09:37:57'),(2,'Fərid','Hacızadə','Məcid','1997-07-09','1674655664.png','Mənim yaxşı tərəfim proyektləri yüksək səviyyədə idarə\r\nedə bilməyimdir. Hazırda daha da inkişaf etdirdiyim\r\nJavaScript və React bacarıqlarımı bir neçə layihədə istifadə\r\nedirəm','HTML 5\r\nCSS\r\nScss\r\nBootstrap\r\nMaterial Uİ\r\nTailWind\r\nJavascript\r\nTypescript\r\nJquery\r\nAjax\r\nCreate.js\r\nThree.js\r\nCanvas\r\nReact\r\nRedux\r\nC#\r\nOOP\r\nMacOS\r\nGit',1,'FəridH','38efc26aa0056c3532f7d105062c367a',5,'farid05584754@gmail.com','+994773884242',1200,2500,1,'2023-01-25 11:07:44','2023-01-25 11:07:44'),(3,'Nurmahama','Ramazanov','Omar','1997-05-05','1674810664.jpg',NULL,'Php core,Java, Oracle Sql,MySql,Html core',0,'Nurmahama','f0999922cde52e859bc900366f6ce456',5,'nurmaqama_ramazanov@bk.ru','+994508611349',200,NULL,1,'2023-01-27 06:11:04','2023-01-27 06:11:04');
/*!40000 ALTER TABLE `users` ENABLE KEYS */;
UNLOCK TABLES;

--
-- Table structure for table `users_and_categories`
--

DROP TABLE IF EXISTS `users_and_categories`;
/*!40101 SET @saved_cs_client     = @@character_set_client */;
/*!40101 SET character_set_client = utf8 */;
CREATE TABLE `users_and_categories` (
  `id` bigint(20) unsigned NOT NULL AUTO_INCREMENT,
  `user_id` bigint(20) unsigned NOT NULL,
  `category_id` bigint(20) unsigned NOT NULL,
  `created_at` timestamp NULL DEFAULT NULL,
  `updated_at` timestamp NULL DEFAULT NULL,
  PRIMARY KEY (`id`),
  KEY `users_and_categories_user_id_foreign` (`user_id`),
  KEY `users_and_categories_category_id_foreign` (`category_id`)
) ENGINE=InnoDB AUTO_INCREMENT=5 DEFAULT CHARSET=utf8 COLLATE=utf8_general_ci;
/*!40101 SET character_set_client = @saved_cs_client */;

--
-- Dumping data for table `users_and_categories`
--

LOCK TABLES `users_and_categories` WRITE;
/*!40000 ALTER TABLE `users_and_categories` DISABLE KEYS */;
INSERT INTO `users_and_categories` VALUES (1,1,5,NULL,NULL),(2,1,6,NULL,NULL),(3,2,6,NULL,NULL),(4,3,6,NULL,NULL);
/*!40000 ALTER TABLE `users_and_categories` ENABLE KEYS */;
UNLOCK TABLES;

--
-- Table structure for table `users_and_languages`
--

DROP TABLE IF EXISTS `users_and_languages`;
/*!40101 SET @saved_cs_client     = @@character_set_client */;
/*!40101 SET character_set_client = utf8 */;
CREATE TABLE `users_and_languages` (
  `id` bigint(20) unsigned NOT NULL AUTO_INCREMENT,
  `user_id` bigint(20) unsigned NOT NULL,
  `language_id` bigint(20) unsigned NOT NULL,
  `created_at` timestamp NULL DEFAULT NULL,
  `updated_at` timestamp NULL DEFAULT NULL,
  PRIMARY KEY (`id`),
  KEY `users_and_languages_user_id_foreign` (`user_id`),
  KEY `users_and_languages_language_id_foreign` (`language_id`)
) ENGINE=InnoDB AUTO_INCREMENT=11 DEFAULT CHARSET=utf8 COLLATE=utf8_general_ci;
/*!40101 SET character_set_client = @saved_cs_client */;

--
-- Dumping data for table `users_and_languages`
--

LOCK TABLES `users_and_languages` WRITE;
/*!40000 ALTER TABLE `users_and_languages` DISABLE KEYS */;
INSERT INTO `users_and_languages` VALUES (1,1,4,NULL,NULL),(2,1,5,NULL,NULL),(3,1,6,NULL,NULL),(4,1,7,NULL,NULL),(5,2,4,NULL,NULL),(6,2,5,NULL,NULL),(7,2,6,NULL,NULL),(8,3,4,NULL,NULL),(9,3,5,NULL,NULL),(10,3,6,NULL,NULL);
/*!40000 ALTER TABLE `users_and_languages` ENABLE KEYS */;
UNLOCK TABLES;

--
-- Table structure for table `vacancies`
--

DROP TABLE IF EXISTS `vacancies`;
/*!40101 SET @saved_cs_client     = @@character_set_client */;
/*!40101 SET character_set_client = utf8 */;
CREATE TABLE `vacancies` (
  `id` bigint(20) unsigned NOT NULL AUTO_INCREMENT,
  `VacancyName` varchar(255) COLLATE utf8_general_ci NOT NULL,
  `Category_id` bigint(20) unsigned NOT NULL,
  `VacancyDescription` text COLLATE utf8_general_ci NOT NULL,
  `VacancyRequirements` text COLLATE utf8_general_ci NOT NULL,
  `CompanyUser_id` bigint(20) unsigned NOT NULL,
  `City_id` bigint(20) unsigned NOT NULL,
  `EndDate` date NOT NULL,
  `PersonName` varchar(255) COLLATE utf8_general_ci NOT NULL,
  `PersonPhone` varchar(255) COLLATE utf8_general_ci NOT NULL,
  `VacancySalary` varchar(255) COLLATE utf8_general_ci DEFAULT NULL,
  `Email` varchar(255) COLLATE utf8_general_ci NOT NULL,
  `Status` int(11) NOT NULL DEFAULT '4',
  `SortOrder` int(11) NOT NULL DEFAULT '0',
  `PremiumEndDate` datetime DEFAULT NULL,
  `created_at` timestamp NULL DEFAULT NULL,
  `updated_at` timestamp NULL DEFAULT NULL,
  `WithAgreement` int(11) NOT NULL DEFAULT '0',
  PRIMARY KEY (`id`),
  KEY `vacancies_category_id_foreign` (`Category_id`),
  KEY `vacancies_companyuser_id_foreign` (`CompanyUser_id`),
  KEY `vacancies_city_id_foreign` (`City_id`),
  CONSTRAINT `vacancies_category_id_foreign` FOREIGN KEY (`Category_id`) REFERENCES `categories` (`id`) ON DELETE CASCADE,
  CONSTRAINT `vacancies_city_id_foreign` FOREIGN KEY (`City_id`) REFERENCES `cities` (`id`) ON DELETE CASCADE,
  CONSTRAINT `vacancies_companyuser_id_foreign` FOREIGN KEY (`CompanyUser_id`) REFERENCES `company_users` (`id`) ON DELETE CASCADE
) ENGINE=InnoDB AUTO_INCREMENT=297 DEFAULT CHARSET=utf8 COLLATE=utf8_general_ci;
/*!40101 SET character_set_client = @saved_cs_client */;

--
-- Dumping data for table `vacancies`
--

LOCK TABLES `vacancies` WRITE;
/*!40000 ALTER TABLE `vacancies` DISABLE KEYS */;
INSERT INTO `vacancies` VALUES (9,'php developer',6,'PHP  developer axtarılır..','Back end  bacarıqları\r\n - PHP və MySQL (PHP 8 tələb olunur)\r\n- Proqramlaşdırma, sazlama və tətbiqetmə bacarıqları üzrə mükəmməllik\r\n- Verilənlər bazası dizaynını başa düşmək\r\n- Obyekt yönümlü proqramlaşdırma üzrə bilik və təcrübə\r\n- Proqram təminatının dizayn nümunəsini yaxşı bilmək\r\n- JavaScript, HTML5 və CSS3 kimi qabaqcıl texnologiyaların əsas anlayışı\r\n- REST API inkişafı\r\n- Komanda daxilində və müstəqil işləmək bacarığı. Güclü təşkilatçılıq, vaxtın idarə edilməsi və analitik bacarıqlar\r\n- CMS üçün plaginlərin hazırlanması və inteqrasiyası\r\n- Back-end komponentlərinin hazırlanması, tətbiqin digər veb xidmətləri ilə əlaqələndirilməsi və işlərinin proqramla inteqrasiyasını təmin etməklə front-end tərtibatçılarına kömək etmək\r\n- Git kimi kod versiyaları alətlərini mükəmməl şəkildə başa düşmək\r\n- İngilis dilində yaxşı dinləmə, şifahi və yazılı ünsiyyət bacarıqları\r\n- Doctrine ORM ilə bağlı bilik və təcrübə\r\n- Laravel, Symfony, Codeigniter, Opencart cms ilə işləmə bacarığı\r\n- WebSocket\r\n- Apache/ngnix\r\nRedis, Memcashed\r\n- İş təcrübəsi minimum 5 il \r\n\r\n\r\nİş şərtləri:\r\n•	İş vaxtı 09:00 - 19:00 (5 günlük iş həftəsi)\r\n•	İstirahət: Şənbə ,Bazar günü.\r\n•	Maaş: 2000 AZN + ( Maaş müsahibə əsasında dəqiq deyiləcək )\r\n•	Email: info@flegri.com',6,5,'2023-02-16','İlkin','+994508330122','2550','info@flegri.com',1,1,'2023-02-02 14:46:17','2023-01-16 09:04:25','2023-02-01 10:46:17',0),(10,'php bootcamp',6,'Bootcamp proqramın açılışı elan edilir','Php developerlər üçün bootcamp proqramı açılır, Bootcamp müddəti 3 aydır.',6,5,'2023-02-16','İlkin','+994702681292','150','info@flegri.com',1,0,NULL,'2023-01-16 09:08:20','2023-01-27 09:49:01',0),(11,'Satış təmsilcisi',8,'İş şəraiti:\r\nAR Əmək Məcəlləsinin tələblərinə uyğun olaraq rəsmiləşdirmə. \r\nİş qrafiki: Həftə içi 5 gün saat 09:00-18:00\r\nNahar: 13:00-14:00\r\nİstirahət günləri: şənbə, bazar \r\nƏmək haqqı  800-900 AZN + Şəxsi avtomobili olan işçilərə benzin və amortizasiya pulu;\r\nKorporativ nömrə şirkət tərəfindən təqdim olunur.\r\nÜnvan: Nərimanov rayonu, Ə.Qayıbov küçəsi 1222','Tələblər:\r\nKişi namizəd;\r\nYaş həddi: 22-27  yaş;\r\nYüksək təqdimat, nitq, ünsiyyət və satış bacarığı;\r\nAzərbaycan dilində səlis danışıq qabiliyyəti, rus dili arzuolunandır;\r\nMəsuliyyət, dinamik və dəqiqlik;\r\nKorporativ müştəri portfeli;\r\nŞəxsi avtomobilin olması mütləqdir;\r\nVəzifələr:\r\nTV və İnternet xidmətlərinin satışı;\r\nKorporativ müştərilərin cəlb olunması;\r\nDigitürk TV Xidmətinin satışı;\r\nƏrazidə reklam fəaliyyəti (direct marketinq);',9,5,'2023-02-17','Connect','+994125108848','800','hr@connect.az',1,0,NULL,'2023-01-16 10:45:11','2023-01-19 07:20:31',0),(12,'Fiber-optik kabel üzrə qaynaqçı',17,'İş barədə məlumat:\r\nƏmək haqqı:  900 AZN\r\nİş qrafiki: həftə içi 09:00-18:00 kimi, istirahət- şənbə, bazar.\r\nNahar fasiləsi: 13:00-14:00 kimi\r\nAR Əmək məcəlləsinə uyğun rəsmiləşdirilmə;\r\nCV göndərilərkən məzmun yerində vakansiyanın qeyd olunması mütləqdir.','Tələblər: \r\nYaş həddi: 22-40\r\nSürücülük vəsiqəsinin olması;\r\nMüvafiq sahə üzrə iş təcrübəsi;\r\nGPON şəbəkəsi üzrə biliklər;\r\nOptik şəbəkənin qurulmasına dair biliklər;\r\nÖhdəliklər:\r\nGPON şəbəkəsinin qurulması;\r\nOptik şəbəkənin qurulması;\r\nFiber-optik kabellərin çəkilməsi;\r\nTexniki dəstəyin göstərilməsi;\r\nŞəbəkə kabellərinin test olunması;\r\nFiper-optik kabellərin qaynaq olunması;',9,5,'2023-02-16','Connect','+994125108848','900','hr@connect.az',1,0,NULL,'2023-01-16 10:55:53','2023-01-16 10:56:04',0),(13,'Sistem Administratoru',17,'Требования:\r\nОпыт работы  2-5  лет\r\nВозраст  25-40 лет\r\nMs Windows Server2003/2008/2012\r\nMs Windows XP/Vista/7/8/8.1Ms Office 2003/2007/2010/2013\r\nWindows Server\r\nВиртуальные сервера ESXi\r\nОсновы работы LAN (VLAN,Switching,Basic Routing)\r\nОперационная система Linux (CentOS,Debian)\r\n(Mail, DNS, DHCP)\r\nСистемы мониторинга (Cacti, Zabbix)\r\nIP телефония Asterisk и других.\r\nОтличное владение русским и азербайджанским языками\r\nАктивность, исполнительность, коммуникабельность\r\nГрамотная речь','Обязанности:\r\nРабота с продуктами Windows Server\r\nРабота с с виртуальными серверами ESXi\r\nОсновы работы с LAN (VLAN, Switching, Basic Routing)\r\nРабота с операционными системами на базе Linux (CentOS, Debian)\r\nРабота с различными службами (Mail, DNS, DHCP)\r\nРабота с системами мониторинга (Cacti, Zabbix)\r\nРабота с IP телефонией на основе Asterisk и других.\r\nУсловия работы:\r\nЗарплата 1000 AZN\r\nГрафик работы: с 09:00 до 18:00\r\nВыходные: 2 раза в неделью\r\nОформление по трудовому законодательству АР\r\nПерспектива карьерного роста',9,5,'2023-02-16','Connect','+994125108848','1000','hr@connect.az',1,0,NULL,'2023-01-16 11:02:09','2023-01-16 11:02:17',0),(14,'Efir növbətçisi',17,'İş şəraiti:\r\nİş qrafiki: Növbəli iş  08:00-19:00, 19:00-08:00 (bir növbə seçimi yoxdur, hər iki növbədə iş nəzərdə tutulub, növbə iki gündən bir dəyişir)\r\nAR Əmək Məcəlləsinin tələblərinə uyğun olaraq rəsmiləşdirmə.\r\nƏmək haqqı: 450 AZN (NET)\r\nÜnvan: Nərimanov rayonu, Ə.Qayıbov küçəsi 1222\r\nEmail: hr@connect.az\r\nCV göndərilərkən məzmun yerində vakansiyanın qeyd olunması mütləqdir.','Tələblər:\r\n- Cinsi-qadın ;\r\n- Yaş: 19-35;\r\n- MS Word, MS Excel kompyuter proqramları biliyi;\r\n- Ofis texnikasından istifadə bacarığı;\r\n- Professional etik davranış, gərgin şəraitdə işləmə bacarığı.\r\nVəzifələr:\r\nConnect TV tərəfindən təqdim olunan kanalların işlək vəziyyətdə olmasına daimi nəzarət.\r\n- Problem yaranan hallarda kanalların bərpası.\r\n- Nasazlıqların aradan qaldırılması.',9,5,'2023-02-16','Connect','+994125108848','450','hr@connect.az',1,0,NULL,'2023-01-16 11:05:01','2023-01-16 11:05:08',0),(15,'Operator',17,'İş barədə məlumat\r\nİş qrafiki: Həftənin 6 günü saat 09:00-dan 18:00-dək\r\nZəng mərkəzinə daxil olan zənglərin cavablandırılması. Abunəçilərin və potensial müştərilərin məhsul və xidmətlər barədə məlumatlandırılması və telefonda texniki dəstək. Müştəri xidmətlərinə gələn abunəçilərin qarşılanması.\r\nƏmək haqqı : 450 AZN\r\nEmail: hr@connect.az\r\nQeyd: CV göndərilərkən Məzmun yerində vəzifə adının qeyd olunması vacibdir.','Namizədə olan tələblər:\r\nDil bilikləri: Azərbaycan dili və rus dili səlis danışıq qabiliyyəti.\r\nKompüter biliklərinin: Ofis proqramları\r\nÜnsiyyətçilik qabiliyyəti.\r\nSəliqəli xarici görünüş.\r\nQeyd olunan sahədə əmək stajının olması müsbət qarşılanır.\r\nYaş həddi: 19-35 yaş',9,5,'2023-02-16','Connect','+994125108848','450','hr@connect.az',1,0,NULL,'2023-01-16 11:06:45','2023-01-16 11:06:54',0),(18,'Satış təmsilcisi',8,'Namizədə tələblər\r\n- Xanım\r\n- Ali təhsilli\r\n- MS Office proqramlarını bilmək\r\n- Təcrübəsi olmayanlar üçün iş öyrədiləcək\r\n- Öyrənmək və inkişaf marağı olsun\r\n- Yaş həddi: 22-27\r\n- Yaxşı ünsiyyət və yaxşı təqdimat bacarıqlarına malik olmalı\r\n\r\nQeyd: E-poçt ünvanına CV göndərən namizədlərin məlumatlarına baxılır','İş barədə məlumat\r\n- Şirkət təqdim etdiyi stomatoloji məhsullarının satışını həyata keçirmək\r\n- Müştərilərlə danışıqların aparılması\r\n- Potensial müştəriləri araşdırmaq və əməkdaşlığa cəlb etmək\r\n- Gürülmüş işlər barəsində gündəlik və aylıq hesabatları rəhbərliyə təqdim etmək\r\nİş qrafiki:\r\n- I-V günlər 09:00-dan - 18:00-dək\r\n- VI gün 09:30-dan - 16:00-dək\r\n- Müntəzəm təlimlərin verilməsi\r\n- Korporativ nömrənin verilməsi\r\n- İş yeri: Bakı şəhəri\r\n- Əmək haqqı, yol pulu və satışa görə bonus',12,5,'2023-02-17','RealDent Group Companies','+994502538385','500','eminrealdentgroup@gmail.com',1,0,NULL,'2023-01-17 05:07:46','2023-01-17 05:07:59',0),(20,'Satış meneceri',8,'İş barədə məlumat\r\n- Aylıq maaş 500 azn. (əlavə faiz).\r\n\r\n- Təxmini aylıq gəli (1000-1500 arası)\r\n\r\n- İş saatı 10:00-dan-19:00-dək\r\n\r\n- Həftənin 6 günü iş günü\r\n\r\n- Ünvan Sahil metrosu Nizami küçəsi. 81\r\n\r\nXüsusi Qeyd:\r\n\r\nQeyd olunan dil biliyi olmayanlar və yaşı uyğun olmayanlar narahat etməsinlər','Namizədə tələblər\r\n- M Estate Daşınmaz Əmlak Agentliyinə satış menecerləri tələb olunur\r\n- Yaş həddi 25-40 arası( Xanımlar Və Bəylər)\r\n- Agentliyin öhdəliyində olan mənzillərin satışının həyata keçirilməsi,yoxlanılması və s.\r\n- Rus Dili və İngilis Dili (danışıq səviyyəsində)',13,5,'2023-02-17','M Estate Daşınmaz Əmlak Agentliyi','+994552662816','500','mestate231@gmail.com',1,0,NULL,'2023-01-17 07:58:44','2023-01-17 07:59:00',0),(21,'Operator',14,'İş barədə məlumat\r\n- Kosmetolojji klinikanın çağrı mərkəzinə xanım operatorlar tələb olunur\r\n- 2 növbəli işdir , həftəniin 6 günü\r\n- İş saatı: 09:30-dan-14:30-dək, (Əmək haqqı 200 Azn)\r\n- 14:30-dan-20:00-dək (Əmək haqqı 250 Azn)\r\n(bir növbə seçiləcək)- Həftədə 1 gün istirahət\r\n- Əmək haqqı: Fix olaraq 200 və 250 AZN arası dəyişə bilər +%\r\n- 3 gün sınaq müddədi verilir\r\n- 45-50 yaş arası xanımlarda hər iki növbə 250 azn olaraq başlayır!\r\n\r\nÜnvan: Rəşid Behbudov 87\r\nƏlaqə: 0554571717\r\nE-mail: asthetiklab.baku@gmail.com','Namizədə tələblər\r\n- Yaş həddi: 20-50\r\n- Dil blikləri:\r\n- Azərbaycan dilində səlist nitq qabiliyeti, Rus dili (arzu olunandır)\r\n- İnsanlarla ünsüyyət qurma bacarıgı\r\n- Müştərilərə zənglərin olunması, şirkətin xidmətləri haqqında müştərilərin tam olaraq məlumatlandırılması və klinikada olan prosedurlara dəvət olunması',14,5,'2023-02-17','Asthetiklab','+994555129090','200','asthetiklab.baku@gmail.com',1,0,NULL,'2023-01-17 08:31:44','2023-01-17 08:32:01',0),(22,'XARİCİ ƏLAQƏLƏR ÜZRƏ MENECER',7,'İş barədə məlumat\r\n“Magnet Media Group” partnyor şirkətlər, eləcə də biznes qurumların sifariş əsasında rəqəmsal məzmun hazırlanması və araşdırma şirkəti olaraq dünyada gedən siyasi, iqtisadi proseslərin, biznes sferasındakı yeniliklərin və trendlərin öyrənilməsi, analitik hesabatların hazırlanması üzrə fəaliyyət göstərir\r\n- “Magnet Media Group” Xarici əlaqələr üzrə Menecer/Təhlilçi vəzifəsinə vakansiya elan edir. Namizəd əsasən siyasi, iqtisadi və sosial prosesləri təhlil etməli, analitik hesabatlar hazırlamalıdır\r\n- Dünyada baş verən siyasi proseslərin, biznes və iqtisadi sferada yeniliklərin öyrənilməsi və bu sahədə tədqiqat aparılması iş prosesinin vacib hissəsi olacaq\r\n- Müştəri kriteriyalarına uyğun tədqiqat metodlarını seçmək\r\n- Sorğular, fokus qruplar, müsahibə qrafikləri kimi kəmiyyət və keyfiyyət tədqiqat alətlərini hazırlamaq və istifadə etmək\r\n- Layihələrin sonunda məlumatların yekunlaşdırılması və yekun hesabatların yazılması\r\n- Müştərinin məlumatlar bazasına dataların daxil edilməsi, təqdimatların hazırlanması\r\n- İş qrafiki: həftənin 5 günü, 09:00-dan - 18:00-dək','Namizədə tələblər\r\n- Politologiya / hüquq / marketinq / beynəlxalq münasibətlər / tarixçi / regionşünaslıq / tərcüməçilik / biznesin idarə olunması üzrə Ali təhsil\r\n- Araşdırma, tədqiqat sahəsində 1-3 ilə qədər təcrübə, Analiz və təşkilati bacarıqlar\r\n- Ünsiyyət və təqdimat bacarıqları, Komandada işləmək bacarığı, təklif olunan vəzifə üzrə müvafiq təlim, kurslar və seminarlarda iştirak etmək arzuolunandır\r\n- Araşdırma materiallarından istifadə edərək analitik hesabatlar hazırlamaq\r\n- Azərbaycan, rus və ingilis (və ya digər xarici dillərdə) sərbəst danışmaq və yazmaq\r\n- MS Office proqramlarında işləmək bacarığı\r\nMaraqlanan namizədlər CV və Tərcümeyi–hallarını hr@magnetmediagroups.com ünvanına göndərə bilərl',15,5,'2023-02-17','Magnet Media Group','+994124897853','1200','hr@magnetmediagroups.com',1,0,NULL,'2023-01-17 08:56:59','2023-01-17 08:57:22',0),(23,'REKLAM SATIŞ MENECERİ',8,'Şəhər\r\nBakı\r\nYaş\r\n18 - 35 yaş\r\nTəhsil\r\n-\r\nİş təcrübəsi\r\n1 ildən aşağı\r\nElanın tarixi\r\nYanvar 16, 2023\r\nBitmə tarixi\r\nFevral 15, 2023\r\nƏlaqədar şəxs\r\nMurad m\r\nTelefon\r\n(050) 272-72-59\r\n(012) 497-57-57\r\nE-mail\r\noffice@hajma.info\r\nİş barədə məlumat\r\n- İş qrafiki:1-6-cı günlər, 10:00-dan-19:00-dək\r\n- Yaxşı nəticə göstərən işçilərin 2-ci aydan etibarən maaşları qaldırılır\r\n- Sayta reklamların cəlb edilməsi\r\n- Şirkətin təqdimatı\r\n- Yeni müştərilərin axtarışı və cəlb olunmas\r\n- Müştərilərlə sıx və yüksək səviyyəli münasibətlərin qurulması\r\n- Maaş + %\r\n- Yalnız xanımlar müraciət edə bilər !\r\n\r\nCV nizi office@hajma.info emailina gondermeyiniz xais olunur. CV shekilli olmalidi','Namizədə tələblər\r\n- Ünsiyyətcil və gülərüz olmaq\r\n- Özünə inam, inandırmaq bacarığı\r\n- Dinamik, aktiv, inadkar\r\n- Yaxşı danışıq və inandırmaq qabiliyyətinə malik olmaq\r\n- Məsuliyyətli və nizam-intizamlı olmaq',16,5,'2023-02-17','HajMa Group of Companies','+994502727259','900','office@hajma.info',1,0,NULL,'2023-01-17 10:48:21','2023-01-17 10:48:30',0),(24,'SATIŞ MÜTƏXƏSSİSİ',8,'İş barədə məlumat\r\n- Avto aksesuar mağazasında\r\n- Kompuyüter qarşısında Kreditlə satışları görmək və müştərinin\r\nsənədlərin banka sorğu göndərmək\r\n- Tik Tok sosial şəbəkəsində məhsullar haqda ətraflı məlumat verməklə videoların çəkilməsi və paylaşılması\r\n- Mağazaya daxil olan müştəriləri gülərüz qarşılamaq\r\n- İnstagram və tiktokun mesajlarına cavab vermək\r\n\r\n- İş qrafiki: 10:00-dan - 22:30-dək (ayda 3gün istirahət)\r\n\r\nMağazamız Nərimanov rayonu: Əliyar Əliyev 61 də yerləşir','Namizədə tələblər\r\n- Satış bacarığı danisig qabiliyyəti olan\r\n- Ali təhsil olan\r\n- 20-27 yaş arası\r\n- Xarici dil bilikləri: Rus dili bilən\r\n- Avto sahədən anlayışı olan\r\n- Danışıq qabiliyyəti olan\r\ncvn avto.store333@mail.ru gonderin',17,5,'2023-02-17','Avto store 333','+994506835040','500','avto.store333@mail.ru',1,0,NULL,'2023-01-17 11:03:49','2023-01-17 11:04:10',0),(25,'AVTOMOBİLLƏRƏ MONİTOR QURAŞDIRAN USTA',13,'İş barədə məlumat\r\n- Avto store 333 nerimanov fiialina Avtomobillərə monitor quraşdıran usta tələb olunur\r\n- Xais edirik manitor kamera quraşdırmağı bacaran işçilər yazsın\r\n- Əmək haqqı : 700-1200 AZN\r\n- İş qrafiki: ayda 4 gun istirahet\r\n\r\n-Göstərilən tələblərə cavab verən namizədlər öz şəkilli CV-lərini avto.store333@mail.ru ünvanına göndərə bilərlər.','Namizədə tələblər\r\n- Avto store 333 nərimanov filiali magazasında elektirik\r\n- Avtomobillərə monitor quraşdırmaq\r\n- Avtomobillərə fara arxa stoplar quraşdırılması\r\n- Avtomobillərə led lampaların quraşdırılması və digər elektron məhsulların quraşdıran usta tələb olunur\r\n- Təcrübəli usta tələb olunur bu işləri görən\r\n- Yaş həddi 20-35\r\n- Cins ( kişi)\r\n- İşə ciddi və məsuliyyətli yanaşmaq',17,5,'2023-02-17','8.	Avto store 333','+994506835040','700','avto.store333@mail.ru',1,0,NULL,'2023-01-17 11:05:49','2023-01-17 11:06:00',0),(26,'SATIŞ MÜTƏXƏSSİSİ',8,'İş barədə məlumat\r\n- Potensial müştərilər ilə əlaqə yaradaraq, onların şirkətə müştəri kimi cəlb edilməsini təmin etmək üçün, şirkət tərəfindən keçirilən təlimdə tam şəkildə öyrədilən məhsul və xidmətlər haqqında məlumatın verilməsi\r\n- Yeni müştərilərin ofis daxili online olaraq axtarışı\r\n- Rəhbərlik tərəfindən hər ay təqdim edilmiş fərdi qaydada əks etdirilmiş hədəflərə çatması\r\n- Hədəflərə çatdığı təqdirdə müxtəlif növ hədiyyələrin verilməsi\r\n- Müştərilər üçün strategiyaların hazırlanması, kontent yaradılması və idarə edilməsi\r\n- Maraqlı ideyaları ərsəyə gətirmək üçün komanda ilə işləmək bacarağı\r\n- Məzmun, reklam və digər reklam vasitələri üçün səlis, aydın və inandırıcı mətnlər yazmaq\r\n- Fəaliyyəti haqqında rəhbərliyə günlük/həftəlik/aylıq hesabat verilməsi\r\n\r\nŞərtlər:\r\n\r\n- Azərbaycan Respublikasının Əmək Məcəlləsinə əsasən işə alınma\r\n- İş rejimi: 09:00-dan -18:00-dək\r\n- Həftənin 6 günü (Şənbə günü yarım iş günü)\r\n- Bayramlar qeyri iş günü\r\n- Telefon danışıq xərclərinin şirkət tərəfindən ödənişi\r\n- Əmək haqqı 600 AZN + premiya (satış həcminə görə 1000-5000 azn)\r\n- Perspektivli və artan vəzifə imkanı\r\n\r\nVakansiya ilə maraqlanan namizədlərdən CV’lərini a.abdullayev@bonamed.az mail ünvanına göndərmələri və e-mailin mövzu hissəsində mütləq “Estetik Kosmetoloji cihazlarının satışı üzrə Mütəxəssis” qeyd etmələri xahiş olunur','Namizədə tələblər\r\n- Ali təhsil\r\n- Satış texnikaları ilə tanışlıq\r\n- Aktivlik, çeviklik, ünsiyyətçillik və məsuliyyətlilik\r\n- Effektiv kommunikasiya və təqdimat bacarığı\r\n- Məsuliyyətli, punktual, dürüst və xoş görünüşlü\r\n- Komandada işləmək bacarığı\r\n- Azərbaycan dilində səlis yazmaq və oxumaq bacarığı\r\n- Satış üzrə minimum 2 il iş təcrübəsi',18,5,'2023-02-17','9.	Bonamed MMC','+994702057007','600','a.abdullayev@bonamed.az',1,0,NULL,'2023-01-17 11:18:18','2023-01-17 11:18:25',0),(27,'KONTENT MENECERİ',5,'İş barədə məlumat\r\n- Sosial Media, kataloq, məhsulların texniki xüsusiyyətləri haqqında sənədlər\r\nvə veb saytlar üçün kontent hazırlamaq\r\n- Kampaniyalar üçün sloqanlar hazırlamaq\r\n- Müştərilərin diqqətini cəlb edəcək satışyönümlü mətnlər hazırlamaq\r\n- E-mail marketinq üçün şablonlar hazırlamaq\r\n- Video icmallar, video izahlar üçün ssenarilər hazırlamaq\r\n- AR Əmək Məcəlləsinə əsasən sənədləşmə\r\n\r\nİş şəraiti:\r\n- Həftənın 6 günü\r\n- Nahar yeməyi şirkət tərəfindan təmin edilir\r\n\r\nMüraciət üçün:\r\na) - Sizdən xahiş edirik ki, www.deluxekamin.com/careers/ saytına daxil olun və CV-nizi göndərəsiniz\r\nVə ya\r\nb) - CV-nizi hr@deluxekamin.com elektron poçtuna göndərməyinizi xahiş edirik','Namizədə tələblər\r\n- Azərbaycan, Rus və İngilis dillərində yaxşı səviyyədə yazılı və şifahi\r\nbiliklər\r\n- Bu sahədə minimum 2 il iş təcrübəsi\r\n- Kreativ və daim araşdırma etməyi sevən\r\n- Komanda ilə işləmək bacarığı\r\n- Kollektivə və iş mühitinə uyğunlaşa bilən',19,5,'2023-02-17','Deluks Kamin MMC','+994502520216','500','hr@deluxekamin.com',1,0,NULL,'2023-01-17 11:33:41','2023-01-17 11:33:49',0),(28,'SATIŞ MENECERİ',8,'İş barədə məlumat\r\n- Hazırlanmış satış planlarının həyata keçirilməsi üçün satış menecerləri tərəfindən hazırlanmış və bəyan edilmiş satış ssenarilərinin həyata keçirilməsi və inkişafı\r\n- Şirkətin ümumi siyasətlərinə uyğun olaraq satışı həyata keçirmək üçün bütün plan və proqramların həyata keçirilməsi, təhlili və hesabatlarının təqdim edilməsi\r\n- Satış meneceri, satış müdiri, texniki şöbə və marketinq departamentinin işçiləri ilə koordinasiyada çalışaraq müştəri məmnuniyyətini ən yüksək səviyyədə saxlamaq\r\n- Satış meneceri və satış müdiri ilə birlikdə xarici satış təhlillərinin aparılması, müştərilər və məhsullar haqqında hesabatların yaradılması və şirkət strategiyalarında lazımi revizorların edilməsini təmin etmək\r\n- Məhsullarımızın qiymət kursu, stok vəziyyəti, satılacaq malların tədarükü və çatdırılma müddətləri ilə bağlı logistika-mühasibat və istehsal şöbələri ilə koordinasiyalı araşdırmaların aparılması\r\n\r\nİş şəraiti:\r\n- Həftənın 6 günü\r\n- Nahar yeməyi şirkət tərəfindan təmin edilir\r\n\r\nMüraciət üçün:\r\na) - Sizdən xahiş edirik ki, www.deluxekamin.com/careers/ saytına daxil olun və CV-nizi göndərəsiniz\r\nVə ya\r\nb) - CV-nizi hr@deluxekamin.com elektron poçtuna göndərməyinizi xahiş edirik','Namizədə tələblər\r\n- Türkiyə və ya Avropada təhsili olanlara üstünlük verilir\r\n- 25-35 yaş arası bəy/xanım\r\n- Satış təcrübəsi qazanmış və bu sahədə xüsusi təlim-kurs-seminarlarda iştirak etmiş\r\n- Müsahibə və görüşlər aparmaq, hesabatlar hazırlamaq üçün rus və türk dillərini yaxşı səviyyədə bilməsi\r\n- Satış texnikası və təcrübələri haqqında biliyə malik olmaq\r\n- Analitik düşünmə, güclü vaxt idarəetmə və planlaşdırma bacarığı\r\n- Yüksək satış yönümlü inandırma bacarığı\r\n- Güclü yazılı və şifahi ünsiyyət dili\r\n- Müştəri məmnuniyyətini ön planda tutmaq\r\n- Təkmilləşdirilmiş təmsil və təqdimat bacarıqlarına malik olan namizədlər qiymətləndiriləcək',19,5,'2023-02-17','Deluks Kamin MMC','+994124494130','700','hr@deluxekamin.com',1,0,NULL,'2023-01-17 11:36:03','2023-01-17 11:36:11',0),(29,'Memar',9,'İş barədə məlumat\r\n- Hazırlanan üretim, montaj ve teslim planlarının, kurgulanıp deklare edilen teknik süreç senaryolarının, uygulanması, geliştirilmesi koordine ve kontrol edilmesi\r\n- Pazarlama ve teknik departmanlarca yapılan çalışmaları takip ederek şirketin teknik politika ve uygulamaların güncellenmesi\r\n- Teknik personelin eğitimi için şirket genel politikalarına uygun uygulamaları gerçekleştirilmesi, gerekli bütün plan ve programların yapılması, uygulanması ve denetlenmesi\r\n- Teknik departmanın personellerinin belirlenen hedeflere ulaşabilmeleri için gerekli tüm işlemlerinin koordineli olarak gerçekleştirilmesi\r\n- Satış öncesi dizayn ve proje, üretim aşamaları, montaj ve teslim tamamlandıktan sonraki iş ve işlemlerinin yapılması için, ilgili departmanlar ile koordineli çalışarak müşteri memnuniyetinin en üst düzeyde tutulması\r\n- Teknik iş ve işlemlerle ilgili analizlerini yaparak ve rakip ürünler hakkında da raporlar oluşturarak şirketin stratejilerinde gerekli revizyonların yapılmasının sağlanması\r\n- Ürünlerimizin fiyat seyrini, stok durumumunu, satışı yapılacak malların temin ve teslim süreleriyle ilgili olarak satış, lojistik-muhasebe ve pazarlama departmanlarıyla koordineli çalışmaların yürütülmesi','Namizədə tələblər\r\n- İnşaat ve Mimarlık Fakültesi bölümlerinden mezun,\r\n- Tercihen Türkiye ya da Avrupa’da eğitim görmüş,\r\n- 25-40 yaşları arasında erkek/kadın,\r\n- En az 5 yıl yurt içi/yurt dışı inşaat dekorasyon alanında deneyimli,\r\n- AutoCad ve 3dmax programlarını iyi derecede bilen,\r\n- Görüşme ve toplantı gerçekleştirebilecek ve raporlama yapabilecek şekilde iyi derecede İngilizce, Rusça ve Türkçe bilen,\r\n- Analitik düşünebilen, zaman yönetimi ve planlama yeteneği güçlü,\r\n- Yazılı ve sözlü iletişim dili güçlü,\r\n- Müşteri memnuniyetini ön planda tutan adaylar değerlendirilecektir',19,5,'2023-02-17','Deluks Kamin MMC','+994124494130','800','hr@deluxekamin.com',1,0,NULL,'2023-01-17 11:39:28','2023-01-17 11:39:34',0),(30,'SATINALMA ÜZRƏ ASSİSTENT',8,'İş barədə məlumat\r\nƏlavə məlumat:\r\n\r\n- İş qrafiki həftənin 5 günü 09:00-dan-18:00-dək\r\n- Şənbə 09:00-dan-13:00-dək\r\n- Yaş həddi 22-35 yaş\r\n- Ünvan: Səttar Bəhlulzadə 111 (Ayna Sultanova heykəlinin yaxınlığında)\r\n- Əgər bu tələblərə uyğun olduğunuzu düşünürsünüzsə CV-nizi göndərərək vakansiyamıza müraciət edə bilərsiniz\r\n\r\n- Uyğun namizədlər ilə əlaqə saxlanacaqdır\r\nNamizədin iş təcrübəsi və bacarıqlarından asılı olaraq əmək haqqı dəyişir','Namizədə tələblər\r\nÖhdəliklər:\r\n- Xarici şirkətlərlə yazışmaların, danışıqların aparılması və lazımi sənədlərin yoxlanılması və hazırlanmasında baş mütəxəssisə kömək etmək\r\n- Rəhbərliyin verdiyi tağşırıqları vaxtında yerinə yetirmək\r\n- Daxili nizam-intizam qaydalarına riayət etmək\r\n\r\nTələblər:\r\n- Xanım namizəd tələr olunur!\r\n\r\n- Rus dili (rus dili bölməsini bitirməsi vacibdir)\r\n- İnglis dili ( B2, upper-intermadate)\r\n- Araşdırma və analitik bacarıqlar\r\n- Komandada işləmək bacarığı\r\n- Məntiqi düşünmə bacarığı',20,5,'2023-02-17','Food Packing LLC','+994772778883','500','hr@foodpacking.az',1,0,NULL,'2023-01-17 11:56:43','2023-01-17 11:56:53',0),(31,'KONTENT MENECER',5,'İş barədə məlumat\r\nÖhdəliklər:\r\n\r\n- Şirkətin məhsullarının video çəkimləri üçün məzmunların yazılması.\r\n- Sosial media postları üçün ideyaların hazırlanması\r\n- Sosial media postları üçün dizaynerə ideyaların verilməsi\r\n\r\nİş şəraiti:\r\n\r\n- İş həftənin 5 günü saat 09:00-dan-18:00-dək (şənbə 09:00-dan-13:00-dək)\r\n- Çalışanlara həftəlik nahar pulu ödənilir\r\n- Rahat iş şəraiti\r\n- Rəsmi əmək haqqı (kart vasitəsilə verilir)\r\n- Cavan kollektiv\r\n- Lazım olduğu halda əlavə treninqlərə və forumlara göndərilmə\r\n- Əgər bu tələblərə uyğun olduğunuzu düşünür və belə iş şəraitində çalışma istəyirsinizsə öz CV-lərinizi və portfelinizi hr@foodpacking.az e-mail adresinə göndərin\r\n- Uyğun namizədlər ilə əlaqə saxlanacaqdır\r\n- Namizədin iş təcrübəsi və bacarıqlarından asılı olaraq əmək haqqı dəyişir','Namizədə tələblər\r\n- Ali təhsilli\r\n- Azərbaycan və rus dillərini mükəmməl bilməli\r\n- Yazı yazmaq və fikirlərini izah etmək bacarığına sahib olanlar\r\n- Ünsiyyətcil, yaradıcı və maraqlı ideyalara sahib olmalı\r\n- Sosial media trendlərini izləməli',20,5,'2023-02-18','Food Packing LLC','+994772778883','500','hr@foodpacking.az',1,0,NULL,'2023-01-18 03:28:44','2023-01-18 03:30:53',0),(32,'XARİCİ SATINALMA ÜZRƏ MÜTƏXƏSSİS',8,'İş barədə məlumat\r\n- Xarici şirkətlərlə yazışmaların, danışıqların aparılması və lazımi sənədlərin yoxlanılması və hazırlanması\r\n- Rəhbərliyin verdiyi tağşırıqları vaxtında yerinə yetirmək\r\n- Daxili nizam-intizam qaydalarına riayət etmək\r\n- İş qrafiki həftənin 5 günü 09:00-dan-18:00-dək, 6-cı gün 10:00-dan-15:00-dək\r\n- Yaş həddi 22-35 yaş\r\n- Xanım namizədlərə üstünlük verilir\r\n- Ünvan: Səttar Bəhlulzadə 111 (Ayna Sultanova heykəlinin yaxınlığında)','Namizədə tələblər\r\n- Satınalma sahəsində müvafiq olaraq 1 ildən az olmayaraq iş təcrübəsi\r\n- Rus dili və İngilis dili vacibdir\r\n- Araşdırma və analitik bacarıqlar\r\n- Komandada işləmək bacarığı\r\n- Məntiqi düşünmə bacarığı',20,5,'2023-02-18','Food Packing LLC','+994772778883','500','hr@foodpacking.az',1,0,NULL,'2023-01-18 03:30:41','2023-01-18 03:30:55',0),(33,'BEYNƏLXALQ ƏLAQƏLƏR ÜZRƏ MÜTƏXƏSSİS',17,'İş barədə məlumat\r\n- Beynəlxalq Əlaqələr üzrə mütəxəssis vəzifəsi üzrə özəl şirkət və dövlət qurumları üçün vakansiyalar var\r\n- Dövlət orqanları, qeyri-hökumət təşkilatları və beynəlxalq qrumlarla əməkdaşlıq əlaqələrinin qurulmasını təşkil etmək\r\n- Dünyada baş verən siyasi, iqtisadi proseslər barədə mütəmadi məlumatlar əldə etmək\r\n- Beynəlxalq Təşkilatlarla əməkdaşlıqda koordinasiya və əməkdaşlıq əlaqələrinin genişləndirilməsi prosesinə dəstək olmaq\r\n- İşlə bağlı yazılı və şifahi tərcümələr etmək\r\n- Xarici əməkdaşlığın qurulması və partnyorların cəlb olunması istiqamətində danışıqlar aparmaq\r\n- Yerli və xarici tədbirlərdə iştirak və görüşlərdə təmsilçilik\r\n- Araşdırma materiallarından istifadə edərək analitik hesabatlar hazırlamaq\r\n- Rəhbərliyin verdiyi tapşırıqları dəqiq və vaxtında yerinə yetirmək\r\n- Həftədə 5 iş günü, istirahət günü – şənbə və bazar\r\n- Əmək haqqı 1300-1500 AZN','Namizədə tələblər\r\n- Ali təhsil (politologiya, beynəlxalq münasibətlər, beynəlxalq iqtisadi münasibətlər və regionşünaslıq ixtisası üzrə təhsili olanlara üstünlük veriləcəkdir)\r\n- Dil bilikləri: Azərbaycan, rus və ingilis (və ya şərq dilləri bilmək üstünlükdür) dilləri yüksək səviyyədə bilməli\r\n- Planlaşdırma, analiz və idarəetmə bacarığı\r\n- Rəsmi görüşlər keçirmək və beynəlxalq yazışmalar etmək bacarığı\r\n- Ünsiyyət və komandada işləmə bacarığı\r\n- Microsoft Office proqramlarında işləmək bacarığı\r\n- Məqsədyönlü, məsuliyyətli, operativ olmaq\r\n- Çoxsaylı tapşırıqlar və məhdud zaman gərginliyi altında işləmə bacarığı',21,5,'2023-02-18','HR-PORT','+994124940852','1300','email@hr-port.org',1,0,NULL,'2023-01-18 03:45:47','2023-01-18 03:45:54',0),(34,'Satış meneceri',8,'İş barədə məlumat\r\nBakı şəhərində yerləşən Otel, restoran, ketrinq firmaları, xəstəxana, iş mərkəzləri, ticarət mərkəzləri və s. obyektlərə birdəfəlik məhsulların tanıtımını və aktiv satışı həyata keçirmək\r\n- Təyin edilmiş satış hədəflərinə çatmaq üçün şirkət strategiyasına uyğun bir şəkildə çalışmaq, satış və təyin edilmiş hədəflərə çatmaq\r\n- Müştərilərlə düzgün ünsiyyətin qurulması, mal və xidmətlər haqqında dolğun, ətraflı məlumatların verilməsi, suallarının əsaslandırılmış formada cavablandırılması, məhsulun keyfiyyəti, tərkibi və digər fərqləndirici xüsusiyyətləri barədə məlumat vermək\r\n- Mövcud müştəri bazasının inkişaf etdirilməsi və möhkəmləndirilməsi\r\n- Məhsul və xidmətləri müştərilərə tanıtmaq\r\n- Satışın stimullaşdırılması üçün təkliflər vermək\r\n- Potensial müştəriləri müəyyənləşdirmək və onlarla əlaqə yaratmaq\r\n- Müştəri bazasının artırmaq, yeni müştərilərin cəlb edilməsi üçün təklifləri hazırlayaraq rəhbərliyə təqdim etmək\r\n- Əmək haqqı 500-700 AZN(artan fix maaş+ satışa bağlı faiz)\r\nİş qrafiki:\r\n- Həftə içi 6 gün, bazar günü istirahət\r\nTələblərə uğun namizədlər mövzu yerində “satış nümayəndəsi öz CV-lərini sempackrocco@gmail.com göndərə bilərlər','Namizədə tələblər\r\nŞəxsi avtomobil mütləq olmalıdır\r\n- Azərbaycan dilini səlis bilməli (rus dili arzuolunandır)\r\n- Komandada və stres altında işləmək bacarığı\r\n- Microsoft Office (xüsusən Word, Excel və Outlook) proqramlarında sərbəst işləmək bacarığı\r\n- Ali təhsil\r\n- Yaş həddi 21-30 arası\r\n-Bəy və xanım namizədlər\r\n- Ünsiyyətcil və inandırma bacarığı\r\n- Öz üzərində işləyən, inkişafa meyilli\r\n- Dəqiq, intizamlı və işinə qarşı məsuliyyətli olmaq\r\n- Satışın analizini aparmaq bacarığı\r\n- Vaxtın səmərəli idarəolunması bacarığı\r\n- Sürücülük vəsiqəsi',22,5,'2023-02-18','SEMPACK ROCCO GROUP','+994552124612','500','sempackrocco@gmail.com',1,0,NULL,'2023-01-18 03:55:15','2023-01-18 04:11:30',0),(35,'DEPO OPERATORU',17,'İş barədə məlumat\r\n- Məlumatların bazaya işlənməsi və firma sifarişlərinin qəbulu, yönləndirilməsi, proqramda alış və satışların həyata keçirilməsi\r\n- Əməkhhaqqı : 450-600 azn\r\n- İş ünvanı : Badamdar şossesi 5\r\n- İş rejimi : 08:00-dan -18:00-dək\r\n- İstirahət günü : bazar günü','Namizədə tələblər\r\n- Ali və ya orta təhsil ixtisası olan\r\n- MS ofis proqramlarını yaxşı səviyyədə bilən\r\n- Çevik , işgüzar və korporativ qaydalara həssas yanaşan\r\n- 22 – 30 yaş aralığında olan xanım və bəy namizədlər müraciət edə bilərlər',23,5,'2023-02-18','AVİS Tibbi Marketlər Şəbəkəsi','+994517318555','500','hr@avismed.az',1,0,NULL,'2023-01-18 04:04:54','2023-01-18 04:11:32',0),(36,'KURYER',13,'İş barədə məlumat\r\n- Filiallar arası və müştəri ünvanlarına tələb olunan məhsulların çatdırılması və təhvil verilməsi\r\n- Filial daxilində inzibati xarakterli işlərin görülməsi\r\n- Əməkhaqqı : başlanğıc – 400-500 azn\r\n- İş rejimi : tam iş qrafiki (6 gün)\r\n- İstirahət günü : Həftədə 1 gün\r\n- Qeyd : Karyera üzrə iləriləmə və əməkhaqqı məbləğində artım imkanları mövcuddur','Namizədə tələblər\r\n- Bakı şəhəri ərazilərini yaxşı tanıması\r\n- 18-25 yaş aaralığı\r\n- Çevik və məsuliyyətli olması\r\n- Yalnız bəy namizədlər',23,5,'2023-02-18','AVİS Tibbi Marketlər Şəbəkəsi','+994517318555','400','hr@avismed.az',1,0,NULL,'2023-01-18 04:09:22','2023-01-18 04:11:33',0),(37,'MERÇENDAYZER',17,'İş barədə məlumat\r\n- Vitrində məhsulların planaqrama uyğun düzlüşünü təmin etmək\r\n- Satış nöqtəsində vitrini daim dolu və səliqəli saxlamaq\r\n- Satış nöqtəsindəki vitrinlərdə face sayını qorumaq imkan olduqda həmin sayı artırmaq\r\n- Məhsulların qiymətinə nəzarət etmək\r\n- Gündəlik iş qrafikinə əməl etmək\r\n- Satış nöqtəsindəki məhsulların müddətinə nəzarət etmək\r\n\r\n- İş saatı 08:30-dan - 16:30-dək\r\n- Həftənin 6 günü (bazar günü istirahət)\r\n- Ərazi - Bakı kəndləri','Namizədə tələblər\r\n- Təhsil - orta, ali\r\n- Təcrübə - 1 il\r\n- Dil Bilgisi - Azərbaycan dili, rus dili (arzuolunan)\r\n- Xüsusi şərtlər- Android sistem təminatlı telefondan istifadə',24,5,'2023-02-18','Mars Overseas Baku LTD','+994502906886','300','career@totalbeverage.group',1,0,NULL,'2023-01-18 04:20:46','2023-01-18 04:20:57',0),(38,'SMM MENECERİ',5,'İş barədə məlumat\r\n- Şirkətin sosial şəbəkə hesablarının idarə edilməsi (facebook, Instagram və s. facebook Ads Manager, Google Ads ilə işləmək bacarığı)\r\n- Vebsaytların optimizasiyası, SEO və SEM\r\n- Sosial media üçün həftəlik post planının hazırlanması\r\n- Təsdiq edilmiş plan əsasında reklamların yerləşdirilməsi və izlənilməsi\r\n- Sosial media paylaşımları, müştəri rəylərinin cavablandırılması\r\n- Bazarın, rəqiblərin araşdırılması, analizlərin aparılması və tələbatın müəyyənləşdirilməsi\r\n- Səhifəyə gələn sorğuları cavablandırılmasını təmin etmək\r\n- Səhifənin günlük,həftəlik və aylıq hesabatlarının hazırlanmas\r\n- İş rejimi 1-5 günlər\r\n- Saat: 10:00-dan-18:00-dək','Namizədə tələblər\r\n- Yaş: 22 – 35 yaş\r\n- Azərbaycan və rus dillərində səlis danışıq (ingilis dili arzuolunandır)\r\n- Səliqəli xarici görünüş, nəzakətli danışıq, ünsiyyətcil, yüksək nitq qabiliyyəti, dəqiq, intizamlı və işinə qarşı məsuliyyətli olmalı\r\n- Komandada işləmək bacarığı, işinə qarşı həvəsli, yeniliklərə açıq\r\n- Mükəmməl kommunikasiya qabiliyyəti\r\n- Öyrənməyə meyilli\r\n- Sosial media marketinq (SMM) üzrə ən azı 2 il iş təcrübəsi',25,5,'2023-02-18','Kerama Trade','+994554359555','300','logist@keramatrade.az',1,0,NULL,'2023-01-18 04:45:57','2023-01-18 04:55:49',0),(39,'SÜRÜCÜ KÖMƏKÇİSİ',17,'İş barədə məlumat\r\nİş qrafiki:\r\n\r\n- İş saatı: 09:00-dan - 18:00-dək;\r\n- 1-6 günlər iş, Bazar günü istirahətdir\r\n- Əmək haqqı – 400\r\n- Şirkət Bakı Şəhəri Suraxanı Rayonu Bülbülə qəsəbəsində yerləşir','Namizədə tələblər\r\n- Kişi namizədlər tələb olunur !\r\n- Ciddi və dinamik\r\n- Məsuliyyətli\r\n- Etik davranış qaydalarına riayət edən\r\n- Şöbənin təqdim etdiyi sifarişə əsasən, məhsulun səliqəli şəkildə anbardan idarə etdiyi avtonəqliyyat vasitəsinə yığılmasında və çatdırılmada yardımçı\r\n- Rəhbər tərəfindən verilmiş digər tapşırıqları yerinə yetirmək',26,5,'2023-02-18','Ceylan MMC','+994555156664','400','hr@ceylan.az',1,0,NULL,'2023-01-18 04:56:16','2023-01-18 04:56:26',0),(40,'FƏHLƏ',13,'İş barədə məlumat\r\n- Anbar fəhləsi tələb olunur\r\n- Əmək haqqı 600 azn net\r\n- İş yeri: Əmircan qəs\r\n- Yalnız bəy namizədlər !\r\n- İş qrafiki 6 günlük/9-5','Namizədə tələblər\r\n- Texniki təhlükəsizlik qaydalarına, əməyin təhlükəsizıiyi normalarına riayət edərək anbarda məhsulların qəbul olunması\r\n- Anbarda məhsulların qaydaya uyğun olaraq yerləşdirilməsi\r\n- Malın anbara qəbulu, yerləşdirilməsi və boşaldılmasl zamanı təhlükəsizlik qaydalarına nəzarət edilməsi\r\n- Yüklərin vurulması və daşınmasının norma və qaydalarını bilmək\r\n- Tutduğu vəzifəyə aid olan vəzifə təlimatlarını nöqsansız şəkildə yerinə yetirmək\r\n- Ona həvalə olunmuş vəzifə öhdəliklərinin həyata keçirilməsinə\r\n- Öz fəaliyyəti üzrə rəhbərliyin əmr, sərəncam və tapşırıqlarının, normativ hüquqi aktların tələblərinin vaxtında və müvafiq qaydada yerinə yetirilməsinə;\r\n- Daxili intizam, yanğın təhlükəsizliyi və təhlükəsizlik texnikası qaydalarına riayət edilməsinə\r\n- Müəssisənin fəaliyyətinə, işçilərinə və digər şəxslərə təhlükə yaradan təhlükəsizlik texnikası, yanğına qarşı və sanitariya qaydalarının pozulmasının aradan qaldırılması üzrə, rəhbərliyin vaxtında məlumatlandırılması da daxil olmaqla, operativ tədbirlər həyata keçirilməsinə\r\n- Döşəmələri, pəncərələri, qablama əşyalarını, qab-qacağı, detalları və məmulatları təmizləmək və səliqəli davranmaq\r\n- Ona təhkim edilmiş xüsusi paltar, ayaqqabı və digər geyim vasitələrini təmiz saxlamaq və qorumaq',26,5,'2023-02-18','Ceylan MMC','+994555156664','600','hr@ceylan.az',1,0,NULL,'2023-01-18 04:58:44','2023-01-18 04:59:00',0),(41,'SATIŞ TƏMSİLÇİSİ',8,'İş barədə məlumat\r\n- İş qrafiki 5 günlük\r\n- İş saatı: 09:00-dan - 18:00-dək\r\n- Əmək haqqı 494 AZN(fix) + 700-750 AZN(bonus)\r\n\r\nVəzifə və öhdəlikləri:\r\n- Şirkət Məhsularının satışının təşkil edilməsi\r\n- Ərazisində olan Mağazalarda (Supermarketlər) məhsul ehtiyacının müəyyənləşdirilməsi\r\n- Ehtiyac müəyyənləşdikdən sonra sifarişin götürülməsi\r\n- Müştərilərə məhsulun keyfiyyəti, tərkibi və digər xüsusiyyətləri barədə məlumatın verilməsi\r\n- Müştərilərlə daim əlaqədə olması, onların ehtiyac və tələblərinin analiz edilməsi\r\n- Mağazalarda məhsulun düzülüşünə, səliqəli şəkildə görünməsinin (Merçendayzinq) təşkil edilməsi\r\n- Görülən işlərin hesabatını bir başa rəhbərinə düzgün təqdim edilməsi\r\n- Rəhbərliyin göstərilən vəzifə üzrə digər tapşırıqlarının həyata keçirilməsi','Namizədə tələblər\r\n- Satış sahəsində minimum 2 il iş təcrübəsi\r\n- 23 - 30 yaş arası\r\n- Səliqəli xarici görünüş\r\n- Səlis nitq bacarığı\r\n- Fikirlərini aydın ifadəetmə bacarığı\r\n- Ünsiyyətcil\r\n- İnandırma qabiliyyəti\r\n- Komanda ilə işləmə bacarığı\r\n- Satış bacarığı\r\n- Məsuliyyətli',26,5,'2023-02-18','Ceylan MMC','+994555156664','400','hr@ceylan.az',1,0,NULL,'2023-01-18 05:00:21','2023-01-18 05:01:51',0),(42,'SATIŞ TƏMSİLÇİSİ (APTEKLƏR ÜZRƏ)',8,'İş barədə məlumat\r\n- İş saatı: 09:00-dan - 18:00-dək\r\n- 1-5 günlər iş, şənbə və bazar istirahətdir\r\n- Əmək haqqı 350 net + 600 Bonus\r\n- Şirkət Məhsularının satışının təşkil edilməsi\r\n- Ərazisində olan Apteklərdə məhsul ehtiyacının müəyyənləşdirilməsi\r\n- Ehtiyac müəyyənləşdikdən sonra sifarişin götürülməsi\r\n- Müştərilərə məhsulun keyfiyyəti, tərkibi və digər xüsusiyyətləri barədə məlumatın verilməsi\r\n- Müştərilərlə daim əlaqədə olması, onların ehtiyac və tələblərinin analiz edilməsi\r\n- Mağazalarda məhsulun düzülüşünə, səliqəli şəkildə görünməsinin (Merçendayzinq) təşkil edilməsi\r\n- Görülən işlərin hesabatını bir başa rəhbərinə düzgün təqdim edilməsi\r\n- Rəhbərliyin göstərilən vəzifə üzrə digər tapşırıqlarının həyata keçirilməsi','Namizədə tələblər\r\n- Yalnız bəy namizədlər !\r\n- Aptek kanalında satış üzrə iş təcrübəsi arzuolunandır\r\n- 22 - 35 yaş arası\r\n- Səliqəli xarici görünüş\r\n- Səlis nitq bacarığı\r\n- Fikirlərini aydın ifadəetmə bacarığı\r\n- Ünsiyyətcil\r\n- İnandırma qabiliyyəti\r\n- Komanda ilə işləmə bacarığı\r\n- Satış bacarığı\r\n- Məsuliyyətli',26,5,'2023-02-18','Ceylan MMC','+994555156664','300','hr@ceylan.az',1,0,NULL,'2023-01-18 05:01:44','2023-01-18 05:01:52',0),(43,'Satıcı',8,'Müştəriləri qarşılamaq və onlarla ünsiyyət qurmaq\r\nMüştərilərin mallarla bağlı ehtiyaclarını və üstünlüklərini anlamaq üçün onlara məsləhət vermək\r\nMalları nümayiş etdirmək və izah etmək, müştərilərin ehtiyaclarına uyğun variantları seçib təklif etmək\r\nMüştərilərin mallarla bağlı suallarını cavablandırmaq\r\nMüştərilərə satınalma qərarlarında kömək etmək\r\nQaytarma və dəyişmə proseslərini həyata keçirmək\r\nVerilən digər vəzifələri yerinə yetirmək\r\nƏmək Haqqı: 450 AZN + bonus','Əla şifahi ünsiyyət bacarıqları\r\nƏla aktiv dinləmə bacarıqları\r\nƏla satış və müştəri xidməti bacarıqları\r\nSatılan mallar haqqında geniş məlumatı öyrənməyə həvəsli\r\nMüştərinin ehtiyaclarını təxmin etmək bacarığı\r\nMüştərilərə mal tövsiyə etmək bacarığı',27,40,'2023-02-18','Aysel Alieva','+994707030439','450','office.turbanmoda@gmail.com',1,0,NULL,'2023-01-18 05:07:41','2023-01-18 05:31:12',0),(44,'Satıcı',8,'Müştəriləri qarşılamaq və onlarla ünsiyyət qurmaq\r\nMüştərilərin mallarla bağlı ehtiyaclarını və üstünlüklərini anlamaq üçün onlara məsləhət vermək\r\nMalları nümayiş etdirmək və izah etmək, müştərilərin ehtiyaclarına uyğun variantları seçib təklif etmək\r\nMüştərilərin mallarla bağlı suallarını cavablandırmaq\r\nMüştərilərə satınalma qərarlarında kömək etmək\r\nQaytarma və dəyişmə proseslərini həyata keçirmək\r\nVerilən digər vəzifələri yerinə yetirmək\r\nƏmək Haqqı: 450 AZN + bonus','Əla şifahi ünsiyyət bacarıqları\r\nƏla aktiv dinləmə bacarıqları\r\nƏla satış və müştəri xidməti bacarıqları\r\nSatılan mallar haqqında geniş məlumatı öyrənməyə həvəsli\r\nMüştərinin ehtiyaclarını təxmin etmək bacarığı\r\nMüştərilərə mal tövsiyə etmək bacarığı',27,5,'2023-02-18','Aysel Alieva','+994707030439','450','office.turbanmoda@gmail.com',1,0,NULL,'2023-01-18 05:09:16','2023-01-18 05:31:14',0),(45,'Dərzi',8,'Yeni Yasamal ərazisində yerləşən Turban Moda istehsalatına dərzi yaxud tikişçi tələb olunur\r\n\r\nHəftənin 6 günü iş\\bazar istirahət\r\n\r\nRəsmi qeydiyyat','Düz tikiş\\overlok\\reşmə kimi tikişləri bacarmalı\r\n\r\nCəld və məsuliyyətli olmaq\r\n\r\nVerilən tapşırığı vaxtında yerinə yetirmək',27,5,'2023-02-18','Aysel Alieva','+994707030439','700','office.turbanmoda@gmail.com',1,0,NULL,'2023-01-18 05:10:12','2023-01-18 05:31:18',0),(46,'Satıcı Köməkçisi',8,'Əmək haqqı 400 manat + bonus','Vəzifə üzrə yalnız xanım namizədlər işə qəbul edilir.',27,5,'2023-02-18','Aysel Alieva','+994707030439','400','office.turbanmoda@gmail.com',1,0,NULL,'2023-01-18 05:13:24','2023-01-18 05:31:16',0),(47,'OPERATOR',17,'İş barədə məlumat\r\n- Gələn sifarişlər üzərindən müştərilərə düzgün və tam məlumatın verilməsi və məhsulun satışın həyata keçirmək\r\n- Verilən tapşırıqların düzgün yerinə yetirilməsi\r\n- İş qrafiki 6 günlükdür ( həftəiçi istirahət günü)\r\n- İş vaxtı: saat 09:00-dan 18:00-dək (tam iş vaxtı)\r\n- Aylıq gəlir 400-600 AZN\r\nCV-ləri yuxarıda qeyd olunan email-ə \"Operator(evdən iş)\" başlığı ile göndərmək lazımdır, göndərəndə başlıqda iki üstəgəl iki cavabını qeyd edin','Namizədə tələblər\r\n- Hal-hazırda digər işdə işləməyən\r\n- Yaş: 18-50 yaş\r\n- Azərbaycan dilində Səlis danışıq qabiliyyəti. Rus dili bilməsi arzu olunandır\r\n- Ünsiyyətqurma və komandada işləmək bacarığı',29,5,'2023-02-18','Sashera-Med Azerbaijan','+994702204393','400','hr@sashera-med-aze.info',1,0,NULL,'2023-01-18 06:53:14','2023-01-18 06:53:20',0),(48,'МЕНЕДЖЕР ПО ПРОДАЖАМ',8,'İş barədə məlumat\r\n- Оклад + ежемесячные и годовые бонусы. Уровень компенсации определяется индивидуально в зависимости от компетенций соискателя\r\n- Прозрачная и понятная система мотивации с реальными планами и справедливыми KPI\r\n- Развитая и насыщенная корпоративная культура\r\n- Широкий круг общения разного уровня\r\n- Возможность карьерного и профессионального роста\r\n\r\nКандидатов просим отправлять свое резюме с фотографией, указав в теме письма название вакансии «Менеджер по продажам» info@istanbulgroup.az','Namizədə tələblər\r\nРабота в команде людей, которая любит и умеет продавать\r\n\r\n- Мы ищем амбициозных , уверенных менеджеров\r\n- От нас - максимум возможностей\r\n- От вас - максимум свободы действий - Если у тебя уже есть успешный опыт в продажах от 1 года и ты готов обучаться , хочешь работать в развивающейся, продуктивной, команде, то эта вакансия для тебя!\r\n\r\n- Кандидаты любого пола\r\n- У вас есть высшее образование\r\n- Вы владеете навыками переговоров c корпоративными клиентами и имеете опыт продаж в сегменте B2B\r\n- Умеете самостоятельно планировать, ставить задачи и выполнять их в срок\r\n- Вы готовы постоянно поддерживать связь с клиентом для эффективного выстраивания отношений\r\n- Вы умеете слушать и слышать, устанавливать доверительные отношения, грамотно выражать мысли и давать конструктивную обратную связь\r\n- Вы ответственны и дисциплинированны\r\n- Вы уверенный пользователь 1С, Word, Excel',30,5,'2023-02-18','Istanbul Group','+994555871383','700','info@istanbulgroup.az',1,0,NULL,'2023-01-18 07:02:22','2023-01-18 07:02:30',0),(49,'GÖZƏTÇİ',13,'İş barədə məlumat\r\nŞirkətə bir gunnən bir gecə növbəsinə 45-60 yaşda gözətçi tələb olunur\r\n\r\n- Gecə növbəsi\r\n- İş vaxtı : 18:30-dan - 08:30-dək\r\n- Ə/H: 350 - 400 azn\r\n\r\nÜnvan: Qara Qarayev prospekti, 87 (Lotos ticarət mərkəəzinin arxası)\r\n\r\nCV-nizi yada ozünüz haqda tam məlumatı gidromasservis@gmail.com və ya rena.mammadova@gms.az ünvanlarına göndərə bilərsiz','Namizədə tələblər\r\n- Şirkətə bir gunnən bir gecə növbəsinə gözətçi tələb olunur\r\n- Yaş həddi: 45-60 arası\r\n- İş təcrübəsi: arzuolunandı\r\n- Dürüst\r\n- Məsuliyyətli\r\n- Diqqətli\r\n- İşində dürüst, diqqətli, məsuliyyətli olmalı',31,5,'2023-02-18','Gidromaşservis QSC','+994124483144','300','rena.mammadova@gms.az',1,0,NULL,'2023-01-18 07:20:57','2023-01-18 07:37:28',0),(50,'İT TEXNİK',6,'İş barədə məlumat\r\n- Gündəlik nəzarət sistemlərinin Kamera, turniket, Şlaqbaum, Akses kontrol sistemlərinin quraşdırılmasında iştirak etmək\r\n- DVR və NVR ın quraşdırılması , İP yönləndirilməsini və internetə qoşulmasını\r\n- Biometrik sistemlərin qoşulmasını yerinə yetirmək\r\n- Nəzarət sistemlərinin quraşdırılması\r\n- İş rejimi: Tam iş günü (6 gün)\r\n- Müqavilə: Əmək müqaviləsi\r\n- İş qrafiki həftədə 6 gün\r\n- İş saadı 09:00-dan-18:30-dək\r\n- AR Respublikası əmək məcəlləsinə uyğun sənədləşdirmə','Namizədə tələblər\r\n- Kamera, şlaqbaum, turniket, kart oxuyucu və s təhlükəsizlik avadanlıqlarının quraşdırmaşından anlayışı olmalı\r\n- Lokal şəbəkələrin quraşdırılması bacarığı\r\n- Kabel çəkilişi və s. bu kimi fiziki işlərə bacarığı olmalı\r\n- Turniket, Şlaqbaum, Akses kontrol və digər təhlükəsizlik sistemlərindən anlayışı olmalı',32,5,'2023-02-18','LifeGuar','+994512818636','500','hr@lifeguard.az',1,0,NULL,'2023-01-18 07:37:19','2023-01-18 07:37:29',0),(51,'MÜHASİB',4,'İş barədə məlumat\r\n- Mühasibat , vergi uçotu və DSMF, Statistika ilə bağlı əməliyyatlar\r\n- Vergi orqanları ilə yazışmalar\r\n- Vergi sahəsi ilə bağlı əməliyyatlar – bütün vergi hesabatlarının göndərilməsi,\r\n- E-Qaimə fakturalarının və VHF yazılması, gömrük bəyannamələri ilə bağlı əməliyyatlar, vergi qanunvericiliyi ilə dəqiq işləmək bacarığı\r\n- E-portal proqramı ilə işləmək bacarığının olması\r\n- Sənədlər və mühasibat yazılışları əsasında vergi və mühasibat hesabatlarının tərtib olunması və qanunvericilikdə müəyyən edilmiş müddət ərzində müvafiq orqanlara göndərilməsini həyata keçirtmək\r\n- Vergi hesabatlarının (Əmlak, Torpaq, ƏDV, ÖMV, Mənfəət) hazırlanması və təqdim edilməsi\r\n- DSMF hesabatlarının (B1, B3) hazırlanması və təqdim edilməsi\r\n- Statistika hesabatlarının hazırlanması və təqdim edilməsi\r\n- Məşğulluq idarəsinə hesabatların hazırlanması və təqdim edilməsi\r\n- BTP proqramında işləməklə vergi bəyannamələri göndərmək və vergi məsələləri ilə bağlı -işlərdə birbaşa iştirak etmək\r\n- İş qrafiki: Bazar ertəsi- şənbə\r\n- 09:00-dan - 18:00-dək\r\n- Bazar günü istirahət günüdür\r\n- Nahar şirkət tərəfindən verilir','Namizədə tələblər\r\n- Xanım namizəd tələb olunur !\r\n- Mühasibatlığa dair cari qanunvericilik (Vergi Məcəlləsi, Mülki Məcəllə və Əmək Məcəlləsi üzrə) aktlarına dair bilik\r\n- Mühasibat uçotu standartlarının(qaydalarının) tətbiqi\r\n- Vergi uçotunun vergi qanunvericiliyinə əsasən tətbiqi , BTP proqramı üzərindən mənfəət vergisi,ƏDV, Gəlir vergisi ,ÖMV,Sadələşdirilmiş vergi ,Torpaq-əmlak vergisi və s bəyannamələrin tam şəkildə tərtib etmək\r\n- Maliyyə uçotu standartlarına əsasən Maliyyə hesabatlarının Balans, PL (Mənfəət və Zərərin hesabatı), Cash Flow (Pul vəsaitlərinin hərəkəti hesabatı) , Kapitalın hərəkəti hesabatının tərtib etmə və analiz edə bilmə\r\n1 C 8.2 və 8.3 proqramında sərbəst işləmək təcrübəsi (Istehsal və satış və s.)\r\n- Kompüter bilikəri -Word , Excel -düsturlarla uçotun tətbiqi\r\n- Balansın çıxarılması üzrə biliklərə sahib olmalı\r\nCV-lərinizi foto ilə birlikdə office@allprint.az ünvanına göndərməyiniz xahiş olunur',33,5,'2023-02-18','Allprint','+994125981991','700','office@allprint.az',1,0,NULL,'2023-01-18 07:45:29','2023-01-18 07:45:36',0),(52,'OFİS MENECERİ',5,'İş barədə məlumat\r\n- Daxil olan müştərilərin qarşılama, məlumatlandırma və qeydiyyatının aparılması\r\n- Daxil olan telefon zənglərinin cavablandırılması\r\n- Görüşlərin təyini\r\n- Qonaqların qarşılanması (çay, kofe, su)\r\n- E-mail və yazışmaların həyata keçirilməsi (facebook, Instagram, whatsapp)','Namizədə tələblər\r\n- Azərbaycan və rus dilində səlis danışıq və yazı qabiliyyəti\r\n- Yüksək danışıq qabiliyyəti, fikrini aydın izah etmə bacarığı\r\n- Kompüter və ofis proqramlarından istifadə etmə bacarığı\r\n\r\n- Xanımlar namizədlər!',34,5,'2023-02-18','Davidov Global','+994508888906','400','info@davidovglobal.az',1,0,NULL,'2023-01-18 07:52:44','2023-01-18 07:52:50',0),(53,'İNSAN RESURSLARI ÜZRƏ MÜTƏXƏSSİS',17,'İş barədə məlumat\r\n- İR departamentinə ümumi nəzarət\r\n- Şirkətin insan resurslarına olan tələblərinin qiymətləndirməsi\r\n- Reklam, CV-lərin yoxlanılması, müsahibələr və əmək haqqının müəyyən edilməsi kimi bütün işə qəbul fəaliyyətlərinə nəzarət etmək və koordinasiya etmək\r\n- Əmək haqqının düzgün və vaxtında işlənməsi, Mühasibat və Maliyyə departamentinə təhvil verilmək\r\n- Fəaliyyətin qiymətləndirilməsini və idarə edilməsi təmin etmək\r\n- İnsan resurslarının idarə edilməsi və inkişafı ilə bağlı prosedurlar, siyasətlər, formatlar hazırlamaq\r\n- Fəaliyyətin qiymətləndirilməsi əsasında Rəhbərliyə təsdiq, artımlar və vəzifə artımlarının tövsiyə edilməsi\r\n- Bütün İşçilərin məzuniyyət qeydlərinin aylıq yenilənməsi və işçilərlin məzuniyyət ərizələrinin izlənilməsi.\r\n- İşçilərin şəxsi sənədlərini saxlamaq\r\n- Yuxarıda göstərilən fəaliyyətlərlə bağlı gündəlik sənədləşmə işlərini yerinə yetirilməsi\r\n- Yeni işçilərlə əmək müqaviləsi bağlamaq\r\n- İR ilə bağlı bütün məsələlərdə Rəhbərliyə köməkliyin edilməsi\r\n- İşçilərin davamiyyətinə və iş vaxtına nəzarət etmək\r\n- İşçilərlə məsləhətləşmələr aparmaq\r\n- İşçilərin motivasiyasını, nizam-intizamını və ruh yüksəkliyini təmin etmək\r\n- İR ilə bağlı bütün məsələləri/problemləri Rəhbərliyə bildirin\r\n- İşçilər və rəhbərlik arasında əlaqə qurmaq\r\n- İş qrafiki: Həfdənin 6 günü (6-cı gün yarı iş günü)','Namizədə tələblər\r\n- İnsan Resurslarının İdarə Edilməsi ali dərəcəsi olmalıdır\r\n- Minimum 3 il iş təcrübəsi olmalıdır\r\n- Beynəlxalq təşkilatla bağlı iş təcrübəsi\r\n- MS Office ilə, xüsusən də Excel və Word ilə güclü bacarıqlara sahib olmalıdır\r\n- Güclü işgüzar ünsiyyət bacarıqları olmalıdır\r\n- Səliqəli geyim ədəbinə və güclü şəxsi keyfiyyətlərə sahib olmalıdır\r\n- İngilis və Rus dillərini yaxşı bilməlidir (yazı, danışıq və oxuma)',35,5,'2023-02-18','Malibo MMC','+994552022124','1000','sevinc.agazade@maliboresidence.com',1,0,NULL,'2023-01-18 08:11:34','2023-01-18 08:11:41',0),(54,'QAPI-PƏNCƏRƏ USTASI',13,'İş barədə məlumat\r\n- İzosistem Qapı Pəncərə ustaları axtarılır\r\n- İzosistem Alüminium, Şüşə Cəbhə, Duş kabin, Məhəccər, Cambalkon və bənzəri iş sahələrində təcrübəsi olan ustalar işə qəbul olunur\r\n- Maaş 800-1200 AZN (təcrübə, bilik bacarığa görə qiymətləndiriləcək)\r\n- Qeyd olunan sahələrdə istehsal və montaj bacarığı tələb olunur\r\n- Əmək müqaviləsi ilə işə götürmə\r\n- İş vaxtı həftə içi 09:00-dan - 18:00-dək','Namizədə tələblər\r\nQapı Pəncərə ustası',36,5,'2023-02-18','Vinova','+994503308050','800','info@vinova.az',1,0,NULL,'2023-01-18 08:18:40','2023-01-18 08:18:47',0),(55,'KURYER',13,'İş barədə məlumat\r\n- Sifarişin müştərilərə müəyyən olunmuş vaxt çərçivəsində, təyinatı üzrə, gecikmə olmadan çatdırılmasını həyata keçirir\r\n- Sifarişin müştərilərə müəyyən olunmuş qaydalar əsasında çatdırılmasını həyata keçirir\r\n- Sifarişin düzgün qaydada qəbul edilməsinə əmin olur\r\nÖdənişin düzgün qaydada qəbul edilməsini həyata keçirir,\r\n- Lazım gəldikdə POS terminal ilə işləyir\r\n- Restoranın əhatə dairəsi olan ərazidə bukletlərin paylanmasını həyata keçirir\r\n- Müştəri ilə düzgün standartlara uyğun ünsiyyətin qurulmasını və yüksək səviyyədə xidmət göstərilməsini təmin edir\r\n- Səliqəli görünüş və gigiyena qaydalarına riayət edir\r\n- Etibar olunan depozit məbləğə və sifarişə maddi məsuliyyət daşıyır\r\n- Müştərilər tərəfindən müraciət olunan şikayət/etirazların səbrlə dinləmək və müsbət həllini təmin edir','Namizədə tələblər\r\n- Yaş 18-40\r\n- Orta təhsil\r\n- Azərbaycan və Rus dili biliyi olmalı.\r\n- Müvafiq sahə üzrə 1-3 il iş təcrübəsi olmalı\r\n- Gülərüz, yüksək xidmət göstərmək bacarığı olmalı\r\n- Komanda ilə işləmək bacarığı olmalı\r\n- Fəal, məsuliyyətli, punktual, stressə davamlı olmalı\r\n- Şəxsi moto və ya avtomobilin olması vacibdir',37,5,'2023-02-18','Pizza Mizza','+994502917735','800','hr@pizzamizza.az',1,0,NULL,'2023-01-18 08:25:59','2023-01-18 08:30:11',0),(56,'TEXNİK',13,'İş barədə məlumat\r\n- İsitmə-soyutma, su, hava təchizatı və digər mexaniki bina infrastruktur sistemlərində və elementlərində texniki xidmət və təmir işlərinin aparılması\r\n- Mexaniki sistemlərdə təhlükələrin, potensial risklərin, istismar standartlarından kənarlaşma hallarının müəyyən edilməsi, aradan qaldırılması və qeydiyyata alınması\r\n- Yeni mexaniki qurğu və avadanlıqların quraşdırılması, sazlanması, sınağı və istismara buraxılması\r\n- Avadanlıqların və hissələrinin müayinəsi, yoxlaması, profilaktik və texniki baxım işlərin icrası\r\n- Müxtəlif müayinə və sınaq cihaz və alətlər vasitələri ilə işlərin icrası\r\n-Mexaniki sistem, avadanlıq və cihazların nasazlıqların aşkarlanması və müayinəsi\r\n- Aşınmış avadanlıqların və onların elementlərinin təmiri, bərpa edilməsi və yenisi ilə əvəz edilməsi\r\n- İcra edilən işlərin, müayinələrin və sınaqların qeydiyyata alınması və müvafiq hesabatların təqdim edilməsi\r\n- Mexaniki avadanlıqların dəyişdirilməsi üçün texniki tələblərin müəyyən edilməsi və təkliflərin verilməsi\r\n- Əmək təhlükəsizlik qaydalarına və əsas fəaliyyət göstəriciləri tələblərinə riayət edilməsi\r\n- İşlər üzrə hesabatlılıq qaydalarına riayət edilməsi və müvafiq qeydiyyatların rəqəmsal formatda aparılması\r\n\r\n- İş qrafiki: I-V günlər\r\n- Saat 08:00-dan -17:00-dək\r\n- Ünvan: Zərifə Əliyeva küç.93\r\n\r\nNamizədlərdən xahiş olunur ki, öz CV-ni\r\nhr@fmg.az ünvanına göndərsinlər','Namizədə tələblər\r\n- Müvafiq sahə üzrə Peşə və ya Ali təhsil;\r\n- Mexaniki ixtisası təsdiq edən təlim şəhadətnaməsi\r\n- Müvafiq sahə üzrə (mexanik) minimum 5 il təsdiqli iş təcrübəsi\r\n- Əla fiziki sağlamlıq və yüksəklikdə iş bacarığı\r\n- Yaşayış və kommersiya ərazilərinə dair mexaniki standartlar və tələblər üzrə əsaslı biliklər\r\n- Yaxşı ünsiyyət və hesabatlılıq bacarıqları\r\n- Fövqəladə və qəza hallarında səriştəli hərəkət etmək bacarıqları',38,5,'2023-02-18','Facility Managament Group','+994123106296','600','Rashad.Jafarzade@fmg.az',1,0,NULL,'2023-01-18 08:41:05','2023-01-18 09:08:05',0),(57,'İDXAL-İXRAC ƏMƏLİYYATLARI ÜZRƏ MÜTƏXƏSSİS',17,'İş barədə məlumat\r\n- İdxal və ixrac əməliyyat xidmətləri üzrə müraciət edən müştərilərlə ilkin əlaqənin qurulması\r\n- Şirkətin strateji hədəflərinə uyğun olaraq Yerli və Xarici bazarı araşdırmaq\r\n- İdxal və İxrac əməliyyatları istiqamətində danışıqlar aparmaq\r\n- Xarici şirkətlərlə əməkdaşlığın qurulmasında iştirak etmək\r\n- Şirkəti yerli və xarici tədbirlərdə təmsil etmək\r\n- Beynəlxalq əlaqələrin qurulması və inkişaf etdirilməsi üzrə təkliflərin hazırlanması\r\n- Sifariş olunan mal və xidmətlərə görə qiymətlərin alınması və sərfəli qiymətin müəyyənləşdirilməsi\r\n- İdxal və ixrac əməliyyatları xidmətlər üzrə müqavilələrin hazırlanması prosesini şərtlərin müəyyənləşdirilməsindən son imzaya qədər təqib etmək\r\n- İdxal və ixrac əməliyyatı xidmətləri üzrə rəhbərliyin həvalə etdiyi digər funksiyalar\r\n- İş qrafiki həftə içi 5 gün 09:00-dan-18:00- dək','Namizədə tələblər\r\n- Ali təhsil (təhsilin iqtisadiyyat ,gömrük, biznesin idarə olunması sahəsində olması üstünlükdür)\r\n- Riyazi analitik qabiliyyət\r\n- MS Office proqramlarında (xüsusi ilə excell) sərbəst işləmək bacarığı\r\n- Komandada işləmək bacarığı, yaradıcı və innovativ yanaşmalara açıq olan\r\n- Məsuliyyət götürmək, təşəbbüskarlıq, ixtisasını daimi təkmilləşdirən\r\n- Müştərilərlə ünsiyyət qurma və münasibətlərin idarə edilməsi bacarığı\r\n- Xarici dil bilikləri (Rus, İngilis)yuksək səviyyədə\r\n- İdxal və ixrac əməliyyatları təcrübə üstünlük hesab olunur\r\n- Şirkəti yerli və xarici tədbirlərdə və görüşlərdə təmsil etmək\r\n- Kişi namizəd tələb olunur',39,5,'2023-02-18','Atena MMC','+994124049998','800','cv@atena.az',1,0,NULL,'2023-01-18 09:07:58','2023-01-18 09:08:07',0),(58,'FƏHLƏ',13,'İş barədə məlumat\r\n- İş Ələt qəsəbəsində yerləşir. Servis təminatı var. Nahar şirkət tərəfindən verilir\r\n- Qalmaq üçün kamp da mövcüddur, istəyən şəxslər qala bilərlər\r\n- (Bu halda qalmaq üçün yer və gündə 3 dəfə qidalanma şirkət tərəfindən qarşılanır)\r\n- İş qrafiki saat : 08:00-dan-17:00-dək','Namizədə tələblər\r\n- Kollektivdə işləmə bacarığı\r\n- Çeviklik',40,5,'2023-02-18','Age mmc','+994125980088','500','hr@age.az',1,0,NULL,'2023-01-18 09:20:04','2023-01-18 09:20:19',0),(59,'TUR MENECERİ',15,'İş barədə məlumat\r\n- Müxtəlif istiqamətlər üzrə fərdi və qrup turlarının hazırlanması\r\n- Müştərilərdən gələn sorğuların vaxtında və işgüzar formada cavablandırılması\r\n- Müştərilərlə yüksək səviyyəli münasibətlərin qurulması\r\n- Otellərin bronlaşdırılması\r\n- Mövsimə və tələbə uyğun turların hazırlanması və reklam bölməsinə ötürülməsi\r\n\r\n- İş saatları: 10:00-dan –19:00-dək\r\n- Şənbə günü: 10:00-dan-16:00-dək\r\n- İstirahət günü - Bazar günü\r\n\r\n- Əmək haqqı şəxsin təcrübə və bacarıqlarına görə müəyyən ediləcək + satışdan komissiya veriləcək\r\n- CV-lərinizi \"Tur menecer\" başlığı altında hr@rts.az elektron poçt ünvanına göndərməyiniz xahiş olunur\r\n- Göstərilən tələblərə cavab verməyən şəxslərin CV formalarına baxılmayacaq Yalnız seçilmiş namizədlərlə əlaqə saxlanılacaq','Namizədə tələblər\r\n- Tur menecer kimi turizm sahəsində ən azı 2 il iş təcrübəsinə malik olmaq\r\n- Azərbaycan və rus dillərini yüksək səviyyədə bilmək (ingilis dilini bilənlərə üstünlük verilir)\r\n- Kompüterdə işləmək bacarığı (MS Office programları, İnternet, MS Outlook, və s.)\r\n- Səlis və işgüzar danışıq bacarığına malik olmaq\r\n- Yüksək ünsiyyət qurma bacarığına malik olmaq\r\n- Məsuliyyətli və diqqətli olmaq\r\n- Mühitə tez uyğunlaşmaq və komandada işləmə qabiliyyətinə malik olmaq',41,5,'2023-02-18','Royal Travels and Services','+994124976303','500','jeyhun@rts.az',1,0,NULL,'2023-01-18 09:33:46','2023-01-18 09:33:51',0),(60,'USTA KÖMƏKÇİSİ',13,'İş barədə məlumat\r\n- Baksolda yerləşən fabrikimizə mebel ustasına köməkçi tələb olunur\r\n- İş saat 08:00-dan-18:00-dək\r\n- Maaş 450 AZN dir\r\n- Yaş həddi 30 yaşa qədər','Namizədə tələblər\r\n- İşə düzəltmə deyil\r\n- Düzgün işində məsuliyyətli olması vacibdir',42,5,'2023-02-18','MKONTAKT MMC','+994125700008','400','info@mkontakt.az',1,0,NULL,'2023-01-18 09:46:49','2023-01-18 09:47:04',0),(61,'ПРОДАВЕЦ-КОНСУЛЬТАНТ',8,'İş barədə məlumat\r\nКрупнейший интернет-портал для домашних животных Biopet.shop ищет консультантов для онлайн магазина и торговых точек в городе Баку\r\nОбязанности:\r\n\r\n- Приемка и согласование заказов онлайн и по телефону\r\n- Обработка входящих обращений от покупателей\r\n- Взаимодействие с подразделениями магазина и со службой доставки\r\n- Консультирование покупателей онлайн или на торговых точках\r\n- Предоставление необходимой информации клиентам\r\n- Поддержание порядка в торговом зале\r\n- Составление ежедневного итогового отчета по результатам продаж\r\n\r\n- 6-дневный сменный рабочий график\r\n- Конкурентная зарплата от 500-600 манат\r\n- Перспектива карьерного роста\r\n- Оформление по ТК АР\r\n- Дружный коллектив\r\n- Бесплатное непрерывное обучение по кормам, уходу и техникам продаж у экспертов сети\r\n- Возможность увидеть милых питомцев наших клиентов идёт как бонус\r\n\r\nЛюбишь животных? Работай с нами!\r\n\r\nКандидатов просим отправлять свое резюме с фотографией, указав в теме письма название вакансии «Консультант в зоомагазин» hr@biopet.shop','Namizədə tələblər\r\n- Отличное владение азербайджанским и русским языками\r\n- Возраст: 20-40 лет\r\n- Внимательность, ответственность, желание учиться\r\n- Коммуникабельность и умение вживую контактировать с клиентами\r\n- Знание ПК на уровне уверенного пользователя',43,5,'2023-02-18','Biopet MMC','+994123101276','500','hr@biopet.shop',1,0,NULL,'2023-01-18 09:59:51','2023-01-18 10:00:02',0),(62,'OFİSİANT',13,'İş barədə məlumat\r\nAR Əmək Məcəlləsinə əsasən rəsmiləşdirmə','Namizədə tələblər\r\nCins:\r\n- Xanım İşçi tələb olunur\r\nDil bilikləri:\r\n- Rus dilini yaxşı bilməlidir\r\n- İngilis dilini yaxşı bilməlidir\r\n- Nizam İntizamlı olmalıdır\r\n- Kollektivlə işləmə bacarığı olmalıdır\r\n- Gülər üz olmalıdır\r\n- Hər zaman iş fəaliyyətində müştəri məmnunluğu qazanmalıdır',44,5,'2023-02-18','Caspian International Hospital','+994772209747','500','ramil-ss@mail.ru',1,0,NULL,'2023-01-18 10:16:08','2023-01-18 10:19:08',0),(63,'LOGİSTİKA ÜZRƏ MÜTƏXƏSSİS',13,'İş barədə məlumat\r\n- Gömrük bəyannamələrinin tərtib olunması\r\n- Gömrükləmə üçün lazım olan sənədlərin yığılması və prosesi idarə etmək\r\n- Tranzit, idxal, ixrac yüklərin sənədlərinin gömrükləməyə qədər hazırlanması\r\n- Müştərilərə Şirkətin göstərdiyi Gömrük/logistika xidmətləri haqqında ümumi məlumatların təqdim edilməsi\r\nAR Əmək Məcəlləsinə əsasən rəsmiləşdirmə\r\n- İş qrafiki: Həftə içi 5 gün, 09:00-dan-18:00-dək\r\n- Əmək haqqı: müsahibəyə əsasən təyin olunur\r\n- Namizədlərdən xahiş olunur ki, öz CV-ni\r\nramil-ss@mail.ru ünvanına göndərsinlər','Namizədə tələblər\r\n- Azərbaycan Respublikasının Dövlət Gömrük Komitəsində attestasiyadan keçmiş\r\nAzərbaycan Respublikasının Gömrük qanunvericiliyindən məlumatlı olmaq, Incoterms haqqında qısa biliklərin olması\r\nGömrük Bəyannamələrinin növləri/rejimləri haqqında biliklərin olması\r\n- Tranzit, idxal, ixrac prosesi və yüklərin gömrüklənməsi barədə ümumi anlayış\r\n- Ümumi fərdi keyfiyyətləri: İşdə məsuliyyətli, dəqiqlik, operativlik, kollektivdə işləmə bacarığı\r\n- Dürüst, səmimi, təşəbbüskarlıq qabiliyyəti və inkişafa meyllilik\r\n- Yarana biləcək problemləri həll etmə bacarığı və analitik təfəkkür\r\n- Dil bilikləri: Azərbaycan dili (əla), Rus dili (yaxşı) və İngilis dilini bilməsi üstünlükdür.\r\nKompüter billikləri: MS Office (Word, Excel, adobe) proqramını bilməli',44,5,'2023-02-18','Caspian International Hospital','+994125025015','800','info@cih.az',1,0,NULL,'2023-01-18 10:19:01','2023-01-18 10:19:09',0),(64,'KURYER',13,'İş barədə məlumat\r\n- Şirkətin məhsulları və sənədlərinin moped vasitəsi ilə çatdırılması\r\n- İş qrafiki: 10:00-dan-20:00-dək (6 iş günü, 1 gün istirahət)\r\n- Maaş: 450 + (bonus daxil)\r\n- Şirkət tərəfindən moped ilə təmin olunur\r\n- Telefon, amortizasiya və yanacaq xərcləri şirkət tərəfindən qarşılanır\r\n\r\nQeyd: Əməkdaş şirkət tərəfindən verilən mopedlə nizam-intizamla və ehtiyatla davranmalıdır.Maraqlanan şəxslər CV-ni kuryer adı başlığı altında hr@saatstore.az mail ünvanına göndərə bilərlər','Namizədə tələblər\r\n- Yaş həddi: 20-35\r\n- Moped sürə bilən\r\n- Şəhəri yaxşı tanıyan\r\n- Müştəri ilə nəzakətli davranan\r\n- Enerjili, punktual, nizam-intizamlı və məsuliyyətli',45,5,'2023-02-18','Saat Store','+994704301114','400','hr@saatstore.az',1,0,NULL,'2023-01-18 10:27:35','2023-01-18 10:27:57',0),(65,'MÜHASİBAT UÇOTU ƏMƏLİYYATLARI ÜZRƏ MÜHASİB',4,'İş barədə məlumat\r\n- Vəzifə: Uçot əməliyyatları üzrə mühasib (Bərdə)\r\n- İş yeri: OBA Marketlər şəbəkəsi, Bərdə ofisi\r\n- Ünvan: Bərdə rayonu, Babək küçəsi (FHN-nın Bərdə rayonu Yanğından Mühafizə idarəsinin yanı)\r\n\r\nVəzifə öhdəlikləri:\r\n- Uçot əməliyyatları üzrə prosesin vaxtında təşkili və idarə edilməsi\r\n- Anbarlar üzrə mal-material uçot məlumatlarının düzgünlüyünün təmin etmək\r\n- Şirkətə daxil olan mal-materialın giriş-çıxış hərəkəti ilə bağlı əməliyyatlar yoxlanılıb, müvafiq proqrama daxil olunması\r\n- Uçot əməliyyatlarını əks etdirən sənədlərin müəyyən edilmiş tarix üzrə nəzarətinin təmini, vəzifə üzrə aylıq icranı yekunlaşdırmaq\r\n\r\nİş qrafiki:\r\n- İş saatları : 09:00-dan-18:00-dək\r\n- Nahar fasiləsi: 13:00-dan-14:00-dək\r\n- Şənbə və Bazar: istirahət günü\r\n\r\nGöstərilən tələblərə cavab verən namizədlərdən CV-lərini mövzu (subject) hissəsinə “Uçot əməliyyatları üzrə mühasib (Bərdə rayonu)\" qeyd edərək cv@oba.az ünvanına göndərmələri dolduraraq müraciət etmələri xahiş olunur\r\n\r\nQeyd: Yalnız tələblərə uyğun namizədlərlə əlaqə saxlanılacaqdır','Namizədə tələblər\r\n- Təhsil: Ali təhsil (İqtisadi təhsil mütləqdir)\r\n- Kompüter bilikləri: MS Office (excel əla səviyyədə)\r\n- Yaş: 35 yaşa qədər\r\n- Müvafiq sahədə 1 ilə qədər iş təcrübəsi\r\n- Çevik, öyrənməyə həvəsli, inkişafa meyilli',46,5,'2023-02-18','OBA marketlər şəbəkəsi','+994554502500','600','cv@oba.az',1,0,NULL,'2023-01-18 10:35:58','2023-01-18 10:36:07',0),(66,'BEYNƏLXALQ MÜNASİBƏTLƏR ÜZRƏ MÜTƏXƏSSİS',5,'İş barədə məlumat\r\nVəzifə öhdəlikləri:\r\n- Əməkdaşlıq edilən şirkətlərlə rəsmi yazışmaların aparılması, zəruri hallarda müvafiq görüşlərin keçirilməsi, qoyulan tələblər üzrə danışıqların aparılması\r\n- Beynəlxalq münasibətlər üzrə tədbirlərin və bu istiqamətdə xarici mütəxəssislərin iştirakının təşkili, tədbirə dəvət olunmaları üçün sənədləşmənin aparılması\r\n- Yeni şirkətlərin axtarışı, onlarla əlaqələrin yaradılması və inkişaf etdirilməsi\r\n- Beynəlxalq arenada cərəyan edən proseslərin izlənilməsi, aktual mövzuların müəyyənləşdirilməsi, qeyd olunan istiqamətdə anoloji xarici şirkətlərlə münasibətlərin inkişaf etdirilməsi\r\n- Xarici ölkələrdə tərəfdaş təşkilatlar tərəfindən keçiriləcək beynəlxalq tədbirlərdə iştirak etmək, beynəlxalq münasibətlər sahəsi üzrə ixtisaslaşmış şəxslər ilə əlaqələrin qurulması\r\n- Azərbaycan və rus dillərində hesabatların hazırlanması\r\n- Zəruri olduğu halda “over time” işləmə imkanı\r\n- İş qrafiki - tam iş günü','Namizədə tələblər\r\n- AR vətəndaşlığı\r\n- 25-32 yaş\r\n- Minimal iş təcrübəsi – 1-3 il\r\n- Hərbi mükəlləfiyyət\r\n- Beynəlxalq münasibətlər sahəsi üzrə bilik\r\n- Ali təhsil\r\n- Azərbaycan və rus dillərində mükəmməl danışıq və yazı qabiliyyəti\r\n- Əlavə dil bilikləri olan şəxslərə üstünlük verilir',47,5,'2023-02-18','Talent Agency','+994504449906','3000','hr@talent-recruitment.az',1,0,NULL,'2023-01-18 10:51:40','2023-01-18 10:52:50',0),(67,'SATIŞ MƏSLƏHƏTÇİSİ',8,'İş barədə məlumat\r\n- Verilən tapşırıqları vaxtında və keyfiyyətlə yerinə yetirmək\r\n- Müştərilərə məhsulun keyfiyyəti, tərkibi və digər fərqləndirici xüsusiyyətləri barədə məlumat verilməsi\r\n- Satış yaratmaq və idarə etmək\r\n- Rəsmi əmək müqaviləsi ilə\r\n- İş qrafiki: Növbəli\r\n- İş saatı - 6 gün\r\n- Maaş 400 man + bonuslar','Namizədə tələblər\r\n- Xanım namizəd tələb olunur !\r\n- Səlis Azərbaycan dilini bilməsi (Russ dili arzu olunandir)\r\n- Danışıq qabiliyyəti olmalı,fikirini aydın izah etmə və aktiv satış bacarığı\r\n- Xoş və səliqəli görünüş\r\n- Məsuliyyətli, dürüst və ünsiyyət qurma bacarığı\r\n- Kollektiv ilə işləmə bacarığı\r\n- Satış və müştərilərə xidmət bacarığı\r\nCV-ləri yuxarıda qeyd olunan email-ə göndərmək lazımdır\r\nUyğun namizədlərlə əlaqə yaradılacaq',48,5,'2023-02-18','LAS VEGAS-LASVEGAS','+994558991169','400','lvnerimanov@gmail.com',1,0,NULL,'2023-01-18 11:08:00','2023-01-18 11:18:01',0),(68,'SÜRÜCÜ',13,'İş barədə məlumat\r\nAvtomobil yağlarının satışı ilə məşğul olan şirkətə Ford nəqliyyat vasitəsini idarə etmək üçün sürücü tələb olunur\r\n\r\n- Malın maşına yığılıb boşaldılmasına kömək etməli\r\n- Nəqliyyat vasitəsinin hər zaman səliqəli və saz vəziyyətdə saxlamalı\r\n- Şirkət Xırdalanda yerləşir\r\n- İş qrafiki: 6 gün (09:00-dan-18:00-dək )\r\n- Bazar günü istirahət\r\n- Nahar şirkət hesabına verilir','Namizədə tələblər\r\n- Yaş həddi 25-35\r\n- Kişi namizəd\r\n- Sürücülük üzrə ən az 5 il iş təcrübəsi\r\n- Xirdalana yaxın, Masazır, Sulutəpə, Sumqayıt ərazisində yaşayanlara üstünlük veriləcəkdir',49,5,'2023-02-18','Muxtaroglu-VM MMC','+994557650383','500','office@muxtaroglu.az',1,0,NULL,'2023-01-18 11:15:49','2023-01-18 11:18:03',0),(69,'OFİS İŞÇİSİ',7,'İş barədə məlumat\r\n- Şirkət tibbi ləvazimatların satışını həyata keçirir\r\n- Anbar hesabatları ilə işləməyi bilməlidir\r\n- Anbara daxil olan malların qəbulu, uçotu və çıxarılması işlərini yerinə yetirmək\r\n- Anbardan çıxan mallara elektron qaimə və hesab fakturalarının yazılması\r\n- Mədaxil-məxaric proseslərini düzgün icra etmək və sənədləşdirmək\r\n- Rəhbərliyin tapşırığı ilə digər əməliyyatları yerinə yetirmək\r\n- Həftə içi 5 gün -09:00-dan-18:00-dək\r\n- Əmək Haqqı 400 AZN (+əmək haqqından əlavə mükafat)','Namizədə tələblər\r\n- Xanım namizəd!\r\n- Ali təhsil\r\n- Logo tiger və 1C proqramında işləmək bacarığı\r\n- MC Office proqram bilikləri\r\n- Kollektivlə işləmək və ünsiyyət bacarığı\r\n- Dəqiq,intizamlı və işinə qarşı məsuliyyətli olmaq',51,5,'2023-02-19','Med Product','+994512058595','400','company@medproduct.az',1,0,NULL,'2023-01-19 03:49:42','2023-01-19 04:14:22',0),(70,'Operator',8,'İş barədə məlumat\r\n- Mor Mor su şirkətinə daxil olan zənglərə cavab veriləcək\r\n- Müştəri qeydiyyatı aparılacaq\r\n- Anbarda boş qalan qabların hesabatı aparılacaq\r\n- Müştərilərə təhvil verilmiş qabların hesabatı aparılacaq\r\n- İş saatı : 09:00-dan-14:00-dək\r\n- Ofis Sabunçu qəsəbəsi Dilqəm Kişəvəri küçəsində yerləşir\r\n- Yaxın ərazidə qalanlara üstünlük verilir','Namizədə tələblər\r\n- Exceldə işləməyi bacarmalı\r\n- Elektron Mühasibat proqramında işləmə bacarığı olmalı\r\n- Müdriyyət tərəfindən verilmiş tapşırıqları yerinə yetirməli\r\n- Əsasən xanımlara üstünlük verilir!',52,5,'2023-02-19','Mor Mor su','+994509898682','300','mormorkft@gmail.com',1,0,NULL,'2023-01-19 04:03:42','2023-01-19 04:14:25',0),(71,'DİZAYNER',9,'İş barədə məlumat\r\n- Yeni modellərin texniki cizgilərinin işlənməsi\r\n- Müştərinin istəyinə uyğun mebelin ölçüsü, forması, rəngi və sayının dəqiqləşdirilməsi və satışın həyata keçirilməsi\r\n- Xüsusi istək zamanı mebellərin renderlərinin hazırlanması(3D Max)\r\n- Qəliz, xüsusi sifarişlər zamanı istehsal prosesi ilə maraqlanmaq\r\n\r\n- 6 günlük:10:00-dan – 20:00-dək\r\n- Bakı, Azərbaycan','Namizədə tələblər\r\n- Ali təhsil\r\n- Müvafiq sahədə ən azı 1 il iş təcrübəsi\r\n- MS Office, Autocard, 3dMAX proqramları biliyi\r\n- Mebel dizayn biliyi\r\n- Komandada işləmək bacarığı',53,5,'2023-02-19','Embawood','+994124367410','400','career@embawood.com',1,0,NULL,'2023-01-19 04:12:27','2023-01-19 04:14:24',0),(72,'SATIŞ MƏSLƏHƏTÇİSİ',8,'İş barədə məlumat\r\n- Müştərinin qarşılanması, mağazada təkibi və yola salınması\r\n- Malların vitrində yerləşdirilməsi\r\n- Malın ticarət zalında qorunmasının təmin edilməsi\r\n- Malın seçimində müştəriyə köməyin göstərilməsi, malın funksiyası və digər üstünlükləri barədə məlumatın verilməsi\r\n- 6 günlük / saat 10:00-dan – 20:00-dək\r\n- Embacareer','Namizədə tələblər\r\n- Ən azı 1 il iş təcrübəsi\r\n- Kollektivlə işləmə bacarığı\r\n- Ünsiyyət qurma bacarığı',53,5,'2023-02-19','Embawood','+994124367410','300','career@embawood.com',1,0,NULL,'2023-01-19 04:14:03','2023-01-19 04:14:19',0),(73,'OFİS MENECERİ',7,'İş barədə məlumat\r\n\"NPG” LLC – Daşınmaz Əmlak Şirkəti, rəqabətli əmlak bazarında müştəri məmnuniyyətini üstün tutaraq, peşəkar komanda tərəfindən keyfiyyətli və ədalətli xidmət göstərmək məqsədi ilə qurulub\r\nİş barədə məlumat:\r\n- Zənglərin qəbulu, qeydiyyatı, yönləndirilməsi\r\n- Ofis daxili inzibati və təşkilati işlərin aparılması\r\n- Elan saytları və baza programı ilə aktiv işləmək\r\n- SMM səhifələrlə və quruplarda reklam vermək\r\n- E-mail yazışmaları, lazımı danışıqların aparılması\r\n- Müqavilələrin yazılması, kargüzarlıq işlərinin həlli\r\n- Şirkət hesabına təlimlərdə (ödənişsiz) iştirak etmək\r\n- Ofis daxili ümumi işlərə nəzarət (komanda, təmizlik)\r\n- Qonaqların qarşılanması və qeydiyyatı (çay, kofe, su)\r\n- Rəhbərlik tərəfindən verilən tapşırıqları yerinə yetirmək\r\n- Korporativ nömrə və balans şirkət tərəfindən təmin edilir\r\n- AR Əmək məcəlləsinə uyğun olaraq, işə qəbul olunacak.\r\n- İş rejimi: Həftənin 6 günü\r\n- İş saatı: 5 gün: 10:00-dan-19:00-dək\r\n- Şənbə günü: 11:00-dan - 15:00-dək\r\nƏmək haqqı - Sabit maaş (mərhələli şəkildə artım) + bonus\r\nUyğun namizədlər CV - i Emial adresinə göndərə bilər.\r\nCv göndərərkən boşluq yerinə “Ofis meneceri” adı qeyd edin.','Namizədə tələblər\r\n- Xanım namizədlər!\r\n- Yaş həddi (22-35 arası)\r\n- Ali təhsil (HR, Marketing)\r\n- Ofis proqramlarını (Word, Excel)\r\n- Komanda ilə aktiv işləmə bacarığı\r\n- Dəqiq, nizam-intizamlı və məsuliyyətli\r\n- Müvafiq sahədə iş təcrübəsi (1-3 il arası)\r\n- Davamlı öyrənmək və inkişaf etmək istəyi\r\n- Ofis avadanlıqlarından istifadə etməyi bilmək\r\n- Rus dilini danışıq səviyyəsində sərbəst bilmək\r\n- Reklam (SMM) aktiv istifadə etməyi bacarmaq\r\n- Aktiv ünsiyyət qurma, fikrini aydın izah edə bilmək',54,5,'2023-02-19','NPG MMC','+994702243505','300','office@npg.az',1,0,NULL,'2023-01-19 04:25:40','2023-01-19 04:28:18',0),(74,'RİELTOR-AGENT',8,'İş barədə məlumat\r\n\"NPG” MMC – Daşınmaz Əmlak Şirkəti ..!!!\r\nDaşınmaz Əmlakın EKSKLUZİV - Satışı, İcarəsi, İdarə olunması, Qiymətləndirilməsi ilə yanaşı, Layihələndirmə,  Xaricdə Əmlak, Təmir və Tikinti sahələrini də əhatə edir.\r\n Daşınmaz Əmlak Sektoru və Rieltor peşəsi haqqında hər şeyi öyrədir, təlim və inkişafınız üçün, ehtiyac olan lazımı dəstəyi veririk.\r\nİŞİN TƏSVİRİ : \r\n- İş Sahəsində (Bölgə və İş sahəsinə uyğun) yeni portfel bazasını qurmaq\r\n- Portfellərin satılması və icarəsi üçün effektiv marketinq plan tətbiq etmək\r\n- Satıcı və alıcıların məlumat bazasını qurmaq, davamlı olaraq sayını artırmaq\r\n- Alıcı müştərilər üçün, lazımı təklif bazası hazırlamaq, uyğun portfelləri göstərmək\r\n- Müştəri məmnuniyyətinə diqqət yetirməklə, davamlı olaraq müştəri sayını artırmaq\r\n Aylıq \"300 azn Əmək haqqı\" + 20 % gəlir və ya Şəxsi satışlarından 50 - 60 - 70 % gəlir sistemində çalışmaq istəyən, potensialına görə gəlirlərini təyin etmək istəyən namizədlər CV - i Emial adresinə göndərə bilər.','Namizədə tələblər\r\n- Performansı yüksək, vizyon sahibi\r\n- Hədəfləri yüksək olan, satışı sevən\r\n- Sahibkarlıq, girişimci ruhu yüksək olan\r\n- Yüksək motivasiya, ünsiyyət bacarığı\r\n- Gülərüzlü, səlis danışıq diksiyası olan \r\n- İnkişafa, təlimə və öyrənməyə həvəsli\r\n- Avtomobil sahibi olması arzu olunandır\r\n- Xarici dil bilməsi arzu olunandır (Rus, ENG)\r\n- Bakı qeydiyyatında olması arzu olunandır\r\n- Komputer programlarında sərbəst işləyən \r\n- Komanda işinə meyilli, paylaşmağı bacaran\r\n- Məsuliyyət hissi ilə işləyəcək, ciddi yanaşan\r\n \r\nKomanda Yoldaşları \"RİELTORLAR\" axtarırıq',54,5,'2023-02-19','NPG MMC','+994702243505','300','office@npg.az',1,0,NULL,'2023-01-19 04:27:52','2023-01-19 04:28:20',0),(75,'MİKROBİOLOQ',12,'İş barədə məlumat\r\n- İstehsalat avadanlıqlarının,xammal,materiallar,tara və hazır məhsullara mikrobioloji nəzarətin edilməsi\r\n- Mikrobioloji təhlillərin mövcud sxem və spesifikasiyalara,normativ sənədlərə uyğun aparılması,\r\n- İstehsalatın mikrobioloji rejim və sanitar-gigiyenik standartlarına riayət edilməsinə nəzarət edilməsi\r\n- Qida mühitlərinin,reaktivlərin,məhlulların hazırlanması,istifadəsi,saxlanması qaydalarına və qeydiyyatına nəzarət edilməsi\r\n- Aşkar edilmiş uyğunsuz mikrobioloji göstəricilərin təhlili və aradan qaldırılması yollarını,texnoloji proseslərin mikrobioloji təhlükəsizliyinin təmin edilməsi üçün təkliflərin hazırlanması\r\n- 6 günlük iş həftəsi\r\n- Nahar və geyim şirkət tərəfindən verilir\r\n- İş yeri: Bakıxanov qəs.Bəşir Bünyadov küç 17A\r\n- Əməkhaqqı:500-600 AZN\r\n- AR Əmək Məcəlləsinə əsasən sənədləşmə','Namizədə tələblər\r\n- Ali təhsil (Mikrobiologiya və bilogiya sahələri üzrə)\r\n- Sahə üzrə minimum 1-3 il iş təcrübəsi\r\n- MC Office proqramlarında sərbəst istifadə bacarığı\r\n- Ümumi riyazi hesablamalar və problemlərin həlli bacarığı\r\n- Uyğun namizədlər cv-lərini hr1@mirzaoglu.az mailinə göndərə bilərlər',55,5,'2023-02-19','Konfirom MMC','+994554559034','500','hr1@mirzaoglu.az',1,0,NULL,'2023-01-19 04:35:36','2023-01-19 04:42:11',0),(76,'ÇİLİNGƏR',12,'İş barədə məlumat\r\n- İş yeri: Buzovna - Konfirom MMC\r\n- Mexaniki avadanlıqlarda təmir işlərinin icrası\r\n- Komunikasiya xətlərində (su, qaz, buxar, hava) təmir işlərinin icrası\r\n- Mexaniki montaj işlərinin icrası\r\n- Avadanlıqlarda planlı təmir işlərinin icrası, fasiləsiz iş rejimlərinin təmin edilməsi\r\n- İş günləri: Həftənin 6 günü (növbəli iş qrafiki)\r\n- Nahar və geyim şirkət tərəfindən verilir\r\n- İş qrafiki:1-ci növbə (07:30-dan-15:00-dək) və3-cü növbə (23:00-dan - 07:30-dək)\r\n- İş yeri: Buzovna - Konfirom MMC','Namizədə tələblər\r\n- Orta texniki təhsil\r\n- İş təcrübəsi: Müvafiq sahədə azı 1-3 il iş təcrübəsi\r\n- Mexaniki avadanlıqlar haqqında biliklərə malik olmaq\r\n- Komanda ilə işləmə bacarığı\r\n- Yeyinti sənayesi istehsalında çalışmış şəxslərə üstünlük veriləcək\r\nCV-nizi mövzu yerinə “ Çilingər”yazaraq hr1@mirzaoglu.az.ünvanına göndərməyiniz xahiş olunur',55,5,'2023-02-19','Konfirom MMC','+994554559034','500','hr1@mirzaoglu.az',1,0,NULL,'2023-01-19 04:37:38','2023-01-19 04:42:14',0),(77,'KEYFİYYƏTƏ NƏZARƏT ÜZRƏ MÜTƏXƏSSİS',12,'İş barədə məlumat\r\n- İş yeri: Buzovna - Konfirom MMC\r\n- İş təlimatlarına və standartlara əsasən analiz və sınaqların aparılması\r\n- Prosesdəki keyfiyyət pozuntusunun səbəbini araşdıraraq, gərəkli tədbirlərin alınması və uyğunsuzluqların aradan qaldırılması yönündə işlərin görülməsi\r\n- Hazır məhsullarda müxtəlif maddələrin təsbitini, nəticələrini standartlarla müqayisə edilməsi\r\n- İstehsalat prosesinə nəzarətin həyata keçirilməsi\r\n- 6 günlük iş qrafiki\r\n- 2-ci növbə (15:00-dan - 23:00-dək)\r\n- Yemək və geyim şirkət tərəfindən verilir','Namizədə tələblər\r\n- Aşağıda qeyd olunan ixtisaslar üzrə ali təhsil;\r\n- Kimya mühəndisi\r\n- Qida mühəndisi\r\n- Mexanika mühəndisi\r\n- Sənaye mühəndisi\r\n- Araşdırma və analizetmə bacarığı olmalı\r\n- Əməyin mühafizəsi , qida təhlükəsizliyi və sanitar gigiyena mövzularında məlumatlı olmalı\r\n- MS Office (Word, Excel, Outlook) proqramlarında istifadə etməyi bacarmalıdır\r\n- Ancaq Buzovna və yaxın ərazilərdə yaşayan namizədlər qəbul olunur\r\n- Əmək haqqı: 450AZN(net)\r\n- CV-nizi mövzu yerinə “Keyfiyyətə nəzarət üzrə mütəxəssis”yazaraq Hr1@mirzaoglu.az ünvanına göndərməyiniz xahiş olunur\r\n- Əlaqədar şəxs: İbrahimli Nigar',55,5,'2023-02-19','Konfirom MMC','+994554559034','500','hr1@mirzaoglu.az',1,0,NULL,'2023-01-19 04:39:10','2023-01-19 04:42:14',0),(78,'FƏHLƏ',13,'İş barədə məlumat\r\n- İstehsalat sahələrində yardımçı işləri yerinə yetirmək\r\n- Məhsulların boşaldılması və yüklənməsi\r\n- 3 Növbəli iş qrafiki\r\n- 1-ci növbə 07:30-dan - 15:00-dək\r\n- 2-ci növbə 15:00-dan - 23:00-dək\r\n- 3-cü növbə 23:00-dan - 07:30-dək\r\n- Nahar şirkət tərəfindən verilir\r\n- İşə qəbul tam rəsmi əmək qanunvericiliyinə uyğun olaraq həyata kecirilir\r\n- Forma şirkət tərəfindən təqdim olunur\r\n- Əməkhaqqı növbəyə uyğun təyin olunur\r\n- Konfirom MMC / Badamdar qəsəbəsi (Qurd qapısı restoranı yaxınlığı) ,Bakıxanov qəs\r\n- Bəşir Bünyadov küç. 17A və Buzovna qəs','Namizədə tələblər\r\n- İşə qarşı məsuliyyətli olmaq\r\n- Fiziki sağlam və işə davamlı\r\n- Komanda ilə işləmə bacarığı\r\n- Maraqlanan namizədlər 055 455 90 34 nömrəsi ilə zəng və ya whatsapp vasitəsi ilə əlaqə saxlaya bilərlər',55,5,'2023-02-19','Konfirom MMC','+994554559034','400','hr@mirzaoglu.az',1,0,NULL,'2023-01-19 04:40:38','2023-01-19 04:42:16',0),(79,'OPERATOR',12,'İş barədə məlumat\r\n- Konfirom MMC /Biskivit fabriki/ Badamdar qəsəbəsi (Qurd qapısı restoranı yaxınlığı) Buzovna və Bakıxanov qəs.Bəşir Bünyadov küç.17A\r\n- Operator- İstehsal xətləri üzrə müxtəlif işlərin yerinə yetirilməsi\r\n- 3 Növbəli iş qrafiki\r\n- 1-ci növbə 07:30-dan - 15:00-dək\r\n- 2-ci növbə 15:00-dan - 23:00-dək\r\n- 3-cü növbə 23:00-dan - 07:30-dək\r\n- Əmək haqqı növbəyə uyğun təyin olunur\r\n- Nahar və geyim şirkət tərəfindən təmin olunur','Namizədə tələblər\r\n- Fiziki sağlam\r\n- Komanda ilə işləmə bacarığı\r\n- Bəy namizədlər tələb olunur\r\n- Maraqlanan şəxslər 055-455-90-34 nömrəsi ilə zəng və ya whatsapp vasitəsilə əlaqə saxlaya bilərlər\r\n- Əlaqədar şəxs: Nigar x',55,5,'2023-02-19','Konfirom MMC','+994554559034','400','hr@mirzaoglu.az',1,0,NULL,'2023-01-19 04:42:02','2023-01-19 04:42:16',0),(80,'Kassir tələb olunur',4,'Kassir xanım: vakansiya üzrə işə qəbul. İş öyrədilir və təcrübə tələb edilmir.\r\nİş barədə məlumat:\r\n- Satış əməliyyatlarını icra etmək və satış proqramında qeydiyyat aparmaq\r\n- Müştərilərdən nağd ödənişləri qəbul etmək və POS-terminal vasitəsilə nağdsız ödənişləri həyata keçirmək\r\n- Günün yekun hesabatını aparmaq, təhvil veriləcək pulun mühafizəsini təmin etmək, pulu və POS-terminal qəbzlərini aidiyyəti üzrə təhvil vermək\r\n- Qrafiklə 9saat iş vaxtı və həftədə 1gün istirahət verilir\r\n- Yeməklə təminat var\r\nBakı şəhərində bir neçə fərqli ərazidə işçi qəbulu üçün yer var. İş görüşü üçün ünvan Bakı şəhəri asimoos 70/93: Məşğulluq','Namizədə tələblər:\r\n- Təcrübə lazım deyil, iş öyrədiləcək\r\n- Professional biliklər\r\n- Kassa aparatı və Pos terminalın istismar qaydalarını mənimsəmək\r\n- Nizam-İntizam qaydalarına əməl etmək',56,5,'2023-02-19','Asim | asimoos','+994552057093','444','asimoos.az@gmail.com',1,0,NULL,'2023-01-19 04:47:28','2023-01-19 04:53:29',0),(81,'AĞIR TEXNİKA SÜRÜCÜSÜ',12,'İş barədə məlumat\r\n- Azərbaycan Respublikası ərazisində olan yol layihəsi ilə əlaqədar olaraq müvafiq sahədə təcrübəsi olan Ağır Texnika - Sürücüsü (aşağıda qeyd edilən vakansiyalar üzrə) axtarılır\r\n- Qreyder operatoru\r\n- Ekskavator sürücüsü\r\n- Katok operatoru\r\n- Buldozer sürücüsü\r\n- Yük maşını sürücüsü\r\n\r\n- Həftədə 6gün\r\n- Əmək haqqı 800azn-1300azn\r\n- Dağlıq şəraitində yolların çəkilişi\r\n- İnşaat sahəsinin və yolun hamarlanması, lazımi daşınmanın həyata keçirilməsi\r\nNahar və yaşayış yeri şirkət tərəfindən qarşılanır\r\n- Azərbaycan Respublikasının əmək qanunvericiliyinə uyğun sənədləşmə','Namizədə tələblər\r\n- Yaş həddi: 25-45\r\n- Minimum 2-3 il təcrübə\r\n- Avtomobili idarə etmək üçün müvafiq sürücülük vəsiqəsi və ya sertifikat olmalıdır\r\n- İşində məhsuliyyətli olmalıdır\r\n- İşlətdiyi texnikanın texniki özəlliklərini bilməlidir\r\n- Texnikanın saz vəziyyətdə saxlanmasına nəzarət etməlidir',57,5,'2023-02-19','Körpü-Bina-Tikinti MMC','+994123404049','800','coshgun.hashimov@kbt.az',1,0,NULL,'2023-01-19 04:53:09','2023-01-19 04:53:31',0),(82,'1 C OPERATOR',4,'İş barədə məlumat\r\n- Mal-materiala dair sənədlərin 1C 8.3 proqramına daxil edilməsindən ibarətdir\r\n- İş rejimi həftəlik 5 gün, bir həftəfən bir 6 gün qısa iş rejimi\r\n- Vacib faktor: CV-lər yalnız Azərbaycan dilində qəbul olunur!\r\n- Şəkilsiz CV-lərə baxılmayacaq\r\n- Təcrübə önəmli deyil iş biliklərinin olması vacibdir','Namizədə tələblər\r\n- MS Office - Word, Excel, 1C 8.3 proqramlarını bilməli\r\n- Məsuliyyətli, işgüzar, ciddi, ünsiyyətcil və aktiv olmalı\r\n- Tez qavrama bacarığı\r\n- Problemləri həll etmə bacarığı\r\n- Fikrini dəqiq, lokanik və özünə əminliklə təqdim etmə bacarığı\r\n- Komandanın bir üzvü olmaq üçün, yeni iş mühitinə və kollektivə tez uyğunlaşmaq bacarığı',58,5,'2023-02-19','\"Su İnşaat\" MMC','+994553336721','400','audit@suinsaat.az',1,0,NULL,'2023-01-19 05:14:05','2023-01-19 05:14:32',0),(83,'Operator Mühasib',4,'Operator mühasib tələb olunur \r\nHəftədə 6gün iş rejimi olacaq rəsmi qaydada \r\nBazar günü istirahət verilir \r\nMaaş hər ay 50azn qalxır və altı yüzə qalxıb dayanır \r\nİşin mahiyyəti: lombard daxilində oturaraq gələn müştərilərə faizlər barədə məlumat vermək və borcu olanlar pulu ödəyən zaman onlara çek vermək və hesabların qeydiyyatını aparmaq. İş öyrədiləcək. İş 9dan 8ə qədərdir. \r\nAsim İş Mərkəzi ASİMOOS','Yalnız xanım namizədlətin müraciətinə baxılır.\r\nSəlist danışığı və xoş gülərüz simasi olanlara üstünlük verilir.',56,5,'2023-02-19','Asim | asimoos','+994552057093','400','asimoos.az@gmail.com',1,0,NULL,'2023-01-19 05:18:39','2023-01-19 05:31:56',0),(84,'Şirniyyat ustasına köməkçi',4,'Şirniyyat köməkçisi: vakansiya üzrə işə qəbul. İş öyrədilir və təcrübə tələb edilmir.\r\nİş barədə məlumat:\r\n- Şirkət tərəfindən gündəlik qidalanma yeməyi verilir\r\n- Həftə ərzində altı günlük iş rejimi (9saat) və bir istirahət günü verilir\r\n- İşçi üçün professional inkişaf var\r\n- İşə qəbulda daimi və rəsmi qeydiyyat aparılır\r\n- Şirniyyat aparatlarından istifadə qaydasına uyğun davranmaq\r\n- Bişirilmədə köməklik etmək ustanın tapşırıqlarını icra edə bilmək\r\nBakı şəhərində bir neçə fərqli ərazidə işçi qəbulu üçün yer var. İş görüşü üçün ünvan Bakı şəhəri asimoos 70/93: Məşğulluq','Namizədə tələblər:\r\n- Şəxsi inkişafa meyilli\r\n- Öyrədiləni tez qavrayan\r\n- Bütün istismar avadanlıqlarından və ləvazimatlarından ehtiyatla istifadə edən\r\n-  Kollektivdə işləməyi bacaran',56,5,'2023-02-19','Asim “asimoos”','+994552057093','385','asimoos.az@gmail.com',1,0,NULL,'2023-01-19 05:23:25','2023-01-19 05:23:41',0),(85,'SATIŞ MENECERİ',8,'İş barədə məlumat\r\n- İş yeri: Xətai rayonu, Gəncə pr\r\n- İş qrafiki: 10:00-dan-18:00-dək\r\n- Əmək haqqı: fix + faiz\r\n- AR qanunvericiliyə əsasən rəsmiləşdirmə','Namizədə tələblər\r\n- Satış və inandırma bacarığı\r\n- Yüksək danışıq qabiliyyəti, fikirini aydın izah etmə bacarığı\r\n- Müştərilərnən daimi əlaqə saxlamaq\r\n- Mənzillərə baxış keçirilməsi\r\n- İş stajı : müvafiq sahədə ən azı 3 il\r\n- Proqram bilikləri: MS Word, MS Excel\r\n- Dil bilikləri: Azərbaycan, Rus dili\r\n- Komandada işləyə bilmə bacarığı\r\n- Məsuliyyətli və nizam-intizamlı olmaq',59,5,'2023-02-19','\"Baku Pearl Residence\" MMC','+994123737377','500','hr@bakupearl.az',1,0,NULL,'2023-01-19 05:23:30','2023-01-19 05:23:38',0),(86,'MÜHASİB',4,'İş barədə məlumat\r\n- Mühasibat , vergi uçotu və DSMF, Statistika ilə bağlı əməliyyatlar\r\n- Vergi orqanları ilə yazışmalar\r\n- Vergi sahəsi ilə bağlı əməliyyatlar – bütün vergi hesabatlarının göndərilməsi,\r\n- E-Qaimə fakturalarının və VHF yazılması, gömrük bəyannamələri ilə bağlı əməliyyatlar, vergi qanunvericiliyi ilə dəqiq işləmək bacarığı\r\n- E-portal proqramı ilə işləmək bacarığının olması\r\n- Sənədlər və mühasibat yazılışları əsasında vergi və mühasibat hesabatlarının tərtib olunması və qanunvericilikdə müəyyən edilmiş müddət ərzində müvafiq orqanlara göndərilməsini həyata keçirtmək\r\n- Vergi hesabatlarının (Əmlak, Torpaq, ƏDV, ÖMV, Mənfəət) hazırlanması və təqdim edilməsi\r\n- DSMF hesabatlarının (B1, B3) hazırlanması və təqdim edilməsi\r\n- Statistika hesabatlarının hazırlanması və təqdim edilməsi\r\n- Məşğulluq idarəsinə hesabatların hazırlanması və təqdim edilməsi\r\n- BTP proqramında işləməklə vergi bəyannamələri göndərmək və vergi məsələləri ilə bağlı -işlərdə birbaşa iştirak etmək\r\n- İş qrafiki: Bazar ertəsi-şənbə\r\n- 09:00-dan - 18:00-dək\r\n- Bazar günü istirahət günüdür','Namizədə tələblər\r\n- Mühasibatlığa dair cari qanunvericilik (Vergi Məcəlləsi, Mülki Məcəllə və Əmək Məcəlləsi üzrə) aktlarına dair bilik\r\n- Mühasibat uçotu standartlarının(qaydalarının) tətbiqi\r\n- Vergi uçotunun vergi qanunvericiliyinə əsasən tətbiqi , BTP proqramı üzərindən mənfəət vergisi,ƏDV, Gəlir vergisi ,ÖMV,Sadələşdirilmiş vergi ,Torpaq-əmlak vergisi və s bəyannamələrin tam şəkildə tərtib etmək\r\n- Maliyyə uçotu standartlarına əsasən Maliyyə hesabatlarının Balans, PL (Mənfəət və Zərərin hesabatı), Cash Flow (Pul vəsaitlərinin hərəkəti hesabatı) , Kapitalın hərəkəti hesabatının tərtib etmə və analiz edə bilmə\r\n- 1 C 8.2 və 8.3 proqramında sərbəst işləmək təcrübəsi (Istehsal və satış və s.)\r\n- Kompüter bilikəri -Word , Excel -düsturlarla uçotun tətbiqi\r\n- Balansın çıxarılması üzrə biliklərə sahib olmalı',60,5,'2023-02-19','FGAC Group','+994125970104','500','recruitment@finance-group.az',1,0,NULL,'2023-01-19 05:42:29','2023-01-19 05:42:48',0),(87,'БУХГАЛТЕР-АУДИТОР',4,'İş barədə məlumat\r\n- 6 дневная рабочая неделя\r\n- График с 09:00- до 19:00\r\n- Офис в Dəmirçi Plaza\r\n- Работа с DSMF, налоговой, оформление работников по трудовому кодексу, подготовка налоговых отчётов и т.п.\r\n- Активный бухгалтерский аудит предприятий фирмы','Namizədə tələblər\r\n- Знание бухгалтерского учёта, умение подготавливать налоговые отчёты, дсмф, оформление работников на учёт и т.п.\r\n- Знание аудиторских принципов, умение выявлять утечки финансов',61,5,'2023-02-19','Faceholding','+994125333355','1500','rufat@faceholding.az',1,0,NULL,'2023-01-19 07:26:26','2023-01-19 07:26:33',0),(88,'QRAFİK DİZAYNER',9,'İş barədə məlumat\r\n- Reklam, Poliqrafiya məhsullarının dizaynı\r\n- Şəkillərin sosial şəbəkələr və çap üçün redaktə olunması\r\n- Web sayt üçün şəkillərin hazırlanması və yerləşdirilməsi\r\n- Məhsulun professional fotoaparat ilə çəkilişi (öz fotoaparatı ilə)\r\n- Şirkətin təşkil etdiyi tədbirlərdə foto çəkilişlərin aparılması\r\n- İş qrafiki: həftə içi beş gün, 09:00-dan - 18:00-dək\r\n\r\nCV-nizi başlıq yerinə “Qrafik dizayner” qeyd etməklə info@meridian.az elektron ünvanına göndərməyiniz xahiş olunur','Namizədə tələblər\r\n- Zövqlü və kreativ yanaşma qabiliyyətinə malik olmalı\r\n- Qeyd olunan proqramları səlis bilmək: Photoshop, Corel Draw, Illustrator\r\n- Komanda ilə işləmək bacarığı',62,5,'2023-02-19','Meridian MMC','+994518550000','600','info@meridian.az',1,0,NULL,'2023-01-19 07:37:58','2023-01-19 07:38:08',0),(89,'SATIŞ ÜZRƏ MÜTƏXƏSSİS',8,'İş barədə məlumat\r\n- Mağazada olan məhsulların qiymət, miqdar və s. məlumatlarını bilmək və müştərilərə dəqiq məlumat vermək\r\n- Vitrinlərin təmizliyinə, səliqəliliyinə nəzarət etmək\r\n- Səliqəli görünüşü təmin etmək (forma, gigeyena, və s.)\r\n- Müştəri bazasının genişləndirilməsində fəal iştirak etmək\r\n- Məhsul seçimində müştəriyə kömək etmək\r\n- Mağazada məhsulların satışını həyata keçirmək\r\n- Növbəli iş qrafiki\r\n- Əmək haqqı: 550 AZN + bonus\r\n- Sosial paket - Tibbi siğorta (Atəşgah Prestij)\r\n- Brend haqqında müvafiq treninqlər keçiriləcəkdir\r\n\r\nMüraciət üçün şəkilli CV-nizi, “Satış məsləhətçisi” qeyd etməklə info@meridian.az email ünvanına göndərə bilərsiniz','Namizədə tələblər\r\n- Yüksək təqdimat, nitq mədəniyyəti, xoş ünsiyyət və satış bacarığı\r\n- Azərbaycan dilində səlis danışıq qabiliyyəti, rus dili arzuolunandır\r\n- Məsuliyyətli, dinamik və dəqiq',62,5,'2023-02-19','Meridian MMC','+994518550000','600','info@meridian.az',1,0,NULL,'2023-01-19 07:41:16','2023-01-19 07:41:25',0),(90,'REKLAM USTASI',17,'İş barədə məlumat\r\n- Ümumi çöl reklamların hazırlanması\r\n- Avtomobilin üzərinə vinil montajı\r\n- Qabarıq həriflərin yığılması, işıqlı və işıqsız\r\n- Vinil montajı\r\n- Baner materialının montajı\r\n- İş vaxtı: saat 09:00-dan 18:00-dək, 6 gün\r\n- Bayram günləri istirahət verilir\r\n- Əlavə iş saatları ödənilir\r\n- Əmək haqqı danışıq əsnasında təyin olunur','Namizədə tələblər\r\n- Məsuliyyətli\r\n- Dəqiq\r\n- Reklam şirkətində iş təcrübəsi arzuolunandır\r\n- Çertyojlarla bağlı anlayışı olmalı\r\n- Ölçü götürməyi bacarmalı\r\n- Layihəyə, iş sxeminə uyqun çöl reklamlarının hazırlanması\r\n- Komandada işləmək bacarığı və istəyi\r\n- Gərgin iş qrafiki ilə işləmək bacarığı\r\n- Bacarıqlı, operativ və verilmış tapşırıqları tam yerinə yetirə bilsin\r\n- Sürücülük vəsiqəsi arzuolunandır',63,5,'2023-02-19','N advert','+994555157515','600','hr@n-advert.com',1,0,NULL,'2023-01-19 08:02:06','2023-01-19 08:02:22',0),(91,'OFİS MENECERİ',7,'İş barədə məlumat\r\n- İş gündəlik saytda yerləşdirilən elanları qəbul etmək və redaktə etməkdən ibarətdir (İş öyrədilir)\r\n- İş saatı: 09:30-dan - 19:00-dək\r\n- İstirahət günü: bazar günü\r\n- İş yeri 28 may metrosunun yaxınlığındadır\r\nMaraqlanan namizədlər yuxarıda qeyd edilən nömrəylə əlaqə saxlaya bilərlıər və ya öz CV-lərini başlıqda “Ofis meneceri” qeyd etməklə office@tikili.az ünvanına göndərə bilərlər','Namizədə tələblər\r\n- Yalnız Xanım namizədlər !\r\n- Məsuliyətli\r\n- Azərbaycan dilində səlis danışıq qabiliyyəti',64,5,'2023-02-19','Evin.az','+994708314499','300','office@tikili.az',1,0,NULL,'2023-01-19 08:08:42','2023-01-19 08:09:13',0),(92,'MÜHASİB-OPERATOR',4,'İş barədə məlumat\r\n- Bank və kassa ödənişlərinin həyata keçirilməsi,\r\n- Bütün növ mühasibat əməliyyatlarının 1C mühasibatlıq proqramına daxil edilməsi\r\n- E-qaimələrin, Təhvil-təslim aktlarının hazırlanması\r\n- Aylıq, rüblük və illik statistika, DSMF , ÖMV hesabatlarının hazırlanması və müvafiq dövlət orqanlarına elektron təqdim olunmasında iştirak etmək\r\n- Mühasib tərəfindən icra olunan əməliyyatlarda iştirak etmək və köməklik göstərilməsi\r\nİş rejimi:\r\n- Azərbaycan Respublikasının Əmək Məcəlləsinə uyğun sənədləşmə\r\n- Həftə içi 5 gün (Bazar ertəsi-cümə)\r\n- Saat : 09:00-dan -18:00-dək\r\n- Nahar vaxtı : 12:30-dan-13:30-dək\r\nVakansiya üçün müraciət etmək istəyən uyğun namizədlər öz CV formasını nata.ibrahimova@metalyapi.com elektron poçt ünvanına göndərə bilərlər (elektron məktubun mövzu hissəsində “ Mühasib Operator” sözləri qeyd edilməlidir)\r\nTərəfimizdən yalnız yuxarıda göstərilən tələblərə cavab verən namizədlərlə əlaqə saxlanılıb müsahibə mərhələsinə dəvət olunacaq','Namizədə tələblər\r\n- Ali təhsil (maliyyə ixtisası üzrə olması üstünlükdür)\r\n- Mühasibatlıq üzrə azı 3-5 il iş təcrübəsi (tikinti-quraşdırma sahəsində iş təcrübəsinə üstünlük verilir )\r\n- Qeyd:Xüsusilə türk dilini mühasibatlıq sahəsində yaxşı səviyyədə bilən namizəd tələb olunur (Rus və ingilis dili biliyi üstünlükdür)\r\n- Yaş həddi: 25-35\r\n- Xanım namizəd !\r\n- Mühasibatlığa dair cari qanunvericilik bilikləri (Vergi Məcəlləsi, Mülki Məcəllə və Əmək Məcəlləsi üzrə)\r\n- BTP proqramı, 1C 8.2 və 8. 3 proqramında sərbəst işləmək , E-taxes,e-gov,e-sosial və digər portallardan istifadə etmək bacarığı\r\nMS Office proqramlarında işləmək bacarığı (Xüsusilə - Excel )\r\n- Ofis avandanlıqlarından sərbəst şəkildə istifadə etmək bacarığı\r\n- Qeyd:SAP proqrami üzrə biliyi olan namizədə üstünlük verilir\r\n- Məsuliyyətli və işində dəqiq, riyazi hesablama aparma ,analitik düşüncə, ünsiyyət bacarığı, çeviklik kimi qabiliyyətlər önəmlidir',65,5,'2023-02-19','Metal Ve Yapi Sistemleri','+994502473258','800','nata.ibrahimova@metalyapi.com',1,0,NULL,'2023-01-19 08:19:00','2023-01-19 08:19:35',0),(93,'OFİS MENECERİ',7,'İş barədə məlumat\r\n- Gündəlik kargüzarlıq işinin təşkili və ofis daxili işlərin yerinə yetirilməsi, yönləndirilməsi zamanı icrasına nəzarət\r\n- Rəhbərliyin göstəriş və tapşırıqlarına müvafiq olaraq şirkət daxili kargüzarlıq işlərinin səmərəli təşkili, sənədlərin sistemləşdirilməsi və qeydiyyatının aparılması\r\n- Şirkət daxili sənəd mübadiləsinin idarə olunması\r\n- Ofis üçün alınan təsərrüfat və ərzaq mallarının sifarişinə və düzgün icra edilməsinə nəzarət etməli\r\n- Müdriyyətin və şirkət işçilərinin səfərləri zamanı aviabiletlərin müvafiq sirkətlərdən alışının təskil olunması və otel bronlaşdırılması\r\n- Şirkət avtomobilləri üçün sürücülərə aylıq yol vərəqələrinin yazılması\r\n- HR işlərində lazımı hallarda köməklik göstərilməsi\r\n\r\nİş rejimi:\r\n- Azərbaycan Respublikasının Əmək Məcəlləsinə uyğun sənədləşmə\r\n- Həftə içi 5 gün (Bazar ertəsi-cümə)\r\n- Saat : 09:00-dan -18:00-dək\r\n- Nahar vaxtı 12:30-13:30\r\n- Əmək haqqı: 650 Azn\r\nVakansiya üçün müraciət etmək istəyən uyğun namizədlər öz CV formasını nata.ibrahimova@metalyapi.com elektron poçt ünvanına göndərə bilərlər (elektron məktubun mövzu hissəsində “ Ofis meneceri” sözləri qeyd edilməlidir)\r\nYuxarıda göstərilən tələblərə cavab verən namizədlərlə əlaqə saxlanılıb müsahibə mərhələsinə dəvət olunacaq','Namizədə tələblər\r\n- Ali təhsil\r\n- Xanım namizəd !\r\n- Yaş həddi : 25-35\r\n- Müvafiq və oxşar vəzifədə minimum 3-5 il iş təcrübəsi\r\n- Azərbaycan və türk dilində səlis danışıq qabiliyyəti( Rus və ingilis dili biliyi üstünlükdür)\r\n- Ofis proqramlarında (Excel, Word, PowerPoint) yaxşı səviyyədə işləmək bacarığı\r\n- Ofis avandanlıqlarından sərbəst şəkildə istifadə etmə bacarığı\r\n- Aktiv və çalışqan, komanda ilə işləmək bacarığına malik olmalı\r\n- Məsuliyyət, düzgünlük, dəqiqlik və etibarlılıq,analitik düşüncə kimi müsbət göstəricilərə sahib olmalı\r\n- Xoş görünüşlü və ünsiyyətcil\r\n- Təşəbbüskar, qərar qəbul etmə bacarığı,stressli situasiyanın idarə olunması bacarığına sahib olmalıdır',65,5,'2023-02-19','Metal Ve Yapi Sistemleri','+994502473258','650','nata.ibrahimova@metalyapi.com',1,0,NULL,'2023-01-19 08:24:28','2023-01-19 08:24:44',0),(94,'QAYNAQÇI',12,'İş barədə məlumat\r\n- “Əliyev və K” Şəxsi İstehsalat Kommersiya Şirkəti 16.11.1993-cü il tarixində Azərbaycan Respublikasının qanunvericiliyinə uyğun olaraq yaradılmışdır\r\n- Yarandığı gündən bu günə qədər kompaniyamız ticarət və məişət xidmətləri sferasının sahələri (supermarketlər, restoranlar, kafelər, mehmanxanalar, tibb mərkəzləri, müxtəlif əyləncə mərkəzləri və s) üçün nəzərdə tutulmuş avadanlıqların istehsalı, satışı habelə idxalı və ixracı, müxtəlif xidmətlər göstərməklə fəaliyyət göstərir\r\nZavod Köhnə Suraxanıda yerləşir\r\n- İş rejimi 08:30-dan-18:30-dək\r\n- Nahar fasiləsi 13:00-dan-14:00-dək\r\n- Nəqliyyatla təmin olunmur\r\n- Baxılacaq işçinin biliyi, bacarığına\r\n- Artımlı əmək haqqıdır','Namizədə tələblər\r\n- Baxılacaq işçinin biliyi, bacarığına\r\n- Artımlı əmək haqqıdır',66,5,'2023-02-19','Aik company','+994552230141','400','asedzade@aik-az.com',1,0,NULL,'2023-01-19 08:37:40','2023-01-19 08:37:59',0),(95,'SATIŞ ÜZRƏ MENECER',8,'İş barədə məlumat\r\n- Potensial korporativ müştərilərin axtarışını həyata keçirmək və onlarla görüşlər keçirmək\r\n- İşgüzar yazışmaların həyata keçirilməsi və korporativ danışıqların aparılması\r\n- Müştərilərə zəng və ya email vasitəsi ilə ilkin əlaqənin qurulması\r\n- İsti və soyuq satış zənglərinin edilməsi\r\n- Bazarın araşdırılması, potensial müştərilərin müəyyən edilməsi və cəlb edilməsi\r\n- Müştəri ilə təqdimatların keçirilməsi və təkliflərin verilməsi\r\n- Korporativ Satışın planlaşdırılması və icrası\r\n- Kommersiya təklifi layihələrinin hazırlanıb təqdim edilməsi\r\n- Ziyarət nəticələrinin qeyd edilməsi\r\n- İş rejimi: 1-6 günlər\r\n- Satışdan - %','Namizədə tələblər\r\n- Korporativ mühitlə əlaqədar minimum anlayışların olması\r\n- B2B sahəsinə marağın mövcudluğu\r\n- Daimi görüşlərin təşkili\r\n- Detallara fikir verən, Məntiqi və analitik düşünmə tərzi və təşəbbüskarlıq\r\n- MS Office ilə orta səviyədə istifadə bacarıqları\r\n- Azərbaycan və rus dillərində sərbəst danışıq bacarığı\r\n- Xanım və Bəylər namizədlidir !\r\n\r\nVakansiya ilə maraqlanan namizədlərdən CV’lərini rustam@safeseason.az e-mail ünvanına göndərmələri və e-mailin mövzu hissəsində mütləq “Korporativ satış meneceri” qeyd etmələri xahiş olunur',67,5,'2023-02-19','SAFE SEASON MMC­­­­-','+994512773703','500','rustam@safeseason.az',1,0,NULL,'2023-01-19 08:55:26','2023-01-19 08:56:05',0),(96,'SMM KONTENT MENECERİ',5,'İş barədə məlumat\r\nMaraqlı online layihələri olan Şirkətə Smm Content menecer tələb olunur\r\n\r\n- Mətn yazmağı bacaran, yaradıcı düşüncəli\r\n- Post hazırlamaq səviyyəsində Qrafik dizayn bilikləri\r\n- Müştərilərə maraqlı olan mövzuların təyin edilməsi, ona uyğun kontentin yaradılması\r\n- Agentlik təcrübəsi olanlar üstünlükdü\r\n- Ən azı 1 il iş təcrübəsi - SMM, jurnalist, kontent sahəsində\r\n- CV-də iş yerləri qeyd olunmalıdır\r\n- Yalnız xanım namizədlər, yaş 22-35 arası\r\n- Full time işdir. Tələbələr, vaxtı olmayanlar, başqa işi olanlar narahat etməsinlər\r\n- Karyera inkişaf imkanları\r\n- CV-ni Email adresinə göndərin: info@ofis.az','Namizədə tələblər\r\n- Yalnız xanım namizəd !\r\n- Yaş: 20-35 yaş arası\r\n- Yalnız xanım namizədlər tələb olunur\r\n- Müvafiq sahədə ən azı 1 il iş təcrübəsi\r\n- Azərbaycan dilində səlis danışıq və yazı qabiliyyəti\r\n- Yenilikləri və trendləri izləməli\r\n- Komandada işləmək qabiliyyəti\r\n- İnkişafa və böyüməyə maraqlı olsun',68,5,'2023-02-19','OfisAz','+994508052535','500','info@ofis.az',1,0,NULL,'2023-01-19 09:05:59','2023-01-19 09:06:08',0),(97,'SÜRÜCÜ',13,'İş barədə məlumat\r\n- Uber partnyoruna vakansiya!\r\n- Uber partnyor şirkətinə sürücülər tələb olunur\r\n- İş qrafiki səhər saat 7dən başlayır\r\n- Gündəlik 30 gediş tamamlanmalıdı\r\n- Həftəlik 180 gediş tamamlanmalıdı\r\n- Ümumi aylıq gəlir 50%-50% şirkət və sürücü -arasında bölünür\r\n- Depozit tələb olunmur!\r\n- Müştərilər proqram vasitəsi ilə sifariş verir və sürücü eyni ilə proqram vasitəsi ilə sifarişi qəbul edir','Namizədə tələblər\r\n- Səhər saat 7 də xəttə çıxmalı\r\n- Gündəlik 30 sifariş götürməsi. Həftəlik 180 gediş tamamlaması mütləqdir!\r\n- Yaş məhdudiyyəti 27+\r\n- Evli olması arzu olunandır\r\n- Sürücülük vəsiqəsinin müddəti 3 ildən yuxarı olmalıdır\r\n- Bütün tələblər yerinə yetirilərsə əmək haqqı 1000+\r\n- Uberdə işləməsi arzuolunandır\r\n- Marağlanan şəxslər bu nömrənin whatsapp hesabına şəxsiyyət və sürücülük vəsiqəsinin şəklini göndərsin',69,5,'2023-02-19','MMV Group','+994776434117','1000','vusalhagverdiyev@uber.az',1,0,NULL,'2023-01-19 09:14:04','2023-01-19 09:58:32',0),(98,'KURYER',13,'İş barədə məlumat\r\n- (Əmək haqqı 350 azn)\r\n- İş saatı: 09:00-dan - 19:00-dək\r\n- İstirahət günü: bazar günü\r\n- Yol xərcələri şirkət tərəfindən qarşılanır\r\n- CV-lərinizi e-mail a yönləndirin və ya whats uppla əlaqə saxlayın','Namizədə tələblər\r\n- Səliqəli\r\n- Xarici görünüş\r\n- Punktual\r\n- Məsuliyətli\r\n- Aktiv\r\n- Kollektiv ilə iş bacarığı\r\n- Şəhəri tanıçaq vacibdir\r\n- Smartfon və naviqasiya proqramlarından istifadə biliyi',70,5,'2023-02-19','DENTAL LAB','+994502529925','300','VKHANKISHIYEV@GMAIL.COM',1,0,NULL,'2023-01-19 09:20:34','2023-01-19 09:58:34',0),(99,'MEMAR',16,'İş barədə məlumat\r\n- Yaşayış, ictimai, sənaye binaları və qurğularının tikintisi və ya bərpası üçün işçi cizgilərinin hazırlanması\r\n- Ekspertiza və icazəverici təşkilatların qarşısında bu layihələrin müdafiyəsi\r\n- Layihələrin tikintidə tədbiqi zamanı məsuliyyətlə nəzarətin təmin edilməsi\r\n\r\nİş qrafiki:\r\n- I-V günlər, 09:00-dan-18:00-dək','Namizədə tələblər\r\n- Yerli tikinti norma və qaydaları bilən, müasir texnologiyalarda, Revit və ya Archicad tədbiqi proqramlarında və BIM üzərində kollektiv real iş təcrübəsi olan, layihəçi memar tələb olunur',71,5,'2023-02-19','M.D.M. MMC','+994503859686','800','info@mdm-az.com',1,0,NULL,'2023-01-19 09:27:32','2023-01-19 09:58:36',0),(100,'OFİS MENECERİ',7,'İş barədə məlumat\r\n- Gündəlik kargüzarlıq və ofis daxili işlərin yerinə yetirilməsi, yönləndirilməsi,icrasına nəzarət\r\n- E-mail və telefonların cavablandırılması\r\n- Aidiyyatı şəxslərlə əlaqənin qurulması və qeydiyyatının aparılması\r\n- Sənədlərin qeydiyyatı, şirkətə daxil olan və şirkətdən göndərilən məktubların qeydiyyatı\r\n- Rəhbərliyin göstəriş və tapşırıqlarına müvafiq olaraq şirkətin fəaliyyətinin müəyyən məsələləri üzrə materialların baxılmasında, öyrənilməsində, yığımında və təhlilində iştirak etmək\r\n- Rəhbərliyn qərarlarının icrasına nəzarət etmək\r\nLayihənin gündəlik gedişatını izləmək\r\n- Sahədən gündəlik məlumatların alınması\r\n- Smeta (Forma-2, Forma-3) sənədlərinin hazırlanması\r\n- Kadr işləri\r\n- Mal materialın alınmasının təşkili\r\n- İş qrafiki: B.e.-C- 09:00-dan -18:00-dək\r\n- Şənbə günü qısa iş günüdür\r\n- Qeyd: Bir neçə işçi işə cəlb ediləcəkdir\r\n- Bu səbəbdən həm ofis menecer həm kadr həmdə təchizat biliyi olan xanımlar cv göndərə bilərlər','Namizədə tələblər\r\n- Yalnız xanım namizədlər !\r\n- Ali təhsil\r\n- Ofis proqramlarında (Excel, Word, PowerPoint) yaxşı səviyyədə işləmək bacarığı\r\n- Aktiv və çalışqan, komanda ilə işləmək bacarığına malik\r\n- Məsuliyyət, düzgünlük, dəqiqlik və etibarlılıq,analitik düşüncə kimi müsbət göstəricilərə sahib olmaq\r\n- Azərbaycan dilində səlis danışıq qabiliyyəti( Rus və ingilis dili biliyi üstünlükdür)\r\n- Təzyiq altında işləmək, problemləri həll etmə bacarıqlarına malik olmaq\r\n- Xoş görünüşlü və ünsiyyətcil\r\n- Təşəbbüskar, qərar qəbul etmə bacarığı\r\n- Müqavilələrin və müxtəlif hesabatların hazırlanması təcrübəsi\r\n- Ofis avandanlıqlarından sərbəst şəkildə istifadə etmə bacarığı\r\n- Kadr işləri üzrə biliklər\r\n- Maraqlanan namizədlər öz CV-lərini başlıqda “Ofis meneceri” qeyd etməklə cv@encom.az ünvanına göndərə bilərlər',72,5,'2023-02-19','Encom Construction','+994512773726','700','cv@encom.az',1,0,NULL,'2023-01-19 09:34:09','2023-01-19 09:58:37',0),(101,'TİBBİ NUMAYƏNDƏ',14,'İş barədə məlumat\r\nMinimum 6 ay tecrubə və tibbi bilik vacibdir\r\n- Yaş həddi 20-35\r\n- Təqdimat aparmaq bacarığı\r\n- Məsuliyyətli və ünsiyyətcil olmaq\r\n- Çeviklik və işgüzarlıq\r\n\r\n- Komandada işləmək bacarığı\r\n- Məqsədyönlülük\r\n\r\nCV-lərinizi zielpharma@gmail.com adresimizə göndərə bilərsiniz','Namizədə tələblər\r\n- Şirkətin məhsullarını tibbi müəssisələrdə və apteklərdə həkim və əczaçılara tanıtmaq\r\n- Şirkətdə verilmiş təlimatları və tapşırıqları vaxtında və dəqiq yerinə yetirmək\r\n- Stabil əmək haqqı və mükafatlar\r\n- Aylıq məvacib - 500-800 AZN (iş təcrübəsindən, stajdan və potensialdan asılı olaraq)\r\n- 20-35 yaş arası namizədlər arsında seçim olacaq\r\n- İldə bir dəfə məzuniyyət\r\n- Karyerada yüksəliş\r\n- İldə iki dəfə maaş artımı\r\nƏmək Məcəlləsinə uyğun sənədləşmə\r\n- İş qrafiki: həftənin 5 günü 09:00-dan - 18:00-dək\r\n- 6 ci gun yarim iş gunu-09:00-dan -14:00-dək\r\n- Əmək haqqı: Aylıq məvacib+mükafat\r\n- İş yeri: Bakı',73,5,'2023-02-19','ZİEL FARMA','+994552181208','500','zielpharma@gmail.com',1,0,NULL,'2023-01-19 09:58:24','2023-01-19 09:58:38',0),(102,'ANBARDAR',13,'İş barədə məlumat\r\n- Ünvan: Xətai m/s-nın yaxınlığı, Qazaxıstan səfirliyi ilə üzbəüz\r\n- Anbara gələn və anbardan çıxan malları nəzarətdə saxlamaq\r\n- Malların saxlanma şəraitini və keyfiyyətini nəzarət etmək\r\n- Lazımi malların anbarda olmasına nəzarət etmək, olmayan malların vaxtında sifarişini və təminatını həyata keçirmək\r\n- Stoku yoxlayıb nəzarətdə saxlanılması\r\n- Anbarda keçirilən sayımlarda iştirak etmək\r\n- İstirahət günləri: bazar\r\n- İş saatı: 10:00-dan-19:00-dək','Namizədə tələblər\r\n- Yalnız xanım namizəd !\r\n- Rus dili zəruridir\r\n- Ofis proqramlarında və 1C-də işləyə bilmə bacarığı',74,5,'2023-02-19','Mixtech','+994124506341','600','service001AZ@mixtech.biz',1,0,NULL,'2023-01-19 10:06:01','2023-01-19 10:24:41',0),(103,'SATIŞ TƏMSİLÇİSİ',8,'İş barədə məlumat\r\n- İş vaxtı: 2 növbəli olmaqla,\r\n10:00-dan 18:00-dək,\r\n14:00-dan 22:00-dək, 6 günlük iş rejimi\r\n- İşə qəbul AR-sı Əmək qanunvericiliyinə əsasən aparılır','Namizədə tələblər\r\nTanınmış brend mağazalara ( geyim, kosmetika, aksesuar ) \"Satış təmsilçisi\" vəzifəsi üzrə namizədlər tələb olunur.\r\n- Azərbaycan Respublikası vətəndaşı\r\n- Dil bilikləri: Azərbaycan dili mütləq,rus dili arzuolunandır\r\n- Müştərilərlə xoş ünsiyyət qurmaq\r\n- Mağaza daxili nizam-intizam qaydalarına riaət etmək\r\n- Səliqəli, gülərüz\r\n- Satış və təqdimat bacarıqları olmalı',75,5,'2023-02-19','Stimulworkcenter','+994125056696','500','hr@stimulwc.com',1,0,NULL,'2023-01-19 10:10:46','2023-01-19 10:24:45',0),(104,'RƏQƏMSAL MARKETİNQ MÜTƏXƏSSİSİ',5,'İş barədə məlumat\r\n- Sosial media hesabları və platformaları(Facebook,İnstagram,Twitter,Linkedin,Yutub və s)ilə yüksək səviyədə işləmək bacarıqı\r\n- Gündəlik,həftəlik və aylıq yüksək keyfiyyətli postların və kontentin hazırlanması və sosial mediada paylaşılmasını təmin etmək\r\n- Layihələr üçün məzmun araşdırılmasının aparılması,məzmunların hazırlanması\r\n- Sosial şəbəkələrdə reklam,aksiya və kanpaniyaları yaratmaq və idarə etmək\r\n- Kontentləri və səhifənin məzmununu daima inkişaf etdirəcək layihələri təklif etmək və kifayət qədər sərbəst işləməyi bacarmaq\r\n- Reklam kanallarının araşdırılması və seçilməsi\r\n- Marketinq tədqiqatları aparmaq (potensial bazar axtarışı)\r\n- Göstərilən xidmətlərin səviyəsini müəyyənləşdirmək ,analiz aparmaq və çatışmazlıqları müəyyən edərək Rəhbərliyə təkliflərini bildirmək\r\n- SMM kanallarına nəzarət etmək\r\n- Xüsusi günlər ,bayram günləri və dövlət əhəmyyətli günlərin qeydiyatını aparmaq o anlara özəl postların paylaşılması\r\n- Səhifələr üzrə gələn sorquların müvafiq əməkdaşlara yönləndirilməsi və cavablandırılması\r\n- Səhifələr üzrə hədəf kütləni təyin edərək reklam aksiyalarını həyata keçirmək.\r\n- Həftəlik və Aylıq yekun statistik nəticələrin hazırlanması\r\nŞərtlər\r\n- Həftə ərzində 6 iş günü\r\n- İstirahət-bazar günü\r\n- İş saatı 11:00-dan -19:00-dək\r\n- Əmək haqqı 800-1100Azn +bonus\r\n\r\nMaraqlanan namizədlərdən xahiş olunur ki,şəkilli cv-lərini İnfo@lifetech.az e-mailinə mövzu yerinə Rəqəmsal Marketinq üzrə Mütəxəssis sözlərini qeyd edərək göndərsinlər\r\n\r\nÜnvan Bakı şəhəri ,N.Nərimanov rayonu Əhməd Rəcəbli küçəsi 2/30','Namizədə tələblər\r\n- Sosial media və Rəqəmsal marketinq sahəsində yüksək səviyədə bilik və bacarıqların olması\r\n- Azərbaycan ,İngilis və Rus dilini yaxşı səviyədə bilmək\r\n- Peşəkar səviyədə yazılı,şifahi ünsiyyət və yaradıcı düşünmə bacarıqı\r\n- Sosial mediada planlama və idarəetmə təcrübəsi,Sosial mediada aktivlik və işə yaradıcı yanaşma bacarıqı\r\n- Təşəbbüskarlıq ,operativlik,punktuallıq və kreativlik\r\n- Kamandada işləmək ,təqdimatlar etmək və təhlil etmə bacarıqı\r\n- Veb səhifənin kontentin hazırlanması və saytda yerləşdirilməsi\r\n- Google ad\"sistemi üzrə veb səhifənin irəli aparılması ,konteks reklamın yerləşdirilməsi\r\n- Google Analytics praqramında veb səhifənin aktifliyinin ,konversiyaların izlənməsi,Sayt üzrə aylıq statistik hesabatların hazırlanması\r\n- İstifadə olunacaq platformalar Facebook ads,İnstagram ads,Google ads,Linkedin ads,E-mail marketinq ,Googol Analytics,Googol My Business,Digital marketing straterergy,Display ads,Googol Search Console,Project managment,Market research,SEO,SEM',76,5,'2023-02-19','LifeTech','+994702161692','800','info@lifetech.az',1,0,NULL,'2023-01-19 10:17:29','2023-01-19 10:24:47',0),(105,'SATIŞ MÜTƏXƏSSİSİ',8,'İş barədə məlumat\r\n- Korporativ müştərilər (otel, restoran, istehsalat müəssisələri, xəstəxana, iş mərkəzləri və s.) ilə mütəmadi sıx əlaqəda olmaq\r\n- Şirkət tərəfindən müəyyən edilmiş korporativ satış planını həyata keçirmək\r\n- Mütəmadi olaraq potensial müştərilərin axtarılması, yeni müştərilərin cəlb edilməsi üçün təkliflər hazırlamaq\r\n- Mövcud müştərilərlə əlaqələrin qorunub saxlanması, tərəfdaşlıq əlaqələrinin dəstəklənməsi və inkişafı\r\n- Müştərilərlə danışıqların aparılması, müqavilələrin və digər tələb olunan sənədlərin hazırlanması\r\n- Rəhbərliyə müəyyən edilmiş hesabat sənədlərinin hazırlanması və təqdim edilməsi\r\n- İş qrafiki həftə içi 6 gün\r\n- 11:00-dan -19:00-dək\r\n- Bazar - istirahət günü\r\n\r\nMaraqlanan namizədlərdən xahiş olunur ki,şəkilli cv-lərini İnfo@lifetech.az e-mailinə mövzu yerinə Satış Mütəxəsisi sözlərini qeyd olunar','Namizədə tələblər\r\n- Satış sahəsində 3 il iş təcrübəsi olmalıdır\r\n- Yaş həddi 24-37- arası\r\n- Sürücülük vəsiqəsi olmalıdır\r\n- Şəxsi avtomobil mütləq olmalıdır\r\n- Avtomabil amortizasiya,və yanacaq xərci şirkət tərəfindən ödənilir\r\n- Azərbaycan dilini səlis bilməli (rus dili arzuolunandır)\r\n- Komandada və stres altında işləmək bacarığı\r\n- Microsoft Office (xüsusən Word, Excel və Outlook) proqramlarında işləmək bacarığı\r\n- Ünsiyyətcil, gülərüz və inandırma bacarığı\r\n- Öz üzərində işləyən, inkişafa meyilli\r\n- Dəqiq, intizamlı və işinə qarşı məsuliyyətli olmaq\r\n- Satış analizini aparmaq bacarığı\r\n- Vaxtın səmərəli idarə olunması, kreativ olması,aktiv və səliqəli olmasi vacibdir\r\n- Satişlardan əlavə bonuslar verilir',76,5,'2023-02-19','LifeTech','+994702161692','800','info@lifetech.az',1,0,NULL,'2023-01-19 10:19:10','2023-01-19 10:24:49',0),(106,'AŞPAZ',13,'İş barədə məlumat\r\nİaşə servisi göstərən şirkətin mətbəxində aşpaz vəzifəsi\r\n\r\nGündüz növbəsi:\r\nRejim: 07:00-dan - 19:00-dək\r\n6 gün\r\nMaraqlanan şəxslər CV-lərini hr@freshcatering.az ünvanına, mövzuda \"AŞPAZ\" sözünü qeyd etməklə, göndərə bilərlər. (Müraciət CV vasitəsilə həyata keçirilir)','Namizədə tələblər\r\nKalkulasiya əsasən yeməkləri hazırlaya bilməli\r\n- Keytering şirkətlərində çalışma təcrübənin olması üstünlükdür\r\n- İşində qida təhlükəsizlik qaydalarını riayət edilməsi\r\n- Səliqəli və təmizkar olmalı\r\n- Komandada işləməyi bacarmalı\r\n- Hazırlanan yeməklərin keyfiyyətli və sağlam olmasını, onların tələb\r\nolunan gigiyenik standartlara cavab verməsini təmin etməli\r\n- Yeməklərin vaxtında hazır olmasını təmin etməli',77,5,'2023-02-19','FRESH Catering','+994124379393','700','hr@freshcatering.az',1,0,NULL,'2023-01-19 10:24:21','2023-01-19 10:24:40',0),(107,'TƏMİZLİK İŞÇİSİ',13,'İş barədə məlumat\r\n- Qabları qida tullantılarından təmizləmək\r\n- Qabların yuyulması\r\n- Yuyucu vasitələrdən istifadə edərək qabların və digər mətbəx avadanlıqlarının əl ilə yuyulması, qurudulması və çeşidlənməsi\r\n\r\n- İş qrafiki: 00:00-dan – 07:00-dək\r\n- Əmək haqqı: Razılaşdırılmış fix əmək haqqı + %\r\n- İşə qəbul AR Əmək qanunvericiliyinə əsasən həyata keçirilir\r\n- İş barəsində ətraflı məlumat namizədə müsahibə zamanı verilir','Namizədə tələblər\r\n- Kişi namizəd tələb olunur\r\n- Təmizkar, səliqəli və operativ\r\n- İşinə ciddi və məsuliyyətlə yanaşan',78,5,'2023-02-19','Beat Group','+994554442800','400','humeyra.m@beat.az',1,0,NULL,'2023-01-19 10:48:18','2023-01-19 10:48:29',0),(108,'SATICI',8,'İş barədə məlumat\r\nCaspian Shopping Centerdə ( Gənclik m/s) yerləşən qadın geyim və aksessuar mağazamıza xanım konsultant tələb olunur\r\n\r\n- Əmək haqqı fix 500 AZN və satışdan bonuslar\r\n- Yalnız xanım namizədlər !\r\nZəhmət olmasa CV -ni office@lamare.az və yaxud +994559737614 nömrəsinə ətraflı məlumat göndərin','Namizədə tələblər\r\n- Yalnız xanım namizədlər !\r\n- Satış təmsilçisi (multibrand qadın geyim və aksessuarlar)\r\n-Satış bacarıqı\r\n-Məlumatları səlis izah etmək bacarıqı\r\n- Müştərini məhsul çeşidi haqqında məlumatlandırmaq və məhsul seçimində ona köməklik etməkş\r\n- Müştəri xidmətləri standartına uyğun fəaliyyət göstərmək\r\n- Nizam intizam və davraşın qaydalarına riayət etmək',79,5,'2023-02-19','Lamare.az','+994559737614','500','office@lamare.az',1,0,NULL,'2023-01-19 11:07:30','2023-01-19 11:13:36',0),(109,'RİELTOR',8,'İş barədə məlumat\r\nMy House əmlak şirkəti.\r\n- Əmək haqqı Faizlədir, görülən işdən 50% ödənilir.\r\n- Satış şöbəsində və icarə şöbəsi üçün aktualdır.\r\n- Peşəkar mütəxəssislər qrupu və geniş məlumat bazası\r\n- İş saatları: Həftənin 6 günü saat 10:00-dan 20:00-dək (1 saat fasilə)\r\n- Şirkət tərəfindən limitsiz telefon danışığı individual\r\n- Daşınmaz əmlak reklam saytlarına limitsiz elan vermək imkanı','Namizədə tələblər\r\n- Ünsiyyət qurmaq bacarığı\r\n- Yüksək nitq mədəniyyəti\r\n- Dil bilikləri; Azərbaycan (əla)\r\n- Kompüter işləmə bacarığı\r\n- Müştərilərlə danışıqların aparılması,\r\n- Məlumat bazasına informasiyaların verilməsi\r\n- Dəqiqlik\r\n- Məsuliyyət\r\n- Ünsiyyət bacarıqlarının mövcudluğu, bilikli çıxış\r\n- Aktiv işləməyi öyrənmək arzusu',80,5,'2023-02-23','My House','+994503150415','700','info@myhouse.az',1,0,NULL,'2023-01-23 03:41:00','2023-01-23 05:12:23',0),(110,'AVTOELEKTRİK',12,'İş barədə məlumat\r\nŞəhərin mərkəzində yeləşən avtoyuma - Yusif Səfərov\r\n- İşgüzar ünsiyyət bacarıqları olmalıdır\r\n- Səliqəli geyim ədəbinə və şəxsi keyfiyyətlərə sahib olmalıdır\r\n- Gülərüz, yüksək xidmət göstərmək bacarığı olmalı\r\n- Komanda ilə işləmək bacarığı olmalı\r\n- Fəal, məsuliyyətli, punktual, stressə davamlı olmalı\r\n- Peşəkar komanda\r\n- İş qrafiki: 09:00-dan-19:00-dək','Namizədə tələblər\r\n- İşin təkrar icrasına yol verməmək üçün işi dəqiq, peşəkar və təlimata uyğun təşkil etmək;\r\n- Müəssisənin təhlükəsizlik qaydalarına əməl etmək və öhdəlik götürmək;\r\n- Təhkim edilmiş alət və avadanlıqların texniki cəhətdən saz vəziyyətdə saxlanılmaq',81,5,'2023-02-23','Novatech','+994505458842','700','info@novatech.az',1,0,NULL,'2023-01-23 03:55:06','2023-01-23 05:12:24',0),(111,'AVTOYUYUCU',13,'İş barədə məlumat\r\n- Şəhərin mərkəzində yeləşən avtoyuma - Yusif Səfərov\r\n- İşgüzar ünsiyyət bacarıqları olmalıdır\r\n- Səliqəli geyim ədəbinə və şəxsi keyfiyyətlərə sahib olmalıdır\r\n- Gülərüz, yüksək xidmət göstərmək bacarığı olmalı\r\n- Komanda ilə işləmək bacarığı olmalı\r\n- Fəal, məsuliyyətli, punktual, stressə davamlı olmalı\r\n- Peşəkar komanda\r\n- Fiks maaş + %\r\n- İş saatı: 09:00-dan - 19:00-dək','Namizədə tələblər\r\n- Komanda ilə işləmə bacarığı\r\n- Məsuliyyətli\r\n- Ünsiyyətcil',81,5,'2023-02-23','Novatech','+994505458842','400','info@novatech.az',1,0,NULL,'2023-01-23 03:56:40','2023-01-23 05:12:26',0),(112,'SATIŞ MENECERİ',8,'İş barədə məlumat\r\n- Şirkət təqdim etdiyi stomatoloji məhsullarının satışını həyata keçirmək\r\n- Müştərilərlə danışıqların aparılması\r\n- Potensial müştəriləri araşdırmaq və əməkdaşlığa cəlb etmək\r\n- Gürülmüş işlər barəsində gündəlik və aylıq hesabatları rəhbərliyə təqdim etmək\r\nİş qrafiki:\r\n- I-V günlər 09:00-dan - 18:00-dək\r\n- VI gün 09:30-dan - 16:00-dək\r\n- Müntəzəm təlimlərin verilməsi\r\n- Korporativ nömrənin verilməsi\r\n- İş yeri: Bakı şəhəri\r\n- Əmək haqqı, yol pulu və satışa görə bonus\r\n\r\nQeyd: E-poçt ünvanına CV göndərən namizədlərin məlumatlarına baxılır','Namizədə tələblər\r\n- Xanım\r\n- Ali təhsilli\r\n- MS Office proqramlarını bilmək\r\n- Təcrübəsi olmayanlar üçün iş öyrədiləcək\r\n- Öyrənmək və inkişaf marağı olsun\r\n- Yaş həddi: 22-27\r\n- Yaxşı ünsiyyət və yaxşı təqdimat bacarıqlarına malik olmalı\r\n\r\nQeyd: E-poçt ünvanına CV göndərən namizədlərin məlumatlarına baxılır',12,5,'2023-02-23','RealDent','+994502538385','500','eminrealdentgroup@gmail.com',1,0,NULL,'2023-01-23 03:59:04','2023-01-23 05:12:28',0),(113,'RESEPŞN',7,'İş barədə məlumat\r\n- Ofisə daxil olan zənglərin cavablandırılması və qeydiyyat\r\n- İşlə bağlı məlumatların və problemlərin rəhbərliyə çatdırılması\r\n- Rəhbərliyin verdiyi tapşırıqları vaxtında yerinə yetirilməsi\r\n- Hotelərə, Plazalara, Holdinqlara, Klinikalara, Xaric şirkərlərə və\r\nTurizm şirkətlər Resepşn tələb olunur. Xanimlar və bəylər\r\n- Maaş dil bildiyi və təcrübə əsasən dəyişilir 400 800 azn\r\n- Hotelərdə iş Qrafiki smenlidi\r\n\r\nİş qrafiki: I-V günlər, 09:00-dan 18:00-dək\r\n- İstirahət günləri: şənbə və bazar günü\r\n- Şəkilli cv göndərin Tema bölməsinə resepşn sözü yazin','Namizədə tələblər\r\n- Xanimlar və bəylər\r\n- Kompüter bilikləri: Ofis proqramları: Word, Excel, Internet\r\n- Səliqəli, punktual, xoş görünüşlü\r\n- Ünsiyyətcil olmalı\r\n- İşində məsuliyyətli və dəqiq olmalı\r\n- Hotelərdə iş Qrafiki smenlidi\r\n- Şirkətlərdə',82,5,'2023-02-23','AH GROUP','+994558123941','400','ofis.roya@gmail.com',1,0,NULL,'2023-01-23 04:05:27','2023-01-23 05:12:30',0),(114,'Satış təmsilcisi',8,'İş barədə məlumat\r\n- Xanımlar ve beyler tələb olunur\r\n- Qadin və kişi qeyimi Mebel salonu Şirniyyat magazalar\r\n- Avtosalon. Marketlər .və sƏmək haqqi 500 800 təcrübəyə və dil biliyinə görə dəyişilir\r\nsmenli iş qrafiki\r\n- Bazar günü vixadnoy','Namizədə tələblər\r\n- Mədəni danışıq nitqi yüksək səviyyədə\r\n- Müştərilərlə etik standartlara riayət etmək\r\n- Müştəri xidmətləri, müxtəlif malların təklifi və nümayişi\r\n- Malların üzərinə qiymətin yerləşdirilməsi',82,5,'2023-02-23','AHGROUP','+994558123941','500','ofis.roya@gmail.com',1,0,NULL,'2023-01-23 04:07:17','2023-01-23 05:12:31',0),(115,'RESEPŞN',7,'İş barədə məlumat\r\n- Ofisə daxil olan zənglərin cavablandırılması və qeydiyyat\r\n- İşlə bağlı məlumatların və problemlərin rəhbərliyə çatdırılması\r\n- Rəhbərliyin verdiyi tapşırıqları vaxtında yerinə yetirilməsi\r\n- Hotelərə, Plazalara, Holdinqlara, Klinikalara, Xaric şirkərlərə və\r\nTurizm şirkətlər Resepşn tələb olunur. Xanimlar və bəylər\r\n- Maaş dil bildiyi və təcrübə əsasən dəyişilir 400 800 azn\r\n- Mehmanxanalarda iş qrafiki növbəlidir\r\n\r\nİş qrafiki:\r\n- I-V günlər, 09:00-dan-18:00-dək\r\n- İstirahət günləri: şənbə və bazar günü\r\n- Şəkilli cv göndərin Tema bölməsinə resepşn sözü yazın','Namizədə tələblər\r\n- Xanımlar və bəylər !\r\n- Kompüter bilikləri: Ofis proqramları: Word, Excel, Internet\r\n- Səliqəli, punktual, xoş görünüşlü\r\n- Ünsiyyətcil olmalı\r\n- İşində məsuliyyətli və dəqiq olmalı\r\n- Hotelərdə iş Qrafiki smenlidi\r\n- Şirkətlərdə',83,5,'2023-02-23','RSİR GROUP','+994507524815','500','rsirgroup@rsirgroup.az',1,0,NULL,'2023-01-23 04:14:01','2023-01-23 05:12:33',0),(116,'BÖLGƏ MÜDİRİ',13,'İş barədə məlumat\r\n- Baş idarə dostluq kinoteatrı yaxınlığındadır. Şəhər üzrə filiallar mövcuddur!\r\n- İş saatı 10:00-dan 19:00-dək, nahar 13:00-dan 14:00-dək\r\n- Həftədə 1 gün istirahət\r\n- Bayram günləri qeyri iş günüdür\r\n- Rəsmi iş yeridir\r\n- İşçilər tibbi sığorta ilə təmin olunur\r\n- Əməkdaşlara ipoteka dəstəyi nəzərdə tutulur!','Namizədə tələblər\r\nNew house əmlak şirkəti yeni vakansiyalar elan edir!\r\nƏməkdaşlıq etmək istəyən namizədlər şəkilli cv lərini öncədən whatsapp nömrəsinə göndərsin.\r\nQazanc faiz nisbətil ilə hesablanır!\r\nMəhdudiyyət yoxdur!\r\nBacarıqlı şəxslər aylıq 5.000 azn üzəri qazanc edə bilir!\r\nNamizədlərin insanlarla yüksək ünsiyyət qabiliyyəti olmalıdır\r\n- Xarici görünüşə önəm verilir\r\n- Şəhəri orta səviyyədə tanımağı vacibdir\r\n- Komputer biliyi orta olmağı kifayət edir\r\n- Məhbusluq olmamalıdır! Pozitiv şəxslərə üstünlük veriləcək!',28,5,'2023-02-23','New House','+994702860404','800','mirzeyevanar10012@gmail.com',1,0,NULL,'2023-01-23 04:16:40','2023-01-23 05:12:34',0),(117,'SATIŞ OPERATORU',8,'İş barədə məlumat\r\n- Gələn sifarişlər üzərindən müştərilərə düzgün və tam məlumatın verilməsi və məhsulun satışın həyata keçirmək\r\n- Verilən tapşırıqların düzgün yerinə yetirilməsi\r\n- İş qrafiki 6 günlükdür ( həftəiçi istirahət günü)\r\n- İş vaxtı: saat 09:00-dan -18:00-dək\r\n- Aylıq gəlir 600-800 AZN\r\n- AR əmək məcəlləsinə uyğun rəsmiləşdirmə\r\n- İş ofis şəraitindədir\r\nCV-ləri yuxarıda qeyd olunan email-ə \"Satış üzrə operator\" başlığı ile göndərmək lazımdır, göndərəndə başllıqda iki üstəgəl üç cavabını qeyd edin','Namizədə tələblər\r\n- Yaş: 20-40 yaş\r\n- Azərbaycan dilində Səlis danışıq qabiliyyəti. Rus dili bilməsi arzu olunandır\r\n- Ünsiyyətqurma və komandada işləmək bacarığı\r\n- İş təcrübəsi: 1 il (operator sahəsində olması arzu olunandır)',29,5,'2023-02-23','Sashera-Med Azerbaijan','+994702204393','600','hr@sashera-med-aze.info',1,0,NULL,'2023-01-23 04:18:30','2023-01-23 05:12:36',0),(118,'RİELTOR-AGENT',8,'İş barədə məlumat\r\n\"NPG” MMC – Daşınmaz Əmlak Şirkəti ..!!!\r\n\r\nDaşınmaz Əmlakın EKSKLUZİV - Satışı, İcarəsi, İdarə olunması, Qiymətləndirilməsi ilə yanaşı, Layihələndirmə,  Xaricdə Əmlak, Təmir və Tikinti sahələrini də əhatə edir.\r\n \r\nDaşınmaz Əmlak Sektoru və Rieltor peşəsi haqqında hər şeyi öyrədir, təlim və inkişafınız üçün, ehtiyac olan lazımı dəstəyi veririk.\r\n\r\nİŞİN TƏSVİRİ : \r\n\r\n- İş Sahəsində (Bölgə və İş sahəsinə uyğun) yeni portfel bazasını qurmaq\r\n- Portfellərin satılması və icarəsi üçün effektiv marketinq plan tətbiq etmək\r\n- Satıcı və alıcıların məlumat bazasını qurmaq, davamlı olaraq sayını artırmaq\r\n- Alıcı müştərilər üçün, lazımı təklif bazası hazırlamaq, uyğun portfelləri göstərmək\r\n- Müştəri məmnuniyyətinə diqqət yetirməklə, davamlı olaraq müştəri sayını artırmaq\r\n \r\nAylıq \"300 azn Əmək haqqı\" + 20 % gəlir və ya Şəxsi satışlarından 50 - 60 - 70 % gəlir sistemində çalışmaq istəyən, potensialına görə gəlirlərini təyin etmək istəyən namizədlər CV - i Emial adresinə göndərə bilər.\r\n \r\nWeb: www.npg.az\r\nEmail: office@npg.az\r\nƏlaqə: (+994 70) 224 35 05\r\n \r\nİş qrafiki: 6 Gün, Saat: 10.00-dan 19.00-dək\r\nÜnvan: Caspian Business Center, 6-cı mərtəbə','Namizədə tələblər\r\n- Performansı yüksək, vizyon sahibi\r\n- Hədəfləri yüksək olan, satışı sevən\r\n- Sahibkarlıq, girişimci ruhu yüksək olan\r\n- Yüksək motivasiya, ünsiyyət bacarığı\r\n- Gülərüzlü, səlis danışıq diksiyası olan \r\n- İnkişafa, təlimə və öyrənməyə həvəsli\r\n- Avtomobil sahibi olması arzu olunandır\r\n- Xarici dil bilməsi arzu olunandır (Rus, ENG)\r\n- Bakı qeydiyyatında olması arzu olunandır\r\n- Komputer programlarında sərbəst işləyən \r\n- Komanda işinə meyilli, paylaşmağı bacaran\r\n- Məsuliyyət hissi ilə işləyəcək, ciddi yanaşan\r\n \r\nKomanda Yoldaşları \"RİELTORLAR\" axtarırıq.',54,5,'2023-02-23','NPG MMC','+994702243505','300','office@npg.az',1,0,NULL,'2023-01-23 04:20:59','2023-01-23 05:12:37',0),(119,'SMM KONTENT MENECERİ',5,'İş barədə məlumat\r\nMaraqlı online layihələri olan Şirkətə Smm Content menecer tələb olunur\r\n\r\n- Mətn yazmağı bacaran, yaradıcı düşüncəli\r\n- Post hazırlamaq səviyyəsində Qrafik dizayn bilikləri\r\n- Müştərilərə maraqlı olan mövzuların təyin edilməsi, ona uyğun kontentin yaradılması\r\n- Agentlik təcrübəsi olanlar üstünlükdü\r\n- Ən azı 1 il iş təcrübəsi - SMM, jurnalist, kontent sahəsində\r\n- CV-də iş yerləri qeyd olunmalıdır\r\n- Yalnız xanım namizədlər, yaş 22-35 arası\r\n- Full time işdir. Tələbələr, vaxtı olmayanlar, başqa işi olanlar narahat etməsinlər\r\n- Karyera inkişaf imkanları\r\n- CV-ni Email adresinə göndərin: info@ofis.az','Namizədə tələblər\r\n- Yalnız xanım namizəd !\r\n- Yaş: 20-35 yaş arası\r\n- Yalnız xanım namizədlər tələb olunur\r\n- Müvafiq sahədə ən azı 1 il iş təcrübəsi\r\n- Azərbaycan dilində səlis danışıq və yazı qabiliyyəti\r\n- Yenilikləri və trendləri izləməli\r\n- Komandada işləmək qabiliyyəti\r\n- İnkişafa və böyüməyə maraqlı olsun',68,5,'2023-02-23','Ofis Az','+994508052535','500','info@ofis.az',1,0,NULL,'2023-01-23 04:24:00','2023-01-23 10:28:38',0),(120,'MARKETİNQ ŞÖBƏSİNİN MÜDİRİ',5,'İş barədə məlumat\r\n- Şöbə əməkdaşlarına icrası məcburi olan göstəriş və tapşırıqlar vermək\r\n- Aylıq marketinq büdcəsinin effektiv şəkildə xərclənilməsi\r\n- Mövcud və axtarışda olan şirkətlərlə biləvasitə ünsiyət\r\n- Korporativ nömrə, telefon ilə təmin olunma\r\n- 5 günlük iş qrafiki\r\n- AR qanunvericiliyinə uyğun rəsmiləşmə\r\n\r\nQeyd: İş yeri Sumqayıt şəhərində yerləşdiyindən Sumqayıtda yaşayan namizədlərin müraciət etməsi xahiş olunur','Namizədə tələblər\r\n- Marketinq sahəsində iş təcrübəsi Mütləqdir !\r\n- Komanda ilə işləmə bacarığı\r\n- Mövcud və axtarışda olan şirkətlərlə biləvasitə ünsiyət\r\n- Marketinq trendlərini yaxından təqib edən\r\n- Əla ünsiyyət və kommunikasiya bacarığı\r\n- Yeni yaradıcı ideyalar təqdimetmə bacarığı',85,69,'2023-02-23','Media PR','+994186540905','700','cv@xalmediapr.az',1,0,NULL,'2023-01-23 04:46:34','2023-01-23 05:12:16',0),(121,'KURYER',13,'İş barədə məlumat\r\n- Sənədlərin, qeyri-qida məhsulların (geyim, aksesuar və s.) çatdırılması\r\n- Gündəlik ödəniş, sifariş və işin icrası barədə bildirişlərin hesabatların verilməsi\r\n- Aylıq əmək haqqı 400 manat\r\n- Korporativ şirkət nömrəsi verilir\r\n- Yol xərcləri şirkət tərəfindən qarşılanır\r\n- İş saatları həftənin 6 günü, 09:00-dan-19:00-dək\r\n\r\nMaraqlananlar Piyada kuryer başlığı ilə mykuryermmc@gmail.com elektron ünvanına CV-in göndərə bilər','Namizədə tələblər\r\n- Bəy və xanım kuryer !\r\n- Səliqəli və etik-korperativ görünüşlü olmalı\r\n- Aidiyyatı üzrə sahədə iş təcrübəsi olması arzu olunandır\r\n- Şəhəri yaxşı tanımalı (əsas istiqamətləri metrolar, ev ünvanları və dövlət idarələrinin yerləşdiyi ünvanlar)\r\n- Android platformalı smartfon olmalı\r\n- Nizam-intizamlı olmalı, verilən tapşırıqları dəqiq və vaxtında yerinə yetirməli',86,5,'2023-02-23','My Kuryer MMC','+994552552429','400','info@mykuryer.az',1,0,NULL,'2023-01-23 04:56:34','2023-01-23 05:12:17',0),(122,'DAXİLİ TURİZM ÜZRƏ MENECER',15,'İş barədə məlumat\r\n- Həftə içi 09:00-dan-18:00-dək\r\n- Şənbə günü saat 09:00-dan-16:00-dək\r\n- İstirahət günü - Bazar günü\r\n- Əmək haqqı namizədin təcrübəsinə, bilik və bacarıqlarına əsasən təyin olunur\r\n- Həmçinin bilik və bacarıqlarına əsasən 1 ay sinaq müddəti təyin olunacaq (ödənişli)','Namizədə tələblər\r\n- Azərbaycan və rus dillərini yüksək səviyyədə bilmək (ingilis dilini bilənlərə üstünlük verilir)\r\n- Kompüterdə işləmək bacarığı (MS Office programları, İnternet, MS Outlook, və s.)\r\n- Səlis və işgüzar danışıq bacarığına malik olmaq\r\n- Yüksək ünsiyyət qurma bacarığına malik olmaq\r\n- Məsuliyyətli və diqqətli olmaq\r\n- Mühitə tez uyğunlaşmaq və komandada işləmə qabiliyyətinə malik olmaq',87,5,'2023-02-23','ViaSilkRoad Travel','+994552965439','500','info@viasilkroad.travel',1,0,NULL,'2023-01-23 05:05:16','2023-01-23 05:12:18',0),(123,'SATIŞ DİREKTORU',8,'İş barədə məlumat\r\n- Korporativ müştərilərlə əlaqələr quraraq, şirkətin məhsullarına dair tanıtımlar etməlidir\r\n- Yeni müştərilər tapmalı, onlarla birbaşa əlaqə quraraq xidmətlər haqqında məlumat verilməlidir\r\n- Bazar araşdırması aparmalı, müştəri tələbatlarını öyrənməlidir\r\n- Satış sonrası xidmətlə əlaqədar ortaya çıxan problemləri həll etməlidir\r\n- Müştəri etirazları və bəhanələri ilə işləmək və bu etirazların həlli zamanı ortaya çıxan problemləri həll etməlidir\r\n- Potensial korporativ müştərilərin cəlb edilməsi və onlarla işgüzar əlaqələrin qurulması\r\n- Bazarın, rəqiblərin araşdırılması, analizlərin aparılması və tələbatın müəyyənləşdirilməsi\r\n- Məhsullar, keçirilən aksiya və kampaniyalar haqqında müştərilərin məlumatlandırılması\r\n- Yeni və mövcud layihələr üzrə satış strategiyasının hazırlanması, planların və layihələrin işlənilməsi və həyata keçirilməsi;\r\n- Yeni və mövcud müştərilər üzrə məlumat bazasının formalaşdırılması\r\n- İşlədiyi şöbənin fəaliyyəti ilə bağlı bilavasitə öz rəhbərinin xidməti tapşırıqlarının yerinə yetirilməsi\r\n- Nəqliyyat xərcləri, bəzi komanda üzvləri üçün maşın, korporativ nömrə, telefon və kompyuter şirkət tərəfindən verilir\r\n- Vaxtı: həftənin 5 günü\r\n- Saat 09:00-dan-18:00-dək\r\n- Şənbə günü: saat 10:00-dan-16:00-dək\r\n- İstirahət günləri: bazar\r\n- Nahar vaxtı: saat 13:00-dan-14:00-dək\r\n- Ünvan: Nərimanov Əliəşrəf Əlizadə 61\r\n- Cv - ləri hr@generalelvator.az mail ünvanına yollamağınız xahiş - olunur','Namizədə tələblər\r\n- Kİşi və xanım namizədlər !\r\n- Lift sahəsində təcrübəsi olması vacibdir\r\nYenilikçi, dinamik və daxili motivasiyası yüksək\r\n- Potensial bazarları analiz edə bilən\r\n- Korporativ görünüşlü, ünsiyyətcil, işgüzar və səlist danışıq qabiliyyətli\r\n- Məntiqi və analitik düşünmə tərzi və təşəbbüskarlıq\r\n- Ünsiyyət qurmaq bacarığı\r\n- Nitq mədəniyyəti\r\n- Yüksək təqdimat bacarığı\r\n- Müştəri yönümlü satış etmə bacarığı',88,5,'2023-02-23','General Construction LLC','+994124095103','1000','hr@generalelevator.az',1,0,NULL,'2023-01-23 05:12:06','2023-01-23 05:12:19',0),(124,'ДИЗАЙНЕР-ИНТЕРЬЕР',9,'İş barədə məlumat\r\nЗарплата:\r\n1300 - 2000\r\n\r\nГрафик работы: с 09:00 - до 18:00\r\nНаличие выходных\r\n\r\nАдрес: Город Баку\r\n3-ий микрорайон','Namizədə tələblər\r\nБудьте пожалуйста внимательны к прочтению объявления!\r\n\r\n- Дизайнер в мебельную фабрику\r\n- Возраст 22 - 30 лет\r\n- Пол – мужской\r\n- Образование среднее и высшее\r\n\r\nВладение программами:\r\n- 3 ds max\r\n- Corona\r\n- Аutocad\r\n- Photoshop\r\n\r\nТребования:\r\n- Владение азербайджанским и русским языками\r\n- Наличие автомобиля\r\n\r\nВажное:\r\n- Умение слушать собеседника\r\n- Умение чётко изъяснять свою мысль\r\n- Пунктуальность\r\n- Аккуратность\r\n- Трудолюбие\r\n- Желание зарабатывать',89,5,'2023-02-23','Gorizont','+994505673828','1300','tabriz.mammadaliyev@gmail.com',1,0,NULL,'2023-01-23 05:30:26','2023-01-23 05:44:34',0),(125,'SATIŞ TƏMSİLÇİSİ',8,'İş barədə məlumat\r\nŞirkət haqqında məlumat:\r\n\r\n- \"Vest Produkt Marketinq\" MMC 2003-cü ildən etibarən fəaliyyət göstərir və Azərbaycanda ən böyük distribyutor şirkətlərdən biridir\r\n- Şirkətimiz, Westgold, Golden Crown, Westpro, French Cow, Gerda və Oldenburger markalı ekoloji təmiz, təbii inək südündən hazırlanmış, Sun Palermo markalı tam təbii günəbaxan yağları və Oldenburger markalı Gouda və Tilsit idxalı və satışı ilə bazarda lider şirkətlərdən biridir.\r\n\r\nİş barədə məlumat:\r\n\r\n- Satışla bağlı təyin olunan hədəflərin yerinə yetirilməsi\r\n- Yeni müştərilərin axtarışı, potensial müştərilər ilə əlaqələrin yaradılması\r\n- Müştərilərin vaxtında və planlı şəkildə ziyarət edilməsi\r\n- Keçirilən aksiya və kompaniyalar haqqında müştərilərin məlumatlandırılması\r\n- Gündəlik görülən işlər barədə rəhbərliyə hesabat verilməsi\r\n- Əmək haqqı 1500\r\n\r\n- İş qrafiki: 5 günlük saat 09:00-dan-18:00-dək\r\n- İstirahət günləri:şənbə və bazar\r\n- Ərazi: (Bakı və ya Sumqayıt)\r\n\r\n- Qeyd: Amortizasiya xərcləri şirkət tərəfindən qarşılanır\r\n- Benzin xərcləri şirkət tərəfindən qarşılanır\r\n- Telefon xərcləri şirkət tərəfindən qarşılanır\r\n\r\nCV-lərinizi cv@wpm.az  ünvanına \"Satış təmsilçisi\" adı altında göndərin. Yalnız şəkilli cv-lərə baxılır','Namizədə tələblər\r\n- Ünsiyyətcil və komanda ilə işləmək bacarığı\r\n- İşinə qarşı həvəsli, yeniliklərə açıq olmaq\r\n- Məsuliyyətli və intizamlı, qərarlı, müştəri yönümlü, diqqətcil və rəqabəti bacaran\r\n- Karyerasını satış sahəsində qurmaq istəyi\r\n- B və ya BC kateqoriyalı sürücülük vəsiqəsinə sahib, aktiv olaraq avtomobil idarə edə bilən və şəxsi avtomobili olan\r\n- Azərbaycan dilini səlis bilməli, rus dilini bilməsi arzu olunandır',90,5,'2023-02-23','West Product Marketing MMC','+994124365651','1400','cv@wpm.az',1,0,NULL,'2023-01-23 05:36:19','2023-01-23 05:44:35',0),(126,'RİELTOR-AGENT',8,'İş barədə məlumat\r\n\"NPG” MMC – Daşınmaz Əmlak Şirkəti ..!!!\r\n\r\nDaşınmaz Əmlakın EKSKLUZİV - Satışı, İcarəsi, İdarə olunması, Qiymətləndirilməsi ilə yanaşı, Layihələndirmə,  Xaricdə Əmlak, Təmir və Tikinti sahələrini də əhatə edir.\r\n \r\nDaşınmaz Əmlak Sektoru və Rieltor peşəsi haqqında hər şeyi öyrədir, təlim və inkişafınız üçün, ehtiyac olan lazımı dəstəyi veririk.\r\n\r\nİŞİN TƏSVİRİ : \r\n\r\n- İş Sahəsində (Bölgə və İş sahəsinə uyğun) yeni portfel bazasını qurmaq\r\n- Portfellərin satılması və icarəsi üçün effektiv marketinq plan tətbiq etmək\r\n- Satıcı və alıcıların məlumat bazasını qurmaq, davamlı olaraq sayını artırmaq\r\n- Alıcı müştərilər üçün, lazımı təklif bazası hazırlamaq, uyğun portfelləri göstərmək\r\n- Müştəri məmnuniyyətinə diqqət yetirməklə, davamlı olaraq müştəri sayını artırmaq\r\n \r\nAylıq \"300 azn Əmək haqqı\" + 20 % gəlir və ya Şəxsi satışlarından 50 - 60 - 70 % gəlir sistemində çalışmaq istəyən, potensialına görə gəlirlərini təyin etmək istəyən namizədlər CV - i Emial adresinə göndərə bilər.\r\n \r\nWeb: www.npg.az\r\nEmail: office@npg.az\r\nƏlaqə: (+994 70) 224 35 05\r\n \r\nİş qrafiki: 6 Gün, Saat: 10.00-dan 19.00-dək\r\nÜnvan: Caspian Business Center, 6-cı mərtəbə','Namizədə tələblər\r\n- Performansı yüksək, vizyon sahibi\r\n- Hədəfləri yüksək olan, satışı sevən\r\n- Sahibkarlıq, girişimci ruhu yüksək olan\r\n- Yüksək motivasiya, ünsiyyət bacarığı\r\n- Gülərüzlü, səlis danışıq diksiyası olan \r\n- İnkişafa, təlimə və öyrənməyə həvəsli\r\n- Avtomobil sahibi olması arzu olunandır\r\n- Xarici dil bilməsi arzu olunandır (Rus, ENG)\r\n- Bakı qeydiyyatında olması arzu olunandır\r\n- Komputer programlarında sərbəst işləyən \r\n- Komanda işinə meyilli, paylaşmağı bacaran\r\n- Məsuliyyət hissi ilə işləyəcək, ciddi yanaşan\r\n \r\nKomanda Yoldaşları \"RİELTORLAR\" axtarırıq.',54,5,'2023-02-23','NPG MMC','+994702243505','300','office@npg.az',1,0,NULL,'2023-01-23 05:43:28','2023-01-23 05:43:52',0),(127,'SERVİS ŞÖBƏSİNİN OPERATORU',8,'İş barədə məlumat\r\n- Mövcud müştərilərlə əlaqə saxlamaq, əldə olunmuş məhsulların servis xidməti haqqında məlumat vermək, vaxtları təyin etmək və işlərlə texniki heyət arasında koordinasiya qurmaq\r\n\r\n- Müştərilərin sifarişlərini icra etmək\r\n- Məlumatların müvafiq sistemdə qeydiyyatını aparmaq\r\n- Rəsmi əmək müqaviləsi ilə\r\n- İş qrafiki: 10:00-dan-19:00-dək (6 gün)\r\n- Əmək haqqı: 500 AZN + bonus\r\n\r\nCV-lərinizi info@icebergaqua.az email adresinə \"Servis şöbəsinin operatoru\" başlığı ilə göndərməyiniz xahiş olunur','Namizədə tələblər\r\n- Müvafiq sahədə təcrübə mütləqdir\r\n- Yalnız xanım namizədlər tələb olunur\r\n- Azərbaycan dillini mükəmməl bilməsi\r\n- Məsuliyyətli, punktual\r\n- Yüksək danışıq qabiliyyəti, fikirini aydın izah etmə və aktiv satış bacarığı\r\n- İşguzar və hədəf yönlü, problemləri həll etmə bacarığı olan',91,5,'2023-02-23','ICEBERG AQUA MMC','+994774080800','500','info@icebergaqua.az',1,0,NULL,'2023-01-23 05:55:25','2023-01-23 05:55:35',0),(128,'MEMAR',9,'İş barədə məlumat\r\n- Müxtəlif təyinatlı tikilən obyektlərin memarlıq layihəsinin işlənib hazırlanması, o cümlədən, fasadların yığılması\r\n- Qəbul olunmuş layihə tapşırıqlarının layihələndirmə və tikinti üzrə qüvvədə olan normativ sənədlərə uyğunluğunun təmin edilməsi\r\n- Layihənin memarlıq hissəsinin digər bölmələrlə əlaqəsinin, lazımi texniki sənədlərin komplektliyinin təmin edilməsi\r\n- Dövlət qurumlarında və ekspertiza orqanlarında layihələrə baxılmasında, razılaşdırılmasında və müdafiəsində iştirak','Namizədə tələblər\r\n- Memarlıq sahəsi üzrə ali təhsil\r\nƏsas proqram bilikləri:\r\n- AutoCad\r\n- 3Dmax (arzuolunandır)\r\n- Photoshop\r\n- Ofis proqramları (arzuolunandır)',92,5,'2023-02-23','STORM BUILDING MMC','+994554282718','800','storm.buildingcv@bk.ru',1,0,NULL,'2023-01-23 06:55:25','2023-01-23 06:57:31',0),(129,'KATİBƏ',7,'İş barədə məlumat\r\n- Ofisə gələn şəxslərin nəzakətlə qarşılanması və müşaiyət olunması\r\n- Ofisə daxil olan zənglərin cavablandırılması və qeydiyyatı\r\n- Rəhbərliyin verdiyi tapşırıqları vaxtında yerinə yetirilməsi\r\n- Rəhbərliyə / Qonaqlara çay, qəhvə, su təqdim olunması\r\n- Ofis daxili inzibati işlərin təşkili','Namizədə tələblər\r\nXanım namizədlər !\r\n- Səliqəli, punktual və xoş görünüşlü\r\n- Ünsiyyət, düzgün diksiya və məlumatın ötürülməsi bacarığı\r\n- Məsuliyyətli, dəqiq, çalışqan və komanda da işləmə bacarığı\r\n- İş rejimi : 6 günlük\r\n- İş saatı : 09:00-dan -18:00-dək',92,5,'2023-02-23','STORM BUILDING MMC','+994554282718','500','storm.buildingcv@bk.ru',1,0,NULL,'2023-01-23 06:57:26','2023-01-23 06:57:33',0),(130,'RESEPŞN',7,'İş barədə məlumat\r\nVəzifələr:\r\n- Ofisə daxil olan zənglərin cavablandırılması və qeydiyyatı\r\n- Gələn müştərilərin qarşılanması, qeydiyyatı və məlumatlandırılması\r\n- İşlə bağlı məlumatların və problemlərin rəhbərliyə çatdırılması\r\n- Rəhbərliyin verdiyi tapşırıqları vaxtında yerinə yetirmək\r\n- Yaşı 20-30 arası\r\nİş şəraiti:\r\n- İş qrafiki: növbəli qrafik:\r\n- 08:00-dan - 20:00-dək\r\n- 20:00-dan - 08:00-dək\r\nYuxarıda qeyd olunan şərtlərə uyğu gələn namizədlər vusala.selimzade@grandhayat.az elektron ünvanına “Reception” qeyd edərək CV-lərini (fotoşəkil ilə) göndərə bilərlər','Namizədə tələblər\r\n- Bəy namizədlər !\r\n- Səliqəli, punktual və xoş görünüşlü\r\n- Ünsiyyət, düzgün diksiya və məlumatın ötürülməsi bacarığı\r\n- Məsuliyyətli, dəqiq, çalışqan və komanda da işləmə bacarığı\r\n- Yaşı 20-35 arası\r\n- Rus dilində danışıq səviyyəsi vacibdir',93,5,'2023-02-23','Grand Hayat Management','+994502749406','400','vusala.selimzade@grandhayat.az',1,0,NULL,'2023-01-23 07:07:42','2023-01-23 07:08:00',0),(131,'KATİBƏ',13,'İş barədə məlumat\r\n- Ofisə gələn şəxslərin nəzakətlə qarşılanması və müşaiyət olunması\r\n- Ofisə daxil olan zənglərin cavablandırılması və qeydiyyatı\r\n- Mütəmadi olaraq şirkətin elektron ünvanına daxil olan məktubların vaxtında cavablandırılması, prioritetə görə qeydlərinin aparılması və aidiyyəti ünvanlara yönləndirilməsi\r\n- Rəhbərliyin verdiyi tapşırıqları vaxtında yerinə yetirilməsi\r\n- Rəhbərliyə / Qonaqlara çay, qəhvə, su təqdim olunması\r\n- Ofis daxili inzibati işlərin təşkili\r\n- İş qrafiki: 5 iş günü\r\n- İş saatı: 09:00-dan-18:00-dək\r\n- İş yeri Lökbatanda yerləşir','Namizədə tələblər\r\n- Xanım namizədlər !\r\n- Kompüter və Ofis proqramlarını - Word, Excel mükəmməl bilməli\r\n- Səliqəli, punktual və xoş görünüşlü\r\n- İşində məsuliyyətli və dəqiq olmalı\r\n- Vəzifə öhdəliklərini vaxtında yerinə yetirməli\r\n- Sənədlərlə işləmək bacarığı\r\n- Yüksək danışıq qabiliyyəti, fikrini aydın izah etmə bacarığı\r\n- Ofis avadanlıqları ilə işləmək bacarığı\r\n- Şəkilli CV-ləri info@rzan.az mail adresinə göndərə bilərsiniz',94,5,'2023-02-23','RZAN MMC','+994502926660','300','info@rzan.az',1,0,NULL,'2023-01-23 07:14:39','2023-01-23 07:14:45',0),(132,'RƏNGSAZ',12,'İş barədə məlumat\r\n- Şirkətin tabeçiliyində olan nəqliyyat vasitələrində standartlara əsasən rəngsaz işlərini həyata keçirmək;\r\n- Müvafiq ölçü işlərini yerinə yetirməklə səthlərdə boyama işini icra etmək\r\n- İşin təkrar icrasına yol verməmək üçün işi dəqiq, peşəkar və təlimata uyğun təşkil etmək;\r\n- Müəssisənin təhlükəsizlik qaydalarına əməl etmək və öhdəlik götürmək;\r\n- Təhkim edilmiş alət və avadanlıqların texniki cəhətdən saz vəziyyətdə saxlanılmaq\r\n\r\n- İş qrafiki: 6 gün, 08:00-dan - 18:30-dək\r\n- Əmək haqqı: 600 Azn\r\n- Nahar şirkət tərəfindən verilir','Namizədə tələblər\r\n- İş təcrübə: 3 il minimum\r\n- Kişi namizəd !\r\n- 30 – 50 yaş\r\n- Məsuliyyətli\r\n- Kolektivdə işləmə bacarığı\r\n- Texniki alətləri və materialları tanımaq\r\n- Boyama işlərində tətbiq edilən mexanizmlərin sazlanması qaydalarını bilmək\r\n- Səthlərdə boyama prosesinin bilavasitə icrası və proses zamanı xüsusi vasitələrdən sərbəst və təhlükəsiz istifadə bacarığı olmalı\r\n- Boyama prosesi zamanı dəqiqlik, səliqəlilik və boyama standart normalarının tətbiqinə riayət etməli\r\n- Qapalı sahədə boyaq işlərinin sərbəst və tələb olunan standartlara uyğun icra etməli\r\nXırdalana yaxın ərazilərdə (Sumqayıt, Masazır, Biləcəri) ərazisində yaşayanlara üstünlük veriləcəkdir\r\n- Uyğun olan şəxslərdən öz CV-lərini qeyd olunmuş hr@ayanltd.az elektron poçt ünvanına mövzu adı yerində “Rəngsaz” yazılmaqla və ya aktiv nomrənin whatsappına (ad soyad, yaş, vakansiyanın adı, təcrübə, yaşayış yeri) məlumatlarını yazıb göndərmələri xahiş olunur.\r\n- Müraciətlərə həftənin I-V günləri 08:00-dan - 17:00-dək baxılcaqdır\r\n- Müsahibəyə dəvət olunan namizədlər şirkətə giriş üçün şəxsiyyət vəsiqəsini təqdim etməlidirlər. Əlaqə nömrələri: +994512707504',95,5,'2023-02-23','Ayan MMC','+994512707504','600','hr@ayanltd.az',1,0,NULL,'2023-01-23 07:30:46','2023-01-23 07:33:53',0),(133,'MERÇENDAYZER',9,'İş barədə məlumat\r\n- Məhsulların ticarət nöqtələrində şirkətin təyin edilmiş standartlarına uyğun düzülüşünü təmin etmək\r\n- Şirkətin məhsullarının təyin edilmiş plan üzrə istifadə tarixlərini və əmtəə görünüşünün yoxlanılması, rəflərin səliqəsini və əlaqədar digər məsələləri nəzarətdə saxlamaq, müvafiq məlumatları vaxtında rəhbərliyə vermək\r\n- Günlük plan üzrə ticarət nöqtələrinə ziyarəti həyata keçirmək\r\n- Ticarət nöqtələrində reklam materialların (POS) yerləşdirilməsi\r\n- Məhsulların qiymət kağızları ilə təmin olunması\r\n- Ticarət nöqtələrində olmayan məhsullar haqqında məlumatı satış şöbəsinə çatdırılması\r\n\r\n- İş qrafiki: 6 gün, 08:00-dan-17:00-dək\r\n- İstirahət: Bazar günü\r\n- Əmək haqqı: Fix- 400 AZN (6 aydan sonra 450) + 150 azn (Çek list) + 100 (geri qaytarma limiti) + 200 (3 aydan bir) bonus','İş barədə məlumat\r\n- Məhsulların ticarət nöqtələrində şirkətin təyin edilmiş standartlarına uyğun düzülüşünü təmin etmək\r\n- Şirkətin məhsullarının təyin edilmiş plan üzrə istifadə tarixlərini və əmtəə görünüşünün yoxlanılması, rəflərin səliqəsini və əlaqədar digər məsələləri nəzarətdə saxlamaq, müvafiq məlumatları vaxtında rəhbərliyə vermək\r\n- Günlük plan üzrə ticarət nöqtələrinə ziyarəti həyata keçirmək\r\n- Ticarət nöqtələrində reklam materialların (POS) yerləşdirilməsi\r\n- Məhsulların qiymət kağızları ilə təmin olunması\r\n- Ticarət nöqtələrində olmayan məhsullar haqqında məlumatı satış şöbəsinə çatdırılması\r\n\r\n- İş qrafiki: 6 gün, 08:00-dan-17:00-dək\r\n- İstirahət: Bazar günü\r\n- Əmək haqqı: Fix- 400 AZN (6 aydan sonra 450) + 150 azn (Çek list) + 100 (geri qaytarma limiti) + 200 (3 aydan bir) bonus',95,40,'2023-02-23','Ayan MMC','+994512707504','400','hr@ayanltd.az',1,0,NULL,'2023-01-23 07:33:02','2023-01-23 07:34:02',0),(134,'TİBBİ NÜMAYƏNDƏ',14,'İş barədə məlumat\r\n- Gündəlik tibb müəssisələrinin ziyarət edilməsi\r\n- Şirkətdə verilmiş təlimatları, tapşırıqları vaxtında və dəqiq yerinə yetirmək\r\n- Şirkətin məhsulları barədə ətraflı məlumat verilməsi, təlabat yaradılması və satışının təşkil edilməsi\r\n- Gündəlik, həftəlik, aylıq və illik hesabatların hazırlanması\r\n- Həftə içi 5 gün - 09:00-dan -18:00-dək\r\n- Əmək haqqı - 400-700 AZN (iş təcrübəsindən və potensialdan asılı olaraq)\r\n- Yol xərcləri şirkət tərəfindən ödənilir','Namizədə tələblər\r\n- Bu sahə üzrə iş təcrübəsi mütləqdir\r\n- Ali və ya orta təhsil\r\n- Ünsiyyət qurmaq və təqdimat bacarıqlarına malik olmalı\r\n- Dəqiq, intizamlı və işinə qarşı məsuliyyətli olmaq\r\n- Hərəkətli iş rejimində və komandada işləmək bacarığı\r\n- Etik davranış qaydalarına fikir verməli\r\n- Səliqəli geyim',51,5,'2023-02-23','Med Product','+994512058595','400','company@medproduct.az',1,0,NULL,'2023-01-23 07:38:09','2023-01-23 07:58:33',0),(135,'QRAFİK DİZAYNER',9,'İş barədə məlumat\r\n- Şirkətin verilmiş təlimatlar, göstərişlər və məlumat əsasında, dizayn işlərini zamanında və yüksək keyfiyyətlə həyata keçirilməsini təmin edir\r\n- Daxildə məlumat əsasında dizayn işlərinin tələb olunan vaxtda və yüksək keyfiyyətlə həyata keçirilməsini təmin edir;\r\n- Sosial Media üçün kreativ, orijinal və yüksək keyfiyyətli kontent digital postların (banner, story) hazırlanması və paylaşılmasının təmin edilməsi\r\n- Qrafik proqramlardan istifadə edərək dizayn fayllarının xüsusi effektlərlə hazırlanmasını təmin edir;\r\n\r\n- İş qrafiki: 5 gün, 10:00-dan - 19:00-dək\r\n- AR Əmək Məcəlləsinə əsasən rəsmiləşdirmə\r\n\r\nMaraqlanan namizədlərdən xahiş olunur ki, CV-lərini və portfoliosunu e-mailin mövzu hissəsində “Qrafik dizayner” sözlərini qeyd edərək cv@netgroup.az e-ünvanına göndərsinlər','Namizədə tələblər\r\n- Kreativ yanaşma\r\n- Məsuliyyətli və diqqətli olmaq\r\n- Komandada işləmə bacarığı\r\n- Bu sahədə minimum 1 il iş təcrübəsi\r\n- Kreativ portfolioya malik olmaq',96,5,'2023-02-23','Netcon','+994558800013','500','cv@netgroup.az',1,0,NULL,'2023-01-23 07:51:50','2023-01-23 07:58:35',0),(136,'SÜRÜCÜ',13,'İş barədə məlumat\r\n- Avtonəqliyyat vasitəsinin fasiləsiz, qəzasız, yüksək səmərəli işini, düzgün texniki istismarını həyata keçirmək\r\n- Səhər və axşam saatlarında işçilərin vaxtında və təhlükəsiz şəkildə lazımı ünvanlara çatdırılmasını təmin etmək\r\n- Nahar şirkət tərəfindən təmin edilir\r\n- AR əmək məcəlləsinə uyğun sənədləşmə\r\n- Əməkhaqqı: 400 AZN\r\n\r\n- Ünvan:Bakıxanov qəs.Bəşir Bünyadov küç.17A\r\n\r\n- CV-nizi mövzu yerinə “Sürücü”yazaraq hr1@mirzaoglu.az.ünvanına göndərməyiniz və ya 0554559034 nömrəsi ilə əlaqə saxlamağınız xahiş olunur','Namizədə tələblər\r\n- Yaş həddi: 30-55\r\n-\"D\" kateqoriyalı etibarlı sürücülük vəsiqəsi\r\n- İntizamlı və məsuliyyətli olmalı\r\n- Ərazi olaraq yaxın ərazidə yaşayan namizədlərə üstünlük veriləcək',55,5,'2023-02-23','Konfirom MMC','+994554559034','400','hr1@mirzaoglu.az',1,0,NULL,'2023-01-23 07:58:23','2023-01-23 07:58:33',0),(137,'KORPORATİV ERP SATIŞ MÜTƏXƏSSİSİ',8,'İş barədə məlumat\r\n- Crea Business Solutions & Consulting\r\nRestoran, otel ve mağaza idarəetmə proqramları, pərakəndə, topdan satış ve istehsalat ERP (Korporativ Resurs Planlaşdırma) sistemlərinin tətbiqi və konsaltinq xidmətləri göstərən firmamız gənc və pozitiv komandaya yeni üzvləri dəvət edir\r\n- ERP sahəsində satış təcrübəsi olan və yeni məlumatlar öyrənməyə həvəsi olan və tez öyrənən namizədlərə üstünlük verilir.\r\nİşgüzar danışıqlar aparmaq qabiliyyəti, networking anlayışı, mövcud network-lərdə işləmə, upselling, cross-selling kimi satış artıran bacarıqlar, müştərilərlə görüş təşkil etmək, yeni müştərilərə şirkətin, satdığı mal və xidmətləri haqqında məlumat verən, bu işləri punktual və peşəkar yerinə yetirən şəxsləri davət edirik\r\n- Mail izləmə, mail vasitəsi ilə təqdimatların göndərilməsi, mailin peşəkar cavablandırılması və mail ilə işləmə bacarığı olan\r\n- Müştərinin axtarış kanallarında işləmə, yeni müştərilərin cəlb olunması, bütün satış prosesinin idarə edilməsi\r\n- Verilən tapşırıqları vaxtında icra etmək, günlük, həftəlik və aylıq fəaliyyət planlamasını aparmaq, şirkət daxili proqramda qeyd etmək və işlərlə bağlı periyodik hesabat vermək\r\n- Punktual və məhsuldar işləmə bacarığı, firmanın korporativ brend dəyərinə uyğun dünya görüşünə və məlumat bazasına malik olmaq\r\n- Nəqliyyat xərcləri, bəzi komanda üzvləri üçün maşın, korporativ nömrə, telefon və kompyuter şirkət tərəfindən verilir\r\n- Nəqliyyat/Yanacaq və telefon xərcləri şirkət tərəfindən ödənilir\r\n- İş vaxtı: həftənin 6 günü\r\n- Saat 10:00-dan - 19:00-dək\r\n- Şənbə günü: saat 09:00-dan - 13:00-dək\r\n- İstirahət günləri: bazar\r\n- Nahar vaxtı: saat 13:00-dan - 14:00-dək\r\n- Ünvan: Əhməd Rəcəbli 219, MZ Plaza','Namizədə tələblər\r\n- Təhsil: Ali\r\n- Yaş: 23-35\r\n- Cins: Kişi, Qadın\r\n- Satış sahəsində geniş bacarıqlara malik olan\r\n- Səlis və aydın nitq, sistemli təqdimat bacarığı\r\n- Marketing, satış üzrə teorik və pratik biliklərə sahib olan\r\n- Şirkətin iş proseslərinə uyğun qaydada və komanda ilə işləmə bacarığı\r\n- İşinə qarşı məsuliyyətli yanaşmaq\r\n- İş prosesində müəssisə rəhbərliyinin tapşırıqlarını vaxtında və lazımi qaydada icra etmək\r\n- Əmək haqqı və Bonus\r\n- Dil bilikləri: Azərbaycan dili- səlis və anlaşılan nitq, İngilis dili və Rus dili arzuolunandır\r\n- B kateqoriyalı sürücülük vəsiqəsi olmalıdır\r\n- CV-də şəkil mütləqdir',97,5,'2023-02-23','CREA','+994123103978','1000','hr@crea.az',1,0,NULL,'2023-01-23 08:08:22','2023-01-23 08:21:14',0),(138,'RESEPŞN',13,'İş barədə məlumat\r\n- Mərkəzə gələn qonaqların qəbulu, qeydiyyatın aparılması\r\n- Telefon zənglərinin cavablandırılması\r\n- Rəhbərlik tərəfindən verilən tapşırıqların yerinə yetirilməsi\r\n\r\n- İş qrafiki:\r\n- 2 növbəli\r\n- 8 saatlıq 09:00-dan-18:00-dək\r\n- 12:00-dan - 21:00-dək\r\n- 6-cı gün – 09:00-dan - 15:00-dək\r\n- İş yeri: 28 m\r\nBenefitlər:\r\nÖdənişsiz pilates dərsindən yararlanmaq fürsəti, sınaq müddətindən sonra əmək haqqıya əlavə olaraq pul mükafatı\r\nYuxarıda qeyd olunan şərtlərə uyğu gələn namizədlər team@pilateslife.az elektron ünvanına “Reception” qeyd edərək CV-lərini (fotoşəkil ilə) göndərə bilərlər','Namizədə tələblər\r\n- Azərbaycan və Rus dilləri – sərbəst, İngilis dili (danışıq) – üstünlükdür\r\n- Ofis texnikası ilə işləmə bacarığı\r\n- Ofis proqramları üzrə (Excel, Word, 1C (üstünlükdür)\r\n- Məsuliyyətli\r\n- Səliqəli\r\n- Operativ\r\n- Punktual',98,5,'2023-02-23','PilatesLife MMC','+994514995550','500','team@pilateslife.az',1,0,NULL,'2023-01-23 08:20:30','2023-01-23 08:21:15',0),(139,'SATICI',8,'İş barədə məlumat\r\n\"Mizalle\" Türkiyə brendinin qadın geyim mağazasıdır, Fəvvarələr meydanında (Tarqovi) yerləşir.\r\n\r\n- İş saatı 8 saatdır, 10:00-dan -18:00 və 14:00-dan - 22:00-dək qrafiki ilə 2 növbədir\r\n- Əmək haqqı sabit 550 azn + satışdan bonus sistemi var.\r\n- Rəsmi əmək müqaviləsi bağlanılır və mağaza daxili qaydalara ciddi əməl edilir.\r\n- Müsahibə əsasında işə qəbul edilir\r\nMaraqlı və uyğun namizədlər baku@mizalle.com adresinə CV-lərini \"Satıcı\" başlığı ilə göndərə bilər və ya 050516266 nömrəsi ilə əlaqə saxlaya bilər','Namizədə tələblər\r\n- Xanım namizəd !\r\n- Ən az 1 il geyim mağazasında satış təcrübəsi olmalıdır\r\n- İngilis və rus dillərindən birini ən az bilməlidir\r\n- Satış və ünsiyyət qabiliyyəti, işinə məsuliyyətli yanaşılmalıdır\r\n- Xarici görkəminə diqqət yetirilməlidir',99,5,'2023-02-23','Mizalle','+994505162666','500','baku@mizalle.com',1,0,NULL,'2023-01-23 08:26:54','2023-01-23 08:27:52',0),(140,'TİBBİ NÜMAYƏNDƏ',14,'İş barədə məlumat\r\n- Ali və ya orta təhsil\r\n- Tələbə olmaması\r\n- Yaş həddi 20-35\r\n- Təqdimat aparmaq bacarığı\r\n- Məsuliyyətli və ünsiyyətcil olmaq\r\n- Çeviklik və işgüzarlıq\r\n- İş təcrübəsi önəmli deyil\r\nCV-lərinizi info@approlab.az mail adresimizə göndərə bilərsiniz\r\nƏlaqə nömrəmiz həftənin 6 günü (I-V) saat 09:00-dan 18:00-a kimi aktivdir\r\nZəhmət olmasa bu vaxt aralığında əlaqə saxlayın\r\niş görüşməsinə gələrkən klassik geyimdə olmalidir','Namizədə tələblər\r\n- Şirkətin məhsullarını tibbi müəssisələrdə və apteklərdə həkim və əczaçılara tanıtmaq\r\n- Şirkətdə verilmiş təlimatları və tapşırıqları vaxtında və dəqiq yerinə yetirmək\r\n- Stabil əmək haqqı və mükafatlar\r\n- Aylıq məvacib - 650-1500 AZN (iş təcrübəsindən, stajdan və potensialdan asılı olaraq)\r\n- 20-35 yaş arası namizədlər arsında seçim olacaq\r\n- İldə bir dəfə məzuniyyət\r\n- Karyerada yüksəliş\r\n- İldə iki dəfə maaş artımı\r\n- İş qrafiki: həftənin 6 günü 08:30-dan -18:00-dək\r\n- Əmək haqqı: Aylıq məvacib+mükafat\r\n- İş yeri: Bakı',100,5,'2023-02-23','Appro Laboratories','+994512018819','600','info@approlab.az',1,0,NULL,'2023-01-23 08:36:26','2023-01-23 08:45:14',0),(141,'SATIŞ ÜZRƏ MÜTƏXƏSSİS',8,'İş barədə məlumat\r\n- Şirkət məhsullarının satışının təşkili\r\n- Verilən tapşırıqları vaxtında və keyfiyyətlə yerinə yetirmək\r\n- Müştərilərə məhsulun keyfiyyəti, tərkibi və digər fərqləndirici xüsusiyyətləri barədə məlumat verilməsi\r\n- Rəhbərliyə görülmüş işlər barədə gündəlik hesabatların verilməsi\r\n- Şirkətin təqdim etdiyi bütün malların xüsusiyyətləri və qiymətləri haqqında tam informasiyaya sahib olmalı\r\n- Şəxsi avtomobilinin olması vacibdir\r\n- Satış strategiyası yaratmaq, inkişaf etdirmək və idarə etmək\r\n- Müştərilərlə sıx əlaqədə olmaq, onların ehtiyac və tələblərini analiz etmək\r\n- İş saatı - 09:00-dan - 18:00-dək\r\n- Əmək haqqı – Razılaşma ilə\r\n\r\nYuxarıda qeyd olunan tələblərə uyğun gələn namizədlərdən mövzu yerində “Satış üzrə mütəxəssis” qeyd edərək öz CV-lərini hr@odontos.az elektron ünvanına göndərməyi xahiş olunur','Namizədə tələblər\r\n- Yaş - 25-35\r\n- Yalnız kişi namizədlər !\r\n- Səlis Azərbaycan dilini bilməsi (əlavə olaraq rus dili bilənlərə üstünlük verilir)\r\n- Xoş və səliqəli zahiri görünüş\r\n- Yüksək danışıq qabiliyyəti, fikirini aydın izah etmə və aktiv satış bacarığı\r\n- Səbrli və nəzakətli\r\n- İşgüzar və hədəf yönlü\r\n- Gərgin mühit və qrafikdə səmərəli işləmə bacarığı\r\n- Məsuliyyətli, dürüst və ünsiyyət qurma bacarığı, alıcılara nəzakətli rəftar\r\n- Kollektiv ilə işləmə bacarığı',101,5,'2023-02-23','Odontos LTD','+994552258334','600','hr@odontos.az',1,0,NULL,'2023-01-23 08:44:59','2023-01-23 08:45:15',0),(142,'MÜŞTƏRİ XİDMƏTLƏRİ ÜZRƏ MÜTƏXƏSSİS',7,'İş barədə məlumat\r\n- Şirkət daxili nizam intizam qaydalarına əməl edilməsi\r\n- Telefon zənglərinin cavablandırılması\r\n- Xidmətlər və şirkət haqqında dolğun və ətraflı məlumatın verilməsi\r\n- Müştərilərin şikayət, təklif və tövsiyyələrini dinləmək və müvafiq şəxsə yönləndirmək Bölmə üzrə rəhbərin göstərişlərinin yerinə yetirilməsi\r\n- İş rejimi: 10:00-dan - 19:00-dək\r\n- Şənbə: qısa iş günüdür\r\n\r\nYuxarıda qeyd edilən tələblərə uyğun olan namizədlər öz CV-lərini hr@colibri.az elektron ünvana mövzu yerinə “Müştəri xidmətləri üzrə mütəxəssis” yazaraq göndərməkləri xahiş olunur','Namizədə tələblər\r\n- Təhsil: Ali təhsilli\r\n- İş təcrübəsi: 1 ildən çox\r\n- Dil biliyi: Azərbaycan və Rus dillərini səlis, İngilis dilini orta bilməli\r\n- Səlis və aydın nitq qabiliyyəti\r\n- Müştərilərlə ünsiyyət qurmağı bacarmalı\r\n- Kollektivlə işləmə bacarığı\r\n- Emosiyalarını idarə edə bilməli\r\n- Stressə davamlı olmalı',102,5,'2023-02-23','Colibri Express MMC','+994123103939','600','hr@colibri.az',1,0,NULL,'2023-01-23 08:51:36','2023-01-23 08:51:44',0),(143,'TUR MENECERİ',15,'İş barədə məlumat\r\n- Həftə içi 09:00-dan - 18:00-dək\r\n- Şənbə günü saat 9:00-dan - 16:00-dək\r\n- İstirahət günü - Bazar günü\r\n- Əmək haqqı namizədin təcrübəsinə, bilik və bacarıqlarına əsasən təyin olunur. (350/ 400azn +bonus)\r\n- Həmçinin bilik və bacarıqlarına əsasən 1 ay sinaq müddəti təyin olunacaq (ödənişli)\r\n- Ünvan Nizami m.','Namizədə tələblər\r\n- AMADEUS və ya GALELEO sertifikatı (mütləq!)\r\n- Aviabiletlərin müvafiq sistem üzərindən bronlaşdırılması və satışı\r\n- Xarıcı və daxili tur paketlərin hazırlanması (tur bronlaşdırma sistemlərini bilmək.\r\n- Müştərilərdən gələn sorğuların vaxtında və işgüzar formada cavablandırılması\r\n- Rus dili (mütləq) iglis dili (arzuolunan)\r\n- Səlis danışıq bacarığina malik olmaq\r\n- Məsuliyyətli və diqqətli olmaq\r\n- Aktiv,enerjili,və ən əsası bu sahə üzrə işləməyə həvəsli olmaq',103,5,'2023-02-23','Fenix Travel Agency','+994703440744','300','fenixtravelbaku@gmail.com',1,0,NULL,'2023-01-23 09:09:30','2023-01-23 09:09:45',0),(144,'SATIŞ ÜZRƏ MÜTƏXƏSSİS',8,'İş barədə məlumat\r\n- Bazarın araşdırılması\r\n- Yeni müştərilərin aşkar edilməsi və müştərilərlə yeni biznes münasibətlərinin qurulması\r\n- Müştəri bazasının formalaşdırılması\r\n- Şirkətin satış həcminin artırılmasına dəstək\r\n- Korporativ müştərilər ilə mütəmadi görüşlərin keçirilməsi\r\n- Yüksək səviyyədə müştəri xidmətinin təmin olunması\r\n- Gündəlik hesabatların hazırlanıb rəhbərliyə təqdim olunması\r\n- Rəhbərliyin verdiyi tapşırıqlarının vaxtında və düzgün yerinə yetirilməsi\r\n- Həftə içi 5 gün saat 09:00-dan - 18:30-dək','Namizədə tələblər\r\n- Ali təhsil\r\n- Azərbaycan və rus dillərində yüksək səviyyədə danışıq qabiliyyəti\r\n- Müvafiq vəzifə üzrə minimum 1-3 il təcrübə\r\n- Microsoft Ofis proqramları biliyi\r\n- Ünsiyyət və analitik düşünmə,liderlik, analiz etmə bacarığı\r\n- Dürüstlük və kollektivdə işləmə bacarığı',104,5,'2023-02-23','Smile MMC','+994125054838','500','xayala@smile-az.com',1,0,NULL,'2023-01-23 09:17:32','2023-01-23 09:17:41',0),(145,'SATIŞ ÜZRƏ TƏMSİLÇİ',8,'İş barədə məlumat\r\n- İstənilən printer üçün kartriclərin satışını həyata keçirmək\r\n- Şirkət tərəfindən müəyyən edilmiş korporativ satış planını həyata keçirmək\r\n- Mövcud müştərilərlə əlaqələri qoruyub saxlamaq, tərəfdaşlıq əlaqələrini inkişaf etdirmək\r\n- 6 günlük iş qrafiki (bazar günü istirahət)\r\n- Maaş: Razılaşma\r\n\r\nMaraqlanan şəxslər öz \"CV\"lərini info@besttech.az mail adresinə \"Satış üzrə təmsilçi\" başlığı ilə göndərə bilər','Namizədə tələblər\r\n- Kartriclər və Printerlər haqqında geniş məlumata sahib olmaq\r\n- Səlis və aydın nitq\r\n- Yüksək ünsiyyət bacarığı\r\n- Müştərilərlə işləyə bilmək\r\n- Punktuallıq\r\n- Vaxtı düzgün şəkildə idarə edə bilmək\r\n- Sahə üzrə minimum 3 illik təcrübə',105,5,'2023-02-23','Best Tech MMC','+994702551538','800','info@besttech.az',1,0,NULL,'2023-01-23 09:28:18','2023-01-23 10:26:15',0),(146,'MEBEL ÜZRƏ DİZAYNER',9,'İş barədə məlumat\r\n- İşçi layihə planının Autocad proqramında hazırlanması\r\n- Ölçülərin düzgün qeyd edilməsi və istehsalata layihənin təqdim edilməsi\r\n- Müştəri tərəfindən seçilən model və nümunələrə əsasən cədvəl tərtib edilməsi,\r\n- Müştəri ilə bağlanan müqavilənin ilk günündən işin təhvil verilməsi prosesinə qədər icraya nəzarətin edilməsi\r\n\r\n- İş qrafiki: bazar ertəsi- cümə 09:00-dan - 18:00-dək\r\n- Şənbə 10:00-dan -16:00-dək\r\n- Fabrik Binəqədidə yerləşir\r\n\r\nGöstərilən tələblərə cavab verən namizədlərdən Azərbaycan dilində tərtib edilmiş CV-lərini mövzu (subject) hissəsinə “Mebel dizayneri\" adını qeyd edərək eldar@eld-art.az ünvana göndərmələri xahiş olunur','Namizədə tələblər\r\n- Kompüter bilikləri: Autocad, Excell\r\n- Dil bilikləri: Azərbaycan dili; digər dil bilikləri əlavə üstünlük hesab olunur\r\n- İş təcrübəsi: Mebel istehsalı sahəsində 2 ildən az olmayaraq iş stajı\r\n- Punktual və ünsiyyətcil olması\r\n- Mebel istehsalının texniki tələblərini və mebel normativlərini bilməsi\r\n- Müştəri ilə işləmə qabiliyyəti',106,5,'2023-02-23','Eld-Art','+994125613304','700','eldar@eld-art.az',1,0,NULL,'2023-01-23 09:34:50','2023-01-23 10:26:18',0),(147,'OPERATOR',13,'İş barədə məlumat\r\nÖhdəliklər:\r\n- Müştərilərdən daxil olan telefon zənglərinə cavab vermək\r\n- Müştərilərə operativ və keyfiyyətli xidmət göstərilməsini təmin etmək\r\n- Səbirli olmalı, müştərilərdən sifarişi tam ətraflı götürməli və bütün sualları cavablandırmalıdır\r\n- İşində məsuliyyətli, ciddi, danışıq diksiyası normal olmalı\r\n- Müştəri şikayətlərinə baxılması, müştəri məmnuniyyətini təmin etmək üçün lazımi tədbirlərin həyata keçirilməsi\r\n\r\nİş Şərtləri:\r\n\r\n- Ə/H + Bonus\r\n- 6 günlük iş həftəsi\r\n- Növbəli iş rejimi\r\n- İş yeri şəhərin mərkəzində yerləşir\r\n- İşə qəbul tam rəsmi əmək qanunvericiliyinə uyğun olaraq həyata kecirilir\r\n\r\nQeyd olunan tələblərə cavab verən namizədlər öz ərizə formalarını (CV) “Operator” mövzusu altında hr@papajohns.az elekton ünvanına göndərə bilərlər','Namizədə tələblər\r\nPapa John’s Azərbaycan, tanınmış Amerika brendi olan, “Daha yaxşı inqrediyentlər daha yaxşı pizza” şüarı ilə addımlayan, pizza restoranlar şəbəkəsi Çağrı mərkəzi üçün “Operator” vakansiyasını elan edir:\r\n\r\nTələblər:\r\nRus dili biliyi yaxşı, İngilis dili arzuolunandır\r\nƏla ünsiyyət bacarıqları\r\nMürəkkəb məsələləri həll etmək bacarığı\r\nKomandada işləmək bacarığı, məsuliyyət, təşkilatçılıq, sərbəstlik və özünü inkişaf etdirməyə meylli\r\nXanım namizədlərə üstünlük verilir!',107,5,'2023-02-23','Papa John\'s Azerbaijan','+994502294277','300','hr@papajohns.az',1,0,NULL,'2023-01-23 09:48:05','2023-01-23 10:26:20',0),(148,'SÜRÜCÜ',13,'İş barədə məlumatDəftərxana və ofis ləvazimatları, təsərrüfat-məişət mallarının korporativ satışını həyata keçirən Antaris QSC-də ANbar-Çatdırılma şöbəsinə sürücü vakansiyası açıq elan olub.\r\nİş rejimi 6 gün.  gün tam, şənbə natamam.\r\nŞəxsi avtomobilin olması şərtdir.\r\nMinik avtomobili olarsa 600 AZN maaş\r\nFord Tranzit olarsa əmək haqqı 800 AZN.','Namizəd üçün tələblər\r\nTəhsil - önəmli deyil;Ölkə ərazisindəki magistral yolları tanımaq;Azərbaycan dilində səlis mədəni ünsiyyət və davranış qabiliyyəti, mədəniyyət, cəld qərar vermək və fəallıq;Yüksək məsuliyyət, diqqətli olmaq, dəqiqlik, dürüstlük və kollektivdə işləmə bacarığı olmalı.',108,5,'2023-02-23','Antaris MMC','+994704401343','600','info@antaris.az',1,0,NULL,'2023-01-23 10:03:29','2023-01-23 10:26:21',0),(149,'Barmen',13,'İş barədə məlumat- Qonaqlara yüksək səviyyədə xidmət göstərmək;- Alkoqol və digər içki/kokteyllər hazırlamaq;- Müştərilərə içki seçimində yardım etmək;- Təhlükəsiz bir şəkildə işləmək, bütün sağlamlıq və təhlükəsizlik qaydalarına riayət etmək;- Gündəlik tələblərin qarşılanması və hər zaman yetərli qədər stoku təmin etmək;- İçkilərin müvafiq qaydada, lazımi qablarda, normativlərə və ya tələb olunan temperaturlara   uyğun hazırlanması, bəzənməsi və verilməsi;','Namizəd üçün tələblər- Müvafiq sahə üzrıə iş təcrübəsi;- Ünsiyyətcil, təmizkarlıq, gülərüzlülük, pozitivlik kimi müsbət keyfiyyətlərə sahib olmaq;- İş vaxtı təmiz və nizamlı görünmək;- Müştərilərə diqqətli və səbrli davranış sərgiləmək;- Yüksək işgüzarlıq qabiliyyəti və kollektivlə işləmək bacarığı;',109,5,'2023-02-23','Manzara','+994103160001','500','manzarabaku@gmail.com',1,0,NULL,'2023-01-23 10:11:49','2023-01-23 10:26:24',0),(150,'Ofisiant',13,'İş barədə məlumat- Qonaqlardan sifarişləri diqqət və nəzakətlə qəbul etmək;- Yemək və içkiləri müəyyən edilmiş standartlara müvafiq olaraq təqdim etmək;- Menyunu yaxşı bilmək və gələn qonaqlara hər hansı bir yemək barəsində dolğun məlumat vermək;- Müəyyən standartlara uyğun olaraq ümumi ərazinin qaydasında olmasını və təmizliyini təmin     etmək;','Namizəd üçün tələblər- Müvafiq sahə üzrə iş təcrübəsi;- Ünsiyyətcil, təmizkarlıq, gülərüzlülük, pozitivlik kimi müsbət keyfiyyətlərə sahib olmaq;- İş vaxtı təmiz və nizamlı görünmək;- İşə məsuliyyətli yanaşma;- Yüksək işgüzarlıq qabiliyyəti və kollektivlə işləmək bacarığı;',109,5,'2023-02-23','Manzara','+994103160001','500','manzarabaku@gmail.com',1,0,NULL,'2023-01-23 10:13:27','2023-01-23 10:26:26',0),(151,'Hostess',13,'İş barədə məlumat- Müştəriləri qarşılamaq və masalara yönləndirmək;- Telefon zənglərinə cavab vermək ,rezervasiyaları qəbul etmək;- Qonaqların təklif və şikayətləri ilə maraqlanmaq, həmkarlarını bu barədə məlumatlandırmaq;- Yüksək işgüzarlıq qabiliyyəti və kollektivlə işləmək bacarığı;','Namizəd üçün tələblər- Sahə üzrə iş təcrübəsi;- Xarici dil biliyi;- Yüksək keyfiyyətli müştəri xidmətini həyata keçirmək;- Ünsiyyətcil, təmizkarlıq, gülərüzlülük, pozitivlik kimi müsbət keyfiyyətlərə sahib olmaq;- İş vaxtı təmiz və nizamlı görünmək;',109,5,'2023-02-23','Manzara','+994103160001','500','manzarabaku@gmail.com',1,0,NULL,'2023-01-23 10:14:54','2023-01-23 10:26:27',0),(152,'Ofis əməliyyatları üzrə menecer',7,'İş saatı 10:30-dan-19:30-dək\r\nElektron platformada imtahanların təşkili\r\nHesabatların hazılanması\r\nOnline satış prosesinin təşkili\r\nTələbələrin dərslərinin təşkili ilə bağlı gündəlik fəaliyyət','Kollektivlə işləmək bacarığı\r\nKompüter bilikləri: Ofis proqramları - Word, Excel\r\nSəlis ünsiyyət bacarığı, dürüst, çevik, məsuliyyətli olmaq\r\nSosial media ilə tanışlıq\r\nİş təcrübəsi olanlara üstünlük verilir',110,5,'2023-02-23','Lib education','+994552384002','400','info@lib-school.az',1,0,NULL,'2023-01-23 10:26:00','2023-01-23 10:26:29',0),(153,'SMM üzrə mütəxəssis',5,'Planlaşdırılmış rəqəmsal marketinq büdcəsinin idarə edilməsi və hər bir yerləşdirmə kanalları (Ödənişli media, mobil, sosial və SEO) üzrə maksimal effektivliyin əldə edilməsinə nəzarət etmək;\r\nSosial şəbəkələrdə marketinq büdcəsinə əsasən reklam kampaniyaları yerləşdirmək və izləmək;\r\nƏn yeni və səmərəli SEO təcrübələrini analiz və tətbiq etmək;\r\nA/B testinq və bənzər alətlərdən istifadə edib müştəri seqmentləri və kanalların effektivliyini təhlil etmək;\r\nKampaniyaların effektivliyini izləmək, əsas göstəricilərini və KPI-ları müəyyənləşdirib, təhlil etmək və təkmilləşdirmə sahələrini müəyyən etmək;\r\nMəhsul və xidmətlərin istifadəçilərinin artımını təmin etmək üçün yeni rəqəmsal kanalları sınaqdan keçirmək;\r\nŞirkət fəaliyyətinin sosial media platformalarında (Instagram, Facebook, Linkedin, YouTube, və s.) aktuallığını təmin etmək;\r\nKampaniyaların nəticələrini və effektivliyini təhlil etmək və rəqəmsal marketinq portfeli üzrə aylıq hesabatlar yaratmaq.\r\nƏmək haqqı: 800 AZN;\r\nİş qrafiki: 5 günlük, 08:30 – 17:30;\r\nİş yeri: Binəqədi rayonu, Mədən küçəsi 4, “Neptun” marketlə üzbəüz;\r\nServis xidməti;','Müvafiq sahədə ən azı 2 il iş təcrübəsi;\r\nSəlis Azərbaycan dili biliyi;\r\nYenilikləri və trendləri izləməli;\r\nSosial şəbəkələrlə işin aspektləri üzrə biliklər;\r\nInstagram, Facebook, Linkedin şəbəkələrinin idarə olunması və reklam yerləşdirmə proseslərini bilməli.',111,5,'2023-02-23','Grand Motors MMC','+994124041414','800','info@grandmotors.az',1,0,NULL,'2023-01-23 10:36:45','2023-01-23 10:36:56',0),(154,'Müqavilələr üzrə aparıcı mütəxəssis',13,'Müqavilələrlə iş üzrə istənilən sənədin (müqavilə, məktub, dəyişiklik, aktlar, əlavə, protokol və s.) layihəsinin hazırlanması, razılaşdırılması və qeydiyyat sisteminin aparılması;\r\n\r\nMüqavilələrin ekspertizası, müqavilələrə rəy verilməsi;Kontragentlərlə müqavilə və kommersiya şərtləri ilə bağlı danışıqların aparılması;\r\n\r\nMüqavilələrə dəyişiklik və digər prioritet məsələlərlə bağlı departament rəhbərliyinə təkliflərin verilməsi və ya riskli şərtlərin rədd edilməsi barədə tövsiyələrin verilməsi və bu sahədə işin təşkili;','Ali təhsil (Hüquq, Beynəlxalq hüquq);\r\n\r\nBundan əvvəl oxşar sahədə ən azı 1-3 il iş təcrübəsi;\r\n\r\nAlqı-satqı, Təchizat, Podrat, Daşıma, Ekspedisiya və digər növ müqavilələrin hazırlanması sahəsində təcrübə üstünlükdür;\r\n\r\nMüqavilələr və Korporativ hüquq sahəsində təcrübə üstünlükdür;\r\n\r\nRus, İngilis və Azərbaycan dillərini mükəmməl bilməsi tələb olunur;',112,5,'2023-02-23','MatanatA','+994502086695','1000','Hr@matanata.com',1,0,NULL,'2023-01-23 10:49:35','2023-01-23 10:56:06',0),(155,'Hüquq şöbə müdiri',10,'Şöbənin fəaliyyətinin təşkil edilməsi və ona rəhbərlik edilməsi;\r\n\r\nTəşkilatın bütün işgüzar siyasət və fəaliyyətinin müvafiq qanunvericiliyə uyğunluğunun təmin edilməsi;\r\n\r\nMülki, maliyyə, vergi, əmək və başqa sahələr üzrə qanunvericiliyin təhlili və tətbiqinə nəzarətin həyata keçirilməsi;\r\n\r\nMüvafiq əsasnamə, qayda, təlimat, əmr, protokol və hüquqi rəy tələb olunan digər sənədlərin qanunvericiliyə uyğunluğunun yoxlanması;\r\n\r\nHüquqi məsələlər üzrə dövlət orqanları ilə qarşılıqlı münasibətlərin təşkil olunması, müvafiq müraciətlərə hüquqi rəyin verilməsi;\r\n\r\nYaranan mübahisələrin məhkəməyə qədər (pretenziya) qaydada nizama salınmasına dair tədbirlərin görülməsi üçün təkliflərin verilməsi;\r\n\r\nMəhkəmə və icraat işlərinin hüquqi təminatına nəzarətin həyata keçirilməsi;\r\n\r\nMəhkəmədə irəli sürülən iddialarla bağlı qərarların icrasının təmin edilməsi məqsədilə müvafiq tədbirlərin görülməsinə nəzarətin həyata keçirilməsi;\r\n\r\nŞöbənin fəaliyyəti ilə bağlı daxili qaydalarının hazırlanması;\r\n\r\nŞirkət rəhbərliyinə hesabatlar vermək;','Təhsil: Ali (hüquq sahəsi üzrə) ;\r\n\r\nHüquq sahəsində 5 ildən yuxarı iş təcrübəsi, o cümlədən 2 ildən yuxarı idarəetmə təcrübəsi;\r\n\r\nHüquqi aspektlərlə bağlı problemləri müəyyən etmək və mümkün həll yollarını tapmaq bacarığı;\r\n\r\nMicrosoft Office proqramlarında (Word, Excel, Power Point, Access) işləmək bacarığı;\r\n\r\nYaxşı ünsiyyət və komanda ilə işləmək bacarığı;\r\n\r\nİşdə dəqiqlik və detallara fikir vermək qabiliyyəti;\r\n\r\nDil bilikləri: Azərbaycan və İngilis dili (Rus dili arzuolunandır);\r\n\r\nKompüter bilikləri: Ofis proqramları (MS Word, Excel, PowerPoint,Outlook) ilə sərbəst işləmək bacarığı;',112,5,'2023-02-23','MatanatA','+994124041434','500','Hr@matanata.com',1,0,NULL,'2023-01-23 10:53:44','2023-01-23 10:56:07',0),(156,'Aparıcı hüquqşünas',10,'Hüquqi sənədlərin hazırlanması və rəsmiləşdirilməsi;\r\n\r\nƏmtəə nişanlarının qeydiyyata alınması və müddətinin uzadılması;\r\n\r\nMəhkəmə və digər dövlət orqanlarına sənədlərin hazırlanıb təqdim edilməs;\r\n\r\nMəhkəmədə və digər dövlət orqanlarında şirkətin maraqlarının qorunması və təmsili;\r\n\r\nEtibarnamələrin hazırlanması;\r\n\r\nNotarius işlərinin təşkili və sənədlərin təsdiqi;\r\n\r\nTəsis sənədlərində dəyişikliklərin qeydiyyata alınması ilə bağlı işlərin icrası;\r\n\r\nViza və miqrasiya məsələlərinin təşkili;\r\n\r\nDaxil olan sorğuların cavablandırılması;\r\n\r\nStruktur bölmələrin iş fəaliyyətində ortaya çıxan hüquqi məsələlərinin qanunvericilik çərçivəsində həlli;\r\n\r\nƏməklə bağlı mübahisələrə və əmək müqavilələrinin təyinatına aid konsultasiya dəstəyini vermək;\r\n\r\nMülki, Mülki - prosessual, cinayət, cinayət-prosessual, inzibati xətalar, əmək qanunvericiliyi ilə işləməyi bacarmaq;\r\n\r\nMüqavilələrin hazırlanması və ekspertizası;','Təhsil: Ali (hüquq sahəsi üzrə)\r\n\r\nİş təcrübəsi: müvafiq sahə üzrə ən azı 5 il;\r\n\r\nDil bilikləri: Azərbaycan və İngilis dili (Rus dili arzuolunandır) ;\r\n\r\nKompüter bilikləri: Ofis proqramları (MS Word, Excel, PowerPoint,Outlook) ilə sərbəst işləmək bacarığı;',112,5,'2023-02-23','MatanatA','+994124041434','1800','Hr@matanata.com',1,0,NULL,'2023-01-23 10:55:55','2023-01-23 10:56:10',0),(157,'Специалист по работе с клиентами',13,'- Разработать план действий по повышению уровня обслуживания компании и удовлетворенности клиентов\r\n\r\n- Время работы 6 дней в неделю ,10:00 -19:00\r\n\r\n- Заработная плата – от 1000 азн','- Женщина, возраст от 25 лет\r\n\r\n- Опыт работы с клиентами\r\n\r\n- Грамотная и четкая речь, способность понятно выражать свои мысли\r\n\r\n- Опыт на соответствующей позиции минимум 3 года\r\n\r\n- Умение управлять',14,5,'2023-02-23','Asthetiklab','+994555129090','1000','asthetikrecruiting@gmail.com',1,0,NULL,'2023-01-23 11:04:39','2023-01-23 11:07:10',0),(158,'Медсестра в косметологии',14,'ысокая способность в общение с пациентами\r\n\r\nБыть точным и ответственным в своей работе\r\n\r\nКомфортно оборудованное рабочее место Официальное оформление\r\n\r\nСвоевременные выплаты\r\n\r\nПроводится испытательный срок 3 дня и обучают аппаратной косметологии· Режим работы 09: 30-19: 30 6 дней в неделю(1 выходной) Зарплата 500+ процентов\r\n\r\nМы являемся профессиональным экспертом в области beauty-индустрии свыше десяти лет. В клинике применяются новейшие проверенные технологии омоложения, безоперационного лифтинга, трихологии и другие услуги эстетической косметологии','- среднее профессиональное образование по специальности сестринское дело, действующий сертификат\r\n\r\n- опрятный внешний вид, вежливость в общении с коллегами\r\n\r\nопыт работы в частных клиниках приветствуется! ( если нет опыта в клиниках косметологии, проводим обучение).\r\n\r\nЗаинтересованность в сфере косметологии\r\n\r\nЗнание языков:Азербайджанский, русский\r\n\r\nДевушка (Возраст 22-35) ·',14,5,'2023-02-23','Asthetiklab','+994554571717','500','asthetiklab.baku@gmail.com',1,0,NULL,'2023-01-23 11:07:01','2023-01-23 11:07:12',0),(159,'Менеджер по работе с клиентами',13,'- Консультирование пациентов, презентация продуктов и услуг (проведение рекламной процедуры)\r\n\r\n- Комфортное оборудованное рабочее место\r\n\r\n- Официальное оформление\r\n\r\n- Своевременные выплаты\r\n\r\n- Работа в стабильной, динамично развивающейся компании\r\n\r\n- Возможность карьерного и профессионального роста внутри нашей компании\r\n\r\n- Заработная плата от 500 -1000 манат\r\n\r\n- График работы, 6 дней 1 выходной ( любой удобный день кроме субботы )\r\n\r\n- Время работы с 9.30 до 20.00\r\n\r\n- Тип занятости: полная занятость, полный день\r\n\r\n- Проводится обучение\r\n\r\n- Испытательный срок 3 дня','Менеджер по работе с клиентамиAsthetik Lab BakuAdministrativeTəsviri\r\n- Консультирование пациентов, презентация продуктов и услуг (проведение рекламной процедуры)\r\n\r\n- Комфортное оборудованное рабочее место\r\n\r\n- Официальное оформление\r\n\r\n- Своевременные выплаты\r\n\r\n- Работа в стабильной, динамично развивающейся компании\r\n\r\n- Возможность карьерного и профессионального роста внутри нашей компании\r\n\r\n- Заработная плата от 500 -1000 манат\r\n\r\n- График работы, 6 дней 1 выходной ( любой удобный день кроме субботы )\r\n\r\n- Время работы с 9.30 до 20.00\r\n\r\n- Тип занятости: полная занятость, полный день\r\n\r\n- Проводится обучение\r\n\r\n- Испытательный срок 3 дня\r\n\r\nTələblər\r\n- Девушка от 22 лет ,грамотная разговорная речь\r\n\r\n- Внимательность и доброжелательность\r\n\r\n- Заинтересованность в сфере косметологии\r\n\r\n- Отличная память\r\n\r\n- Презентабельный внешний вид.\r\n\r\n- Знание русского и азербайджанского языков\r\n\r\nЕсли вы соответствуете выше указанным минимальным\r\n\r\nтребования хотите работать в растущей международной компании ,карьерно расти и развиваться запишитесь на собеседование.\r\n\r\nCV рассматриваются только с фотографией кандидата',14,5,'2023-02-23','Asthetiklab','+994554571717','500','asthetiklab.baku@gmail.com',1,0,NULL,'2023-01-23 11:13:23','2023-01-23 11:13:44',0),(160,'Həkim kosmetoloq',14,'Aparat kosmetologiyası sahəsində işləmək üçün kosmetoloqlar axtarırıq. Təcrübə tələb olunmur.\r\nBiz ən son cihazlar - Harmony XL PRO Callegari Soft Plus , RF-Lifting, Jet Peel, Oxygeneo, Foto Oxygen , Hydra facial , Face Roller , 7 D Ultraformer Hifu Smas Lifting , Careveam , Thermage, Microneedle RF, Fraxel üzrə təlimlər təqdim edirik. və s.','Высшее Медицинское Образование\r\n\r\nВозрастное ограничение 24-45\r\n\r\nЗнание русского и азербайджанского языков\r\n\r\nГрафик работы с 09:30 до 19:30\r\n\r\nВ неделю один раз выходной\r\n\r\nТип занятости: полная занятость, полный день\r\n\r\nAппаратная косметология;\r\n\r\nУходовые процедуры;\r\n\r\nЕсть обучение\r\n\r\nОгромная клиентская база\r\n\r\nДружный коллектив, грамотное и порядочное руководство.\r\n\r\nОборудованные кабинеты\r\n\r\nПостоянные обучения врачей\r\n\r\nДля нас важно:\r\n\r\nOтветственный подход к работе, честность, дружелюбие, умение и желание коммуницировать с клиентом, вежливость, желание постоянно учиться, умение предлагать товары и услуги, четкое исполнение требований санитарно-гигиенических норм, внимательное отношение к дезинфекции и стерилизации.',14,5,'2023-02-23','Asthetiklab','+994554571717','700','asthetiklab.baku@gmail.com',1,0,NULL,'2023-01-23 11:16:08','2023-01-23 11:50:44',0),(161,'B2B Satış Mütəxəssisi',8,'Vəzifə öhdəlikləri:\r\n\r\n• Şirkət məhsullarının korporativ satışının təşkili,\r\n\r\n• Müştərilərə məhsulun keyfiyyəti, tərkibi və digər fərqləndirici xüsusiyyətləri barədə məlumat verilməsi,\r\n\r\n• Rəhbərliyə görülmüş işlər barədə hesabatların verilməsi,\r\n\r\n• Şirkətin təqdim etdiyi bütün malların xüsusiyyətləri və qiymətləri haqqında tam informasiyaya sahib olmalı,\r\n\r\n• Müştərilərlə sıx əlaqədə olmaq, onların ehtiyac və tələblərini analiz etmək.\r\n\r\n \r\n\r\nİş qrafiki:\r\n\r\n• İş vaxtı: Həftə içi 5 gün 09:00–dan 18:00 dək;\r\n\r\n• Əməkhaqqı: 1000 AZN + Bonus (KPİ),\r\n\r\n• Nahar şirkət tərəfindən qarşılanır,\r\n\r\n• Korporativ nömrə,\r\n\r\n• Ünvan: Bakı şəh, Ziya Bünyadov 13','• Ali təhsil,\r\n\r\n• Korporativ satış üzrə minimum 2-3 il təcrübə,\r\n\r\n• Əsas tələb: şəxsi avtomobil (amortizasiya xərcləri qarşılanır),\r\n\r\n• Yüksək rus və ya ingilis dili biliyi,\r\n\r\n• Standart kompüter bacarıqları (Word, Excel, Outlook, PPT),\r\n\r\n• Danışıqlar aparma qabiliyyəti,\r\n\r\n• Təqdimat hazırlama və təqdimat keçmək bacarığı,\r\n\r\n• Fəaliyyət sahəsi üzrə özünü inkişaf və araşdırma yönümlü olmaq.',113,5,'2023-02-24','Başak Group MMC','+994508881888','1000','hr@bashakgroup.az',1,0,NULL,'2023-01-24 03:56:13','2023-01-24 04:02:21',0),(162,'Satış mütəxəssisi (dağıtım)',8,'İş şəraiti:\r\n\r\n• İş vaxtı: Həftə içi 5 gün 09:00–dan 18:00 dək; şənbə yarı iş rejimi,\r\n\r\n• Əməkhaqqı: 700 - 1000 AZN (namizədin bilik və bacarığına əsasən) + Bonus,\r\n\r\n• Nahar şirkət tərəfindən qarşılanır,\r\n\r\n• Korporativ nömrə,\r\n\r\n• Ünvan: Ziya Bünyadov pr.13.\r\n\r\n \r\n\r\nÖhtəliklər:\r\n\r\n• Aylıq satış hədəflərinə çatmaq,\r\n\r\n• Müəyyən edilmiş ərazi üzrə müştəri ziyarətləri və sifarişlərin alınması,\r\n\r\n• Dağıtım standartlarının satış nöqtələrindən icraatı.','• Ali təhsil,\r\n\r\n• Satış üzrə 2-3 il təcrübə (yalnız dağıtım-satış təcrübəsi olan namizədlərin cv formaları dəyərləndiriləcək),\r\n\r\n• Əsas tələb: şəxsi avtomobil (amortizasiya xərcləri qarşılanır),\r\n\r\n• Rus dili biliyi (arzuolunan),\r\n\r\n• Standart kompüter bacarıqları (Word, Excel, Outlook, PPT),\r\n\r\n• 23-30 yaş aralğı.',113,5,'2023-02-24','Başak Group MMC','+994508881888','700','hr@bashakgroup.az',1,0,NULL,'2023-01-24 04:00:14','2023-01-24 04:02:22',0),(163,'Satış təmsilçisi (mağaza)',8,'Öhtəliklər:\r\n- Şirkət Məhsularının satışının təşkil edilməsi,\r\n- Mağazaya daxil olan müştərilərə məhsulun keyfiyyəti, tərkibi və digər xüsusiyyətləri barədə məlumatın verilməsi,\r\n- Müştərilərlə daim əlaqədə olması, onların ehtiyac və tələblərinin analiz edilməsi,\r\n- Mağazalarda məhsulun düzülüşünə, səliqəli şəkildə görünməsinin təşkil edilməsi,\r\n- Görülən işlərin hesabatını bir başa rəhbərinə düzgün təqdim edilməsi,\r\n- Rəhbərliyin göstərilən vəzifə üzrə digər tapşırıqlarının həyata keçirilməsi.\r\n\r\n\r\nİş şəraiti:\r\n• İş vaxtı: Həftə içi 6 gün 09:00–dan 18:00 dək;\r\n• Əməkhaqqı: 600-700 AZN + Bonus (KPİ),\r\n• Nahar şirkət tərəfindən qarşılanır,\r\n• Korporativ nömrə,\r\n• Ünvan: Dərnəgül şossesi, Ziya Bünyadov pr 3105.','• Ali təhsil,\r\n• Mövcud sahə üzrə minimum 2-3 il təcrübə,\r\n• Danışıqlar aparma qabiliyyəti,\r\n• Rus dili biliyi (əsasdır),\r\n• 23-30 yaş aralğı.',113,5,'2023-02-24','Başak Group MMC','+994508881888','600','hr@bashakgroup.az',1,0,NULL,'2023-01-24 04:01:52','2023-01-24 04:02:23',0),(164,'Anbardar',13,'- Malların qəbulunun planlaşdırılması və uçotunun aparılması;\r\n\r\n- Anbara daxil olan malların qəbulu, uçotu və çıxarılması işlərini yerinə yetirmək;\r\n\r\n- Malların qəbulunun planlaşdırılması və uçotunun aparılması;\r\n\r\n- Anbardaxili əməliyyatlarının gündəlik uçotunun təşkili;\r\n\r\n- Mal və materialların inventar üzrə qeydiyyatını aparmaq;\r\n\r\n- Anbarlarda olan malların standartlara uyğun yığım və düzülüş qaydalarına nəzarət etmək;\r\n\r\n- Anbarlara boşalan malların satış üçün yararlılığını yoxlamaq və rəhbərliyə məlumat vermək;\r\n\r\n- Anbar qalıqlarının qeydiyyatını aparmaq ;\r\n\r\n- Anbarda məhsulların çeşid və kateqoriya üzrə düzgün qaydada sənədləşdirərək qeydiyyata almaq;\r\n\r\n- İş qrafiki : 6 günlük;\r\n\r\n- İş saataları 09:00-18:00 qədər ;\r\n\r\n- Maaş :700 - 900 azn.( maaş namizədin bilik və bacarıqlarına görə təyin olunacaq ).','- Təhsil : Ali.\r\n- İş təcrübəsi : 2 ildən 3 ilə qədər.\r\n- Yaş : 25 – 40.\r\n- Cins : Kişi.\r\n- Əlavə: 1C, MS Office.\r\n- Dil biliyi : azərbaycan dili, rus dili (arzu olunandır).',114,5,'2023-02-24','VMF company','+994512773032','700','hr.office@vmf.az',1,0,NULL,'2023-01-24 04:16:32','2023-01-24 04:18:32',0),(165,'1 C Operatoru',13,'İş barədə məlumat :\r\n\r\nAnbar əməliyyatlarının 1C sisteminə daxil edilməsi\r\n\r\nRəhbərliyin digər tapşırıqlarını vaxtında yerinə yetirilməsi\r\n\r\nİş şəraiti:\r\n\r\nİş qrafiki : Həftənin 6 günü, bazar günü istirahət .\r\n\r\nİş saatları : 09:00-18:00 qədər .\r\n\r\nƏmək haqqı: 500 - 600 azn ( əmək haqqı namizədin bilik və bacarıqlarına görə təyin olunacaq ) .\r\n\r\nQanunvericiliyə uyğun olaraq əmək müqaviləsi bağlanılır.\r\n\r\nQeyd : Şirkət Qobu qəsəbəsi, Milli Qəhrəman Ç. Mustafayev küç., 313 ünvanında yerləşir , 20 Yanvar metro stansiyasından əməkdaşları şirkətin servisi götürür və axşam gətirir.','Yaş 23- 35 arası xanım və bəylər .\r\n\r\nKompüter bilikləri: Excel, 1C.\r\n\r\nYüksək komunikativ bacarıqları olmalıdır.',114,5,'2023-02-24','VMF company','+994512773032','500','hr.office@vmf.az',1,0,NULL,'2023-01-24 04:18:22','2023-01-24 04:18:33',0),(166,'Muhafizəçi',13,'Fiziki cəhətdən sağlam olmalı; İdmanla məşğul olmalı; Çevik və diqqətcil olmalı.\r\n\r\nboy 1.80','1 sutka es\r\n\r\n2 sutka ev\r\n\r\nhotele teleb olunur',115,5,'2023-02-24','Bizim kadr agency','+994559705719','400','roya.hr@mail.ru',1,0,NULL,'2023-01-24 04:27:46','2023-01-24 04:30:28',0),(167,'ANBARDAR',13,'Cins: kişi\r\n- Yaş həddi: 25-35 yaş','gece smende var gunduz\r\n9 saat iş\r\nheftede 2 gun istirahet\r\nanbardar',115,5,'2023-02-24','Bizim kadr agency','+994559705719','500','roya.hr@mail.ru',1,0,NULL,'2023-01-24 04:29:04','2023-01-24 04:30:30',0),(168,'SMM',5,'Sosial media sahəsində biliklərin olması;\r\nQrafik dizayn bacarığı;\r\nMüstəqil işləmək bacarığı;\r\nPlanlama və təşkilatçılıq bacarığı;\r\nPeşəkar səviyyədə yazılı və şifahi ünsiyyət.','Şirkətə aid müvafiq brendləin təhvil alınması və Sosial Media hesablarının idarə olunması (Facebook, Facebook Business manager, Instagram, Linkedİn, Google adwords, YouTube);\r\n• Həftəlik/aylıq kontent planının hazırlanması;\r\n• Plana uyğun olaraq şəkil və mətn daxil olmaqla sosial mediada paylaşımların yaradılması və yerləşdirilməsi;\r\n• Rəhbərlik tərəfindən verilən tapşırıqların vaxtında icra olunması.',115,5,'2023-02-24','Bizim kadr agency','+994559705719','500','roya.hr@mail.ru',1,0,NULL,'2023-01-24 04:30:22','2023-01-24 04:30:31',0),(169,'Satış təmsilçisi (Gürcüstan)',8,'· Şirkətin satış siyasətinin təşkil olunması;\r\n\r\n· Yeni satış məntəqələrinin araşdırılıb tapılmasını təmin etmək;','· Təhsil: Ali;\r\n\r\n· Kompüter biliyi: MS Office proqramları;\r\n\r\n· Dillər: Azərbaycan və Gürcü dili mükəmməl (Rus dili biliyi arzuolunandır)\r\n\r\n· İş təcrübəsi: Minumum 2 il (Tikinti materialları sahəsindən biliyi olanlara üstünlük verilir)\r\n\r\n· Şəxsi avtomobilin olması;\r\n\r\n· Tbilisi şəhərini yaxşı tanımalı;\r\n\r\n· Gürcüstan Respublikasında yaşayanlara üstünlük verilir.',112,5,'2023-02-24','MatanatA','+994123429933','800','Hr@matanata.com',1,0,NULL,'2023-01-24 04:34:38','2023-01-24 04:44:22',0),(170,'İnvestisiya layihələri üzrə köməkçi',13,'Verilmiş forma-2-lər üzrə ödənişlərin edilməsini nəzarətdə saxlamaq;\r\n\r\nLayihə üzrə bağlanmış müqavilələrin icrasına nəzarət etmək;\r\n\r\nRəhbərin ezamiyyətlə bağlı butun sənədləşmə işlərini, həmçinin toplantıları təşkil etmək;\r\n\r\nTərtib olunmuş aktları, sifarişləri, müqavilələri, ödəniş sənədlərini, avansları şirkət daxili şöbələrə təqdim etmək və icra prosesini nəzarətdə saxlamaq;','§ Təhsil: Ali\r\n\r\n§ Layihə işləri ilə bağlı təsəvvürün olması;\r\n\r\n§ Tikinti işləri ilə bağlı aktları tərtib edə bilməsi;\r\n\r\n§ Kompüter bilikləri: MS Office yaxşı səviyyədə bilməsi.',112,5,'2023-02-24','MatanatA','+994123429933','800','Hr@matanata.com',1,0,NULL,'2023-01-24 04:35:58','2023-01-24 04:44:24',0),(171,'Mühasib',4,'Mühasibatlıq əməliyyatlarının 1C proqramına daxil edilməsi;Bank və kassa əməliyyatlarının qeydiyyatının aparılması;Kreditor və debitor hesanlarının aparılması və onlara nəzarət edilməsi;Əsas vəsaitlərin və azqiymətli əşyaların uçotunun aparılması və amortizasiyanın hesablanması;Mal-material uçotu;İnventarizasiyaların işlənilməsi;Öhdəsinə düşən digər əmək funksiyalarının yerinə yetirilməsi;','§ Təhsil: Ali (İqtisadi)\r\n\r\n§ İş təcrübəsi: 2-5 il iş təcrübəsi olan;\r\n\r\n§ Dil bilikləri: Azərbaycan və Rus və ingilis dilləri;\r\n\r\n§ Kompüter bilikləri: 1C Proqramını və MS Office yaxşı səviyyədə bilməsi.',112,5,'2023-02-24','MatanatA','+994123429933','400','Hr@matanata.com',1,0,NULL,'2023-01-24 04:37:21','2023-01-24 04:44:26',0),(172,'Mühasib',4,'§ Təhsil: Ali (İqtisadi)\r\n\r\n§ İş təcrübəsi: 2-5 il iş təcrübəsi olan;\r\n\r\n§ Dil bilikləri: Azərbaycan və Rus və ingilis dilləri;\r\n\r\n§ Kompüter bilikləri: 1C Proqramını və MS Office yaxşı səviyyədə bilməsi.','Mühasibatlıq əməliyyatlarının\r\n\r\n1C proqramına daxil edilməsi;\r\n\r\nBank və kassa əməliyyatlarının qeydiyyatının aparılması;\r\n\r\nKreditor və debitor hesanlarının aparılması və onlara nəzarət edilməsi;\r\n\r\nƏsas vəsaitlərin və azqiymətli əşyaların uçotunun aparılması və amortizasiyanın hesablanması;\r\n\r\nMal-material uçotu;İnventarizasiyaların işlənilməsi;\r\n\r\nÖhdəsinə düşən digər əmək funksiyalarının yerinə yetirilməsi;',112,29,'2023-02-24','MatanatA','+994123429933','600','Hr@matanata.com',1,0,NULL,'2023-01-24 04:39:18','2023-01-24 04:44:28',0),(173,'Satış müdiri',8,'Şirkətin satış siyasətinin təşkil olunmasında iştirak etmək;\r\n\r\n· Satış təmsilçilərinin fəaliyyətini təşkil və idarə etmək;\r\n\r\n· Satış təmsilçilərinin dövriyyələrinə nəzarət etmək;\r\n\r\n· İllik satış planının hazırlanmasında iştirak etmək və həyata keçirmək;\r\n\r\n· İllik satış proqramını hazırlamaq;','· Təhsil: Ali;\r\n\r\n· Kompüter biliyi: MS Office proqramları;\r\n\r\n· Dillər: Azərbaycan, Rus dili (ingilis dili bilməsi arzuolunandır)\r\n\r\n· Şəxsi avtomabilin olması.\r\nƏmək haqqı razılaşma yolu ilə',112,5,'2023-02-24','MatanatA','+994123429933','500','Hr@matanata.com',1,0,NULL,'2023-01-24 04:41:35','2023-01-24 04:44:29',0),(174,'Satış üzrə analitik',8,'§ Təhsil: Ali (İqtisadi, Biznes, İqtisadiyyat, Statistika sahəsində) ;\r\n\r\n§ İş təcrübəsi: Müvafiq sahədə 3 il iş təcrübəsi;\r\n\r\n§ Dil bilikləri: Azərbaycan dili səlist, Rus, İngilis dilləri üstünlükdür;\r\n\r\n§ Kompüter bilikləri: 1C Proqramını və MS Office yaxşı səviyyədə bilməsi;','§ Satışla əlaqədar dataların toplanması və analizi;\r\n\r\n§ Trendlərin müəyyənləşdirilməsi üçün satış tarixçəsinin mütəmadi nəzərdən keçirilməsi;\r\n\r\n§ Müştəri cədvəllərinin, qısa və uzunmüddətli satış proqnozlarının yaradılması üçün satış komandası ilə qarşılıqlı işləmək;\r\n\r\n§ Statistik üsullardan istifadə edərək məlumatların hazırlanması və təhlil edilməsi;\r\n\r\n§ Satış üzrə periodik olaraq həftəlik və aylıq hesabatların rəhbərliyə təqdim edilməsi;\r\n\r\n§ Satış prosesini təkmilləşdirmək üçün təkliflərin verilməsi və satış komandasına dəstək göstərilməsi;\r\n\r\n§ Verilənlər bazasından yararlanaraq vəziyyətin analizinin aparılması;\r\n\r\n§ Müştəri dövrüyyələrinin analiz edilməsi;\r\n\r\n§ KPİ hədəflərini izləyib rəhbərliyi məlumatlandırmaq;',112,5,'2023-02-24','MatanatA','+994123429933','500','hr@matanata.com',1,0,NULL,'2023-01-24 04:43:16','2023-01-24 04:44:30',0),(175,'OPERATOR',17,'İş barədə məlumat\r\n- Rəhbərlik tərəfindən verilən tapşırıqların vaxtında və dəqiq yerinə yetirilməsi\r\n-Təqdim olunan müştəri bazası əsasında abunəçilərə zənglərin olunması və müştərilərlə biznes etikası standartlarına uyğun olaraq (mehriban, təmkinlə, səbrlə, gülərüzlə və s.) ünsiyyətin qurulması\r\n- Müştərilərin cəlb edilməsi, müştəri bazasının formalaşdırılması və əlaqələrin qurulması\r\n- Müştərilərə göstəriləcək olan xidmətin gedişatının və sonlandırılmasının nəzarətdə saxlanılması\r\n- Mövcud müştərilərə endirim və kampaniyalar haqqında məlumat verilməsi\r\n- İş rejimi : tam iş qrafiki\r\n- Əmək haqqı : Müsahibə zamanı təyin olunacaq / və ya 400.00 – 450.00 azn','Namizədə tələblər\r\n- Ünsiyyətcil, səbrli və təmkinli\r\n- MS ofis proqramlarında işləmə bacarığ\r\n- Komandada işləmək bacarığı\r\n- Müştərilərlə işləmək qabiliyyəti\r\n- İşdə dəqiqlik və detallara fikir vermə qabiliyyəti\r\n- Azərbaycan dilində səlist danışmalı,\r\nqrammatik cəhətdən mükəmməl bilməli digər dillər arzuolunandır\r\n- Reklam (çöl, daxili), poliqrafiya və promo sahəsi üzrə iş təcrübəsi və biliklər (arzuolunandır),\r\n-Adobe Photoshop, Corel Draw, Adobe Illustrator proqramları arzuolunandır\r\n- Xoş və səliqəli zahiri görünüş\r\n- Çağrı mərkəzində təcrübə arzuolunandır',116,5,'2023-02-24','MediaCITY MMC','+994555557110','400','cv@mediacity.az',1,0,NULL,'2023-01-24 05:01:56','2023-01-24 05:09:34',0),(176,'HÜQUQŞÜNAS',10,'İş barədə məlumat\r\n- Hüquqi sənədlərin tərtib edilməsi\r\n- Dövlət orqanları ilə yazışma\r\n- Təşkilatın fəaliyyəti ilə bağlı normativ-hüquqi sənədlərin hazırlamaq\r\n- Struktur vahidlərini təşkilat daxili qayda və əsasnamələrin hazırlanması üçün normativ sənədlərlə təmin etmək, hazırlanmış təşkilatdaxili normativ sənədlərin qanuniliyinin yoxlamaq və rəy vermək\r\n- Hüquqi sənədlərin işlənib hazırlanmasında, cavabların hazırlanmasında iştirak etmək, qanunvericiliyin tətbiqi ilə bağlı mübahisəli məsələlərə dair rəylər hazırlamaq\r\n- Sənədlərin hazırlanması, hüquqi məsələlərin həlli və digər əlaqəli işlərlə bağlı rəhbərin göstərişlərini yerinə yetirmək\r\n- Müqavilə işinin aparılması tənzimlənməsində iştirak etmək, prosesin təkmilləşdirilməsi istiqamətində zəruri addımlar atmaq`\r\n- Təyin edilmiş müddət çərçivəsində görülən işlər barədə hesabatları hazırlamaq','Namizədə tələblər\r\n- Hüquq ixtisası üzrə Bakalavr təhsili\r\n- AR Mülkü məcəlləsini mükəmməl bilməli\r\n- Detallara fikir vermək qabiliyyəti\r\n- AR vətəndaşlığı\r\n- 25-31 yaş\r\n- Minimal iş təcrübəsi – 1-3 il\r\n- Hərbi mükəlləfiyyət (Hərbi xidmət olmalıdır)\r\n- Ali təhsil\r\n- Azərbaycan və rus dillərində mükəmməl danışıq və yazı qabiliyyəti\r\n- Əlavə dil bilikləri olan şəxslərə üstünlük verilir\r\n- Tam iş günü\r\n\r\n- Qeyd yalnız tələblərə uyğun namizədlərin müraciətlərinə baxılacaq',47,5,'2023-02-24','Talent Agency','+994504449906','3000','hr@talent-recruitment.az',1,0,NULL,'2023-01-24 05:05:31','2023-01-24 05:09:35',0),(177,'BEYNƏLXALQ MÜNASİBƏTLƏR ÜZRƏ MÜTƏXƏSSİS',13,'İş barədə məlumat\r\nVəzifə öhdəlikləri:\r\n- Əməkdaşlıq edilən şirkətlərlə rəsmi yazışmaların aparılması, zəruri hallarda müvafiq görüşlərin keçirilməsi, qoyulan tələblər üzrə danışıqların aparılması\r\n- Beynəlxalq münasibətlər üzrə tədbirlərin və bu istiqamətdə xarici mütəxəssislərin iştirakının təşkili, tədbirə dəvət olunmaları üçün sənədləşmənin aparılması\r\n- Yeni şirkətlərin axtarışı, onlarla əlaqələrin yaradılması və inkişaf etdirilməsi\r\n- Beynəlxalq arenada cərəyan edən proseslərin izlənilməsi, aktual mövzuların müəyyənləşdirilməsi, qeyd olunan istiqamətdə anoloji xarici şirkətlərlə münasibətlərin inkişaf etdirilməsi\r\n- Xarici ölkələrdə tərəfdaş təşkilatlar tərəfindən keçiriləcək beynəlxalq tədbirlərdə iştirak etmək, beynəlxalq münasibətlər sahəsi üzrə ixtisaslaşmış şəxslər ilə əlaqələrin qurulması\r\n- Azərbaycan və rus dillərində hesabatların hazırlanması\r\n- Zəruri olduğu halda “over time” işləmə imkanı\r\n- İş qrafiki - tam iş günü','Namizədə tələblər\r\n- AR vətəndaşlığı\r\n- 25-32 yaş\r\n- Minimal iş təcrübəsi – 1-3 il\r\n- Hərbi mükəlləfiyyət\r\n- Beynəlxalq münasibətlər sahəsi üzrə bilik\r\n- Ali təhsil\r\n- Azərbaycan və rus dillərində mükəmməl danışıq və yazı qabiliyyəti\r\n- Əlavə dil bilikləri olan şəxslərə üstünlük verilir',47,5,'2023-02-24','Talent Agency','+994504449906','3000','hr@talent-recruitment.az',1,0,NULL,'2023-01-24 05:07:25','2023-01-24 05:09:38',0),(178,'MONTAJ USTASININ KÖMƏKÇİSİ',5,'İş barədə məlumat\r\n- Avtomobillərin üzərinə vinil montajı və demontajı\r\n- İş vaxtı: 5günlük iş qrafiki, 09:00-dan-18:00-dək\r\n- Əmək haqqı 500AZN Net\r\n- İş yeri - Badamdar','- Məsuliyyətli\r\n- Dəqiq\r\n- İş təcrübəsi arzuolunandır\r\n- Komandada işləmək bacarığı və istəyi\r\n- Gərgin iş qrafiki ilə işləmək bacarığı\r\n- Bacarıqlı, operativ və verilmış tapşırıqları tam yerinə yetirə bilmək\r\n\r\nMaraqlanan şəxslər (051)2412345 nömrəsi ilə əlaqə saxlaya bilərlər',117,5,'2023-02-24','Artpeople','+994512412345','500','info@artpeople.az',1,0,NULL,'2023-01-24 05:42:00','2023-01-24 07:56:16',0),(179,'AŞPAZ',13,'İş barədə məlumat\r\n- Menyudakı yeməkləri reseptlərə uyğun olaraq hazırlamaq\r\n- Yemək keyfiyyətini və qonaqların razılıq səviyyəsini artırmaq\r\n- Təsdiqlənmiş menyuya əsasən personal üçün yeməkləri hazırlamaq\r\n- İş yerinin və iş avadanlığının təmizliyini təmin etmək\r\n- İş yerində təhlükəsizlik, sağlamlıq və qida gigiyenası standartlarına riayət edilməsinə dəstək olmaq\r\n- Vəzifəsinin icrası ilə əlaqədar rəhbərliyin digər tapşırıqlarını yerinə yetirmək\r\n\r\nBiz sizə nə təklif edirik:\r\n\r\n- Əmək haqqı + müxtəlif bonuslar\r\n- Şirkət tərəfindən naharla təmin olunma\r\n- Dəyişən iş qrafiki\r\n- Həftədə bir gün istirahət günü\r\n- Gənc və dinamik kollektivdə işləmək fürsəti\r\n- Təlim, treninq və master-klaslarda iştirak etmə fürsəti\r\n- Karyera inkişafı fürsəti','Namizədə tələblər\r\n- Səliqəli və təmizkar olmaq\r\n- Komandada işləməyi bacarmaq\r\n- Öyrənmə və özünü inkişaf etdirməyə açıq və istəkli olmaq\r\n- İş təcrübəsi arzuolunandır',118,5,'2023-02-24','CoffeeLea','+994517775156','500','hr@lea.az',1,0,NULL,'2023-01-24 07:05:49','2023-01-24 07:07:49',0),(180,'OFİSİANT',13,'İş barədə məlumat\r\n- Qonaqlara yüksək səviyyədə xidmət göstərmək\r\n- Menyu təqdim etmək və sifarişi qəbul etmək\r\n- Menyunu yaxşı bilmək və gələn qonaqlara hər hansı bir yemək barəsində dolğun məlumat vermək\r\n- İş yerini təmiz saxlamaq\r\n\r\nTəminatlar:\r\n- Əmək haqqı + müxtəlif bonuslar\r\n- Şirkət tərəfindən naharla təmin olunma\r\n- Dəyişən iş qrafiki\r\n- Həftədə bir gün istirahət günü\r\n- Gənc və dinamik kollektivdə işləmək fürsəti\r\n- Təlim, treninq və master-klaslarda iştirak etmə fürsəti\r\n- Karyera inkişafı fürsəti','Namizədə tələblər\r\n- Xanım və ya bəy namizədlər\r\n- Səliqəli və təmizkar olmaq\r\n- Komandada işləməyi bacarmaq\r\n- Öyrənmə və özünü inkişaf etdirməyə açıq və istəkli olmaq\r\n- Dil bilikləri: Azərbaycan və Rus dillərini əla səviyyədə bilməlidir',118,5,'2023-02-24','CoffeeLea','+994517775156','400','hr@lea.az',1,0,NULL,'2023-01-24 07:07:33','2023-01-24 07:07:50',0),(181,'TƏCHİZAT ÜZRƏ MÜTƏXƏSSİS',7,'İş barədə məlumat\r\n- Daşınma prosesi və gömrük rəsmiləşdirilməsi üçün tələb olunan sənədləri hazırlamaq\r\n- Satış bölümü tərəfindən tələb olunan malların\r\n- Xarici və yerli istehsalçılar ilə danışıqlar apararaq qiymət alınması.\r\n- Malların vaxtında çatdırılmasını təşkil etmək\r\n- Anbar və məsul şəxsləri gələn mallar barədə vaxtında məlumatlandırmaq\r\n- Daşınma və gömrük rəsmiləşdirilməsi üçün lazımi sertifikatlarları və icazələri almaq ( təchizar müdirinin köməyi və istiqaməti ilə)\r\n- AR Əmək Məcəlləsinə əsasən sənədləşmə\r\n- Həftədə 6 iş günü 09:00-dan-18:00-dək\r\n\r\nCV-ləri aliyev.hasan@mesagroup.az ünvanına göndərin !','Namizədə tələblər\r\n- İş təcrübəsi 1ildən -3 ilədək\r\n- İxtisas / Təhsil: Biznes İdarəetməsi / Maliyyə / Təchizat Zənciri\r\n- İdarəetməsi: Logistika və ya digər müvafiq sahədə Ali təhsil\r\n- Yalnız kişi namizədlər tələb olunur\r\n- Rus və ingilis dil biliyi mütləqdir\r\n- MS Office proqramlarını mükəmməl bilmək\r\n- Beynəlxalq nəqliyyat standartları (Incoterms), müqavilə hüququ və standart daşınma qaydaları və şərtlərini bilmək.\r\n- Dəqiqlik və şəffaflıq\r\n- Bazar araşdırmasında bacarığı olması\r\n- Təzyiq altında işləmək bacarığının olması\r\n- Korporativ və işgüzar yazışmaların aparılması\r\n- Satınalma sahəsində müvafiq olaraq 2 ildən az olmayaraq iş təcrübəsi\r\n- Dövlət satınalmaları haqqında Azərbaycan Respublikasının Qanunvericiliyi üzrə müvafiq biliklər',119,5,'2023-02-24','Mesa Group','+994774210990','600','info@mesagroup.az',1,0,NULL,'2023-01-24 07:18:31','2023-01-24 07:18:39',0),(182,'QRAFİK DİZAYNER',9,'İş barədə məlumat\r\n- Sosial media üçün qrafik postlar və motion (hərəkət) dizaynların hazırlanması\r\n- Şirkət saytı və sosial şəbəkə səhifələrində dizayn işlərini hazırlamaq\r\n- Dizayn trendlərindən xəbərdar olmaq\r\n- İş saatları 09:00-dan-18:00-dək\r\n- Rəsmi əmək müqaviləsi\r\n- Gündəlik veriləcək dizayn işləri ilə bağlı öhdəlikləri yerinə yetirmək','Namizədə tələblər\r\n- Portfolio vacibdir\r\n- Adobe PhotoShop, Adobе Illustrator kimi qrafik proqramlarda çalışma bacarığı (mütleqdir)\r\n- Adobe After Effects və Adobe Premiere bilməyi üstünlükdü\r\n- Kreativlik (yaradıcı potensial) (motion (hərəkət) postları edəcək səviyyədə) proqramlarında işləmək\r\n- Verilən işi operativ təhvil vermək bacarığı\r\n- Sosial şəbəkələrdə paylaşım etmək üçün marka üzünün və kreativ konseptlərin hazırlanması\r\n- Veb bannerlərin hazırlanması\r\n- Komanda işini bacarmalı, kreativ yanaşmaları olmalı',119,5,'2023-02-24','Mesa Group','+994774210990','800','info@mesagroup.az',1,0,NULL,'2023-01-24 07:31:40','2023-01-24 07:31:45',0),(183,'FRANSIZ DİLİ MÜƏLLİMİ',11,'İş barədə məlumat\r\n- Max Group Education Center həm Azərbaycanlı, həm də xarici vətəndaşlara\r\nyüksək keyfiyyətlə Xarici dilləri öyrədən və öz etibarlılığını təsdiq etmiş güvənilir\r\nTəhsil Mərkəzidir\r\n- Bizim artıq 8 ildən çox təcrübəmiz var\r\n- Bizim müəllimlərimiz ən müasir texnologiyalarla işləyirlər, daim özlərini inkişaf etdirir və tələbələrinə yüksək motivasiya və enerji ötürürlər.\r\n- Bizim missiyamız. İnnovasiyalar sayəsində və tələbələrimizə olan diqqət və qayğı\r\nilə tələbələrimizi Xarici dili öyrənməyə ilhamlandırmaqdır\r\n\r\n- Siz nə üçün Max Group Edu Center-da işləməlisiniz?\r\n- Artan gəlir səviyyəsi və faiz sistemi\r\n- Stabil tələbə axını - sizin artıq yeni tələbə axtarmağınıza ehtiyac yoxdur\r\n- İş qrafiki: Bazar ertəsi - Şənbə günləri arasında seçilən müəyyən günlər və saatlar\r\n- Dərs olmayan saatlarda ofisdə olmaq məcburi deyil!\r\n- Əyani və online dərslər\r\n- Korporativ dərslər (müəllimə seçim hüququ verilir)\r\n- Evdə dərslər (müəllimə seçim hüququ verilir)','Namizədə tələblər\r\nBizim ideal müəllimimiz:\r\n- Fransız dilini yaxşı bilir və sevir (səviyyə C1 və daha yüksək)\r\n- Tədris / repetitorluq təcrübəsi var\r\n- Ünsiyyətçil və pozitivdir\r\n- Daim öz biliyi üzərində işləyir və inkişaf etdirir\r\n- Tələbəni öyrətməyə və yaxşı nəticəyə çatdırmağa böyük səy göstərir',120,5,'2023-02-24','Max Group Education Center','+994504751544','400','office@maxgroup.info.az',1,0,NULL,'2023-01-24 07:38:25','2023-01-24 07:38:36',0),(184,'ƏMLAK AGENTİ',13,'İş barədə məlumat\r\n- İş yeri mərkəzdə yerləşir\r\n- İş saatı: 10:00-dan-17:00-dək\r\n- İstirahət günü: Bazar günü\r\n- CV-lərinizi email ünvana göndərməyiniz xahiş olunur','Namizədə tələblər\r\n- Agent vəzifəsinə şəhəri yaxşı tanıyan, hərbi xidməti keçmiş, məsuliyyətli, işgüzar bəylər tələb olunur\r\n- Yaş həddi 20-35 yaş arası, əmək haqqı 400-500 AZN, görülən işlərə görə maaş artımı',121,5,'2023-02-24','Prant firması','+994124973735','400','prant@prant.az',1,0,NULL,'2023-01-24 07:48:43','2023-01-24 07:50:24',0),(185,'OPERATOR',4,'İş barədə məlumat\r\n- İş yeri məkəzdə yerləşir\r\n- İş saatı: 10:00-dan - 18:00-dək\r\n- İstirahət günü: Bazar günü\r\n- Telefonda operator işi. Baza məlumatlarının kompüterə köçürülməsi','Namizədə tələblər\r\n- İş xanımlar üçün nəzərdə tutulur\r\n- Yaş həddi 19-45 yaş\r\n- Dil biliyi: Azərbaycan, İngilis və rus dili bilməsi vacibdir\r\n- Məsuliyyətli olması, verilən tapşırıqların vaxtında və dəqiq yerinə yetirilməsi',121,5,'2023-02-24','Prant firması','+994124973735','400','prant@prant.az',1,0,NULL,'2023-01-24 07:50:15','2023-01-24 07:50:25',0),(186,'ƏMLAK AGENTİ',17,'İş barədə məlumat\r\n- Yerli və xarici əmlak portfellərinin öyrənilməsi\r\n- Yeni portfellərin alınması, sistemə yüklənməsi və ofisdəki digər əməkdaşlara tanıtımı\r\n- Komanda ilə iş, informasiya və təcrübə paylaşımları\r\n- Portfellərin satılması və icarəyə verilməsi üçün təqdimatlar hazırlanması\r\n- Satış strategiyasının tətbiqi\r\n- Müştəri məmnuniyyətinin qorunub saxlanması\r\n- İş qrafiki: 09:00-dan-18:00-dək\r\n- Xidməti müqavilə\r\n- Satışdan gəlirin 60 % + bonus','Namizədə tələblər\r\n- Sərbəst iş qrafiki\r\n- Xidməti müqavilə\r\n- Satışdan gəlirin 60 % + bonus',122,5,'2023-02-24','Mr Max peşəkar əmlak agentliyi','+994124648486','500','abbasresat@gmail.com',1,0,NULL,'2023-01-24 08:01:18','2023-01-24 08:01:34',0),(187,'TƏMİZLİKÇİ',13,'İş barədə məlumat\r\n- 6 iş günü\r\n- İş saatı: 07:00-dan-16:00-dək\r\n- İş yeri: Xətai metrosu ərazisi, Məhəmmədi kəndi, Binə qəs.\r\n- Tam rəsmi işdir\r\n- Əmək haqqı kartla verilir\r\n- Əmək müqaviləsi əsasında sənədləşmə\r\n- Rəsmi işidir\r\n- Yüksələn əmək haqqı','Namizədə tələblər\r\n-Təmizlikçi bəylər və xanımlar tələb olunur\r\n- Komandada işləmək bacarıqı\r\n- İntizamlı, məsuliyyətli, təmizkar və səliqəli olmalı\r\n- İstifadə etdiyi əşya və ləvazimatların gigiyenik olmasını təmin etməli\r\n- Aktiv və məsuliyyətli olmalı',123,5,'2023-02-24','Eurostar Group təmizlik şirkəti','+994552138348','600','saida.oktay@evrostar.az',1,0,NULL,'2023-01-24 08:12:50','2023-01-24 08:13:21',0),(188,'Maliyyə üzrə mütəxəssis',4,'Tələblər:\r\nAli təhsil\r\nMaliyə üzrə minimum 1 illik iş təcrübəsi\r\nMicrosoft office – yüksək səviyyədə excel bilikləri, F3, F7 biliklərinin olması\r\nAnalitik təhlil,strateji düşünmə,statistik və riyazi biliklər\r\nMaliyyə hesabatları ilə işləmə bacarığı\r\nRus və İngilis dilləri üzrə biliklər arzuolunandır.\r\nTəzyiq altında işləmə bacarığı\r\nMüstəqil qərar vermə bacarığı\r\nTəyin olunmuş son tarixlərlə işləmə bacarığı\r\nYaş: 22-32','Vəzifə öhdəliklər:\r\nStrateji hədəflər və büdcənin hazırlanması\r\nMaliyə nəzarətinin həyata keçirilməsi,təhlili\r\nMaliyə hesabatlarının hazırlanması\r\nXərc və gəlirlərin düzgün uçotunun aparılmasına nəzarət\r\nHesabatların prezentasiyasını təşkil etmək\r\nİş şəraiti:\r\nMaaş : 1000-1500 AZN (namizədin bilik və bacarıqlarına əsasən dəyişilə bilər)\r\nİş vaxtı: 09:00–dan 18:00 dək;\r\nİstirahət günləri: Şənbə və Bazar;\r\nMüraciət etmək istəyən namizədlər CV-lərini mail ünvanına mövzu hissəsinə “Maliyə üzrə mütəxəssis”qeyd edərək göndərə  bilərsiniz\r\nÜnvan: Ələsgər Qayıbov 12/22 (Gülüstan Palace)',124,5,'2023-02-24','Mazarina Trade Company','+994125674513','1000','vacancy@mazarina.az',1,0,NULL,'2023-01-24 08:37:19','2023-01-24 09:57:49',0),(189,'Mağaza meneceri',17,'İş barədə məlumat:\r\nŞirkətə məxsus mağaza əmlakına nəzarət etmək, onlara dəyə biləcək hər hansı ziyanın vaxtında qarşısını almaq.\r\nMağazadan çıxarılan və qəbul olunan məhsullara cavabdehlik daşımaq.Yeni məhsulların satılmasına nəzarət etmək.\r\nİş təcrübəsi : 1 ildən 3 ilə qədər\r\nYaş : 25 – 35\r\nƏmək haqqı: 600-1000','Azərbaycan dilində mükəmməl, səlis yazılı və şifahi bilmək,\r\nGözəl danışıq qabiliyyəti, işində səliqəli, məsuliyyətli və dəqiq;\r\nPeşəkar xoş xarici görünüş, koorporativ etikanı bilməli;',125,5,'2023-02-24','BalBadem','+994775999924','600','balbademcv@gmail.com',1,0,NULL,'2023-01-24 08:49:00','2023-01-24 09:57:53',0),(190,'Copywriter',17,'İş haqqında:\r\nPost mətnlərinin yazılması,postların sosial şəbəkələrdə nə zaman paylaşılması haqda analizlərin edilməsi və prosesin icrasını həyata keçirtmək.\r\nNəticəsi uğurlu olan xidmətlərdən istifadə edən tələbələrin məlumatlarının əldə edilib sosial şəbəkələrdə paylaşılması\r\nMəlumatları araşdırmaq və analiz aparıldıqdan sonra post textlərin və məlumatların yazılması və göndərilməsi,\r\nXəbər saytları üçün digər platformalarda paylaşılacaq məlumatların yazılması, çap məhsullarının hazırlanması və yazısı\r\nRoof Academic Training şirkətinin sosial media hesablarına gələn mesajların cavablandırılması,instagram hesabı üçün hərəkətli storilərin hazırlanması,youtube səyfəsinin idarə edilməsi\r\nVeb saytından gələn məlumatları sistemə daxil edilməsi,Veb saytla bağlı dəyişiklərin hazırlanması\r\nSərgilərin və tədbirlərdə iştirak etmə, yeni məhsulların hazırlanması ilə bağlı danışıqların aparılması, ümumi prosesə dəstək\r\nQeydiyyat üçün linklərin hazırlanması','Tələblər:\r\nDil bilikləri:Azərbaycan dili (ana dili),ingilis dili(orta),rus dili(orta)\r\nİş təcrübəsi: 1 ildən 3 ilə qədər\r\nTəşəbbüskarlıq və kreativlik, komandada işləmək, təqdimat aparmaq,operativlik, iş bitiricilik;\r\nYaxşı səviyyədə MC Office proqramlarını bilmə\r\nCV ilə bərabər portfoliyonu da göndərmək tələb olunur.\r\nOfis Nərimanov və Gənclik metrolarına piyada məsafədə yerləşir. İqtisad Universitetinin Gənclik korpusunun yaxınlığı.\r\nUyğun və maraqlanan şəxslər CV-lərini “Copywriter” başlığı ilə e-mail ünvanına göndərə bilərlər',126,5,'2023-02-24','ROOF Academic Training','+994555384496','500','talent@roofat.az',1,0,NULL,'2023-01-24 08:59:59','2023-01-24 09:57:55',0),(191,'Ofis Meneceri',17,'İş rejimi: 6 günlük\r\nİş saatı:10:00 dan,18:00-a dəkdir, Nahar 13:00 dan,14:00-a dək dir\r\nƏmək haqqı: 400-500 azn','Namizədə tələblər:\r\nOfis daxili zənglərin cavablandırılması və aidiyyəti üzrə yönləndirilməsi;\r\nOfis daxili işlərin yerinə yetirilməsi;\r\nGünlük, aylıq və illik hesabatların hazırlanması;\r\nRəhbərliyin işlə bağlı tapşırıqlarının vaxtında icra edilməsi;\r\nDil bilikləri: Azərbaycan, Rus dili\r\nMüvafiq sahədə təcrübəsi olması üstünlükdür.\r\nGöstərilən tələblərə uyğun olan namizədlər +994 552409791 nömrəsi ilə əlaqə saxlaya bilər.',127,5,'2023-02-24','Sariban Peşə İnkişaf Mərkəzi','+994552409791','400','azsariban@gmail.com',1,0,NULL,'2023-01-24 09:08:08','2023-01-24 09:57:59',0),(192,'Arxivçi vəzifəsi',13,'Namizədə dair tələblər:\r\nTəhsil: bakalavr, subbakalavr\r\nKompüter bilikləri: MS Office\r\nYaş: 30 yaşa qədər;\r\nYaşayış yeri: Masazır və ətrafı ərazilər\r\nVəzifə öhdəlikləri:\r\nArxiv sənədlərinin təsnifatı, tərkib və məzmununa görə ayırmaq;\r\nAylıq ilkin uçot sənədlərini filiallara görə nizamlayaraq vaxtı vaxtında arxivlərə təhvil vermək.\r\nƏlavə məlumatlar:\r\nİş 3-6 aylıq nəzərdə tutulmuşdur, müvəqqətidir;\r\nNahar xərci şirkət tərəfindən qarşılanır','İş qrafiki:\r\nİş saatları 09:00 – 18:00;\r\nNahar fasiləsi: 13:00-14:00\r\nŞənbə və Bazar istirahət günü.\r\nƏmək haqqı: 345AZN və nahar xərci\r\nGöstərilən tələblərə cavab verən namizədlərdən CV-lərini mövzu (subject) hissəsinə “Arxivçi” yazaraq göndərmələri xahiş olunur.\r\nQeyd: Yalnız tələblərə uyğun namizədlərlə əlaqə saxlanılacaqdır.',46,5,'2023-02-24','OBA marketlər şəbəkəsi','+994554502500','345','cv@oba.az',1,0,NULL,'2023-01-24 09:25:05','2023-01-24 09:58:01',0),(193,'Marketinq meneceri',5,'Vəzifə öhdəlikləri:\r\nŞirkətin marketinq strategiyasını tərtib etmək;\r\nİllik marketinq planlarını hazırlamaq;\r\nİllik marketinq planına uyğun olaraq büdcə hazırlamaq;\r\nMarketinq kommunikasiya tədbirlərini idarə etmək;\r\nŞirkəti kütləvi informasiya vasitələrində təmsil etmək\r\nMüştəri məmnuniyyətinin təmin olunması üçün tədbirlər görmək;\r\nMüvafiq müştəri axını kanallarının təhlilini aparmaq;\r\nReklam və xüsusi kampaniyalar üzrə təkliflər hazırlamaq, və həyata keçirməək;\r\nBrendin tanınmasını təmin etmək;\r\nYeni məhsulların yaradılmasını və bazara çıxarılmasını təmin etmək.','Təyin edilmiş əmək haqqı: minimal 1500 AZN\r\nİş rejimi: 09:00-18:00\r\nİş təcrübəsi: Müvafiq sahə üzrə minimum 3 il',128,5,'2023-02-24','Brand Credit BOKT','+994124413960','1500','madina.rahimli@brandcredit.az',1,0,NULL,'2023-01-24 09:33:49','2023-01-24 09:58:08',0),(194,'Satış təmsilçisi',8,'İcra edəcəyi iş:\r\nMüştərilər tərəfindən verilən sualları cavablandırmaq\r\nŞirkətin xidmət və tarifləri haqqında müştəriyə düzgün məlumat vermək\r\nOperativ olaraq telefon zənglərini qəbul etmək\r\nSosial şəbəkələrin mütəmadi olaraq cavablandırılması\r\nMüştərilərin qarşılanması və çay təqdim olunması\r\nRəhbərlik tərəfindən verilən tapşırıqları vaxtında yerinə yetirmək','Tələblər:\r\nYalnız Xanım namizədlər\r\nİş təcrübəsi tələb olunmur\r\nAzərbaycan dilində səlist danışmalı, qrammatik cəhətdən mükəmməl bilməli\r\nƏla ünsiyyət qurmaq və komanda üzvü olmaq bacarığı\r\nXoşgörünüşlü və səliqəli olmalı\r\nAktiv, gülərüz,məsuliyyətli,həvəsli, enerjili olmalı (Qeyd olunmuş xüsusiyyətlərə malik olmayan şəxslər, xahiş olunur CV göndərməsinlər)\r\nŞirkətdə daimi işləməyi özünə hədəf seçən.\r\nİş şəraiti:\r\nStabil iş\r\nAR ƏM əsasən rəsmiləşdirmə\r\nYaş həddi – 18 – 23\r\nƏmək haqqı – 800 azn (fix + bonus)\r\nİş rejimi: 09:30-dan 18:30-dək (həftədə 1 gün istirahət, qrafik üzrə)\r\nİş yeri: : Bakı Nizami r-nu, Heydər Əliyev pr 115, Caspian Sport Plaza B korpus',129,5,'2023-02-24','Massi','+994773034024','800','hrmassi2@gmail.com',1,0,NULL,'2023-01-24 09:47:03','2023-01-24 09:58:09',0),(195,'Mühasib',4,'Namizədə Tələblər:\r\nYaş həddi: 25-40;\r\nMaliyyə-mühasibatlıq sahəsi üzrə Ali təhsil\r\nMüvafiq sahədə ən azı 3 illik iş təcrübəsi\r\nKompüter bilikləri: Microsoft Office proqramlarını (Excel, Word), 1C proqramını  yüksək səviyyədə bilməli\r\nİş şəraiti:\r\nAR Əmək Qanunvericiliyinə əsasən sənədləşmə;\r\nHəftə ərzində 5 iş günü,\r\nİş saatı: 09:00-18:00\r\nƏmək haqqı:  900 azn\r\nQeyd: Vakansiyaya müraciət üçün CV-ləri vakansiyanın adını qeyd etməklə göndərməyiniz xahiş olunur.','İş haqqında məlumat:\r\nMühasibat (maliyyə) hesabatlarının müəyyən edilmiş müddətlərdə tərtib və təqdim edilməsi;\r\nKreditor və debitor hesabatlarının hazırlanması ,Kassa və bank əməliyyatlarının, əsas vəsaitlərin və öhdəliklərin, qeyri-material aktivlərin, az dəyərli əşyaların, material ehtiyyatlarının və elektron qaimə fakturaların uçotunu aparmaq;\r\nƏmək haqqının hesablanması üzrə bilikləri\r\nVergi məcəlləsi, Əmək pensiyaları haqqında qanun üzrə biliklər\r\ne-taxes.gov.az və digər portallardan istifadə etmək\r\nonline banking-müştəri  bank və digər proqramlar vasitəsilə ödənişlərin həyata keçirilməsi, uçotunun aparılması\r\nRəhbərliyin verdiyi digər tapşırıqların yerinə yetirilməsi.',130,5,'2023-02-24','Crystal Group','+994502839898','900','recruitment@crystalgroup.az',1,0,NULL,'2023-01-24 09:56:53','2023-01-24 09:58:13',0),(196,'Mühasib',4,'İş barədə məlumat:\r\nHesabatların hazırlanması .\r\nÖdəniş tapşırıqları və internet banking vasitəsi ilə ödənişlərin edilməsi.\r\nE-Qaimə fakturalarının yazılması\r\nKassa, Bank əməliyyatlarının həyata keçirilməsi, qarşılıqlı hesablaşma və üzləşmə aktlarının tərtib edilməsi\r\nDaxili mühasibatlıq işlərini görə bilən (hesab fakturalar, elektron qaimələr, daxili hesabatlar, bank köçürmələri və.s)\r\nAylıq daxili maliyyə hesabatların hazırlanması.\r\nƏn azı 2-3 il iş təcrübəsi olmalıdır.\r\nƏmək 800-900 AZN  .','Namizədə tələblər:\r\nAzərbaycan və rus dillərini yüksək səviyyədə bilmək\r\nKompüterdə işləmək bacarığı\r\nŞirkətə daxil olan sorğuların operativ və işgüzar formada cavablandırılması\r\nMəntiqi və riyazi düşüncə qabiliyyəti.\r\nİnternetdən aktiv istifadə etmək, sürətli axtarış və s\r\nOffice proqramlarında işləmə bacarığı (Excel, Word)\r\nBütün  hesab-fakturaların, müqavilə sənədlərinin və onlardan irəli gələn aktların , qaimə-fakturaların  qəbul edilməsi, qeydiyyata alınması, yoxlanılması və müvafiq ödənişinin icra edilməsi üçün hazırlanması və təqdim edilməsi .\r\nMəsuliyyət, düzgünlük, dəqiqlik və etibarlılıq kimi müsbət göstəricilərə sahib olmaq;',131,5,'2023-02-24','Planet travel','+994124498028','800','gunay@planetgroup.az',1,0,NULL,'2023-01-24 10:14:38','2023-01-24 10:14:54',0),(197,'Anbardar',13,'Namizədə tələblər:\r\nAnbardar vəzifəsində ən az 1 il iş təcrübəsi\r\nMS Office bilikləri\r\nKomandada işləmək bacarığı\r\nCiddi, məsuliyyətli, punktual, diqqət, ünsiyyətcil və çalışqan\r\nƏlavə məlumatlar:\r\nƏmək haqqı: 500 azn\r\n5 günlük iş rejimi\r\nNahar şirkət tərəfindən verilir\r\nRəsmiləşdirilmə\r\nİş yeri: Məhəmmədli qəsəbəsi\r\nGöstərilən tələblərə cavab verən namizədlər öz CV–lərini elektron ünvanına, mövzu hissəsində vəzifənin adı “Anbardar” qeyd olunmaqla, göndərə bilərlər.','İş barədə məlumat:\r\nAnbara daxil olan məhsulların qəbulunu, qeydiyyatını və saxlanılmasını təmin etmək (spirtli içkilər, çay, şokolad və xammal)\r\nMalları anbara qəbul edərkən, müvafiq sənədlər əsasında malların faktiki miqdarının (yer sayının), qablaşdırılmanın vəziyyətini yoxlamaq\r\nMalların xüsusiyyətindən asılı olaraq anbarda düzgün yerləşdirilməsini və saxlanılmasını təşkil etmək\r\nAnbardan mal çıxışına nəzarət etmək\r\nAnbarın səmərəliliyinin artırılması və sifarişlərinin icrasını sürətləndirməyə dair işin aparmaq\r\nMalların yüklənilməsi/boşaldılması\r\nMalların yerdəyişdirilməsini təmin etmək\r\nSifarişə uyğun olaraq malların yığılaması və göndərilməsi',132,5,'2023-02-24','AZZA Cake House','+994123102400','500','hr@azza.az',1,0,NULL,'2023-01-24 10:26:58','2023-01-24 10:27:38',0),(198,'optik məsləhətçi',14,'Vəzifə öhdəlikləri:\r\nMüştərilərə çərçivə və optik şüşə seçimində köməklik göstərmək;\r\nKontakt linza və eynəklərin istifadə qaydalarını müştəriyə düzgün şəkildə çatdırmaq;\r\nSifarişlərin, reseptlərin və müştəri məlumatlarının qeydiyyatının aparılması;\r\nMüştəri sorğularının cavablandırılması.\r\nVəzifə tələbləri:\r\nTəhsil: Orta təhsil (Ali təhsil üstünlükdür);\r\nYaş həddi: 25-40 yaş;\r\nCinsi: Qadın\r\nTəcrübə: Satış sahəsində təcrübə arzuolunandır.\r\nDil bilikləri: Azərbaycan dili əla səviyyədə, rus dili və ingilis dili arzuolunandır;\r\nEffektiv  ünsiyyət, intizamlılıq və təqdimetmə bacarığı.','İş şəraiti:\r\nƏmək haqqı: 500-800 AZN;\r\nİş qrafiki: Həftədə 6 günlük iş qrafiki, 1 gün istirahət;\r\nÖdənişsiz optika və satış təlimləri;\r\nAR Əmək məcəlləsinə uyğun sənədləşmə.\r\nQeyd: İlkin müsahibədən seçilən namizədlər ödənişsiz təlimlərdən sonra işlə təmin olunacaqlar.\r\nMüraciət etmək istəyən namizədlərdən öz şəkilli CV-lərini mövzu yerində “Optik məsləhətçi” yazaraq  vacancy@gilasoptic.az  e-mail ünvanına göndərmələri xahiş olunur.',133,5,'2023-02-24','Gilas Optic','+994774890035','500','vacancy@gilasoptic.az',1,0,NULL,'2023-01-24 10:45:40','2023-01-24 10:45:51',0),(199,'UNİVERSAL USTA',13,'İş barədə məlumat\r\nSinteks Şirkətlər qrupuna hal-hazırda Universal Usta tələb olunurİş xülasəsi:\r\n- Bu vəzifənin rolu şirkətin obyektlərində təmir – bərpa işlərinin aparılmasıdır\r\nÖhdəlikləri:\r\n- Texniki İstismar Üzrə Koordinator tərəfindən gələn müxtəlif tipli təmir-bərpa işlərinə dair sorğuları icra edir','Namizədə tələblər\r\nProfessional Biliklər\r\n- Ümumi elektrik sahəsi üzrə bilikləri\r\n- Çilingər və daş işi üzrə biliklər\r\n- Tikinti / təmir işləri üzrə biliklər\r\n- Yanğınsöndürmə tədbirlərinə dair standartları bilmək\r\n- Məişət cihazlarının təmiri üzrə biliklər\r\n\r\nTəhsil\r\n- Texniki sahə üzrə orta-ixtisas təhsili\r\n- Müvafiq sertifikatlar (elektrik üzrə arzuolunandır)\r\nİş Təcrübəsi\r\n- Aidiyyatı sahə üzrə ən azı 3 il iş təcrübəsi\r\nProfessional Bacarıq və Kompetensiyalar\r\n- Təzyiq altında işləmək\r\n- Detallara diqqət',134,5,'2023-02-25','Sinteks','+994502958907','700','recruitment@sinteks.com',1,0,NULL,'2023-01-25 03:43:11','2023-01-25 04:45:46',0),(200,'ADMİNİSTRATOR-KASSİR',13,'İş barədə məlumat\r\nProfessional Biliklər:\r\n- Kassa aparatı və Pos terminalın istismar qaydaları\r\n- Müştəri xidmətinin əsasları\r\n- 1C\r\n- Azərbaycan və Rus dilləri mükəmməl, İngilis dili arzuolunandır\r\n- MS Office və satış Proqramlarını bilmək\r\nTəhsil:\r\n- Maliyyə/İqtisadiyyat və ya digər müvafiq sahədə Ali təhsil\r\nİş Təcrübəsi:\r\n- Administrator - Kassir kimi 2-3 il iş təcrübəsi\r\nProfessional Bacarıq və Kompetensiyalar\r\n- Məsuliyyət\r\n- Detallara diqqət\r\n- Nizam-İntizam\r\n- Stressə davamlılıq','Namizədə tələblər\r\nSinteks Şirkətlər qrupuna hal-hazırda Administrator - Kassir tələb olunur\r\nVəzifənin rolu:\r\n- Mağazanın vaxtında açılıb-bağlanmasını təmin edir\r\n- Mağazada təmizliyə və səliqəyə nəzarət edir\r\n- Mağazada inzibati işləri idarə edir\r\n- Kassa əməliyyatlarını icra edir\r\n- Mağazada müştəri xidmətinin yüksək standartlarına uyğun xidmət göstərir\r\n- Günün yekun hesabatını aparır, təhvil veriləcək pulun mühafizəsini təmin edir, pulu və POS-terminal qəbzlərini aidiyyatı üzrə təhvil verir\r\n- Məhsulları mağazaya qəbul edir və təftiş zamanı iştirak edir\r\n- Mağazada mövcud olan məhsulun, inventarın saxlanması və yerdəyişməsinə nəzarət edir\r\n- Qiymət etiketlərinin uyğunluğuna və mövcudluğuna nəzarət edir',134,5,'2023-02-25','Sinteks','+994512290677','600','recruitment.sales@sinteks.com',1,0,NULL,'2023-01-25 03:45:31','2023-01-25 04:45:47',0),(201,'REKLAM MENECERİ',5,'İş barədə məlumat\r\n- New House daşınmaz Emlak şirkəti\r\n- Mənzillərin,Obyektlerin,torpaqların alqı-satqısı ve kirayesi !\r\n- İş barəsində məlumatı olmayan şəxslərə iş öyrədilir\r\n- İş saat 10:00-dan 19:00-dək kimidir. 1 saat nahar\r\n- İstirahət bazar günləri\r\nWhatsApp ilə əlaqə saxlaya bilərsiniz','Namizədə tələblər\r\n- Xanım,Bəy\r\n- Azərbaycan dilində qüsursuz danışıq\r\n- Xarici görünüşə önəm verilir\r\n- Şəhəri tanımaq vacibdir\r\n- Müştərilərlə ünsiyyət qurmaq qabiliyyəti\r\n- Tam orta təhsil mütləqdir\r\n- Kompyuter anlayışı olmalıdır',28,5,'2023-02-25','New House','+994702860404','900','mirzeyevanar10012@gmail.com',1,0,NULL,'2023-01-25 03:48:05','2023-01-25 04:45:48',0),(202,'SATIŞ ÜZRƏ MENECER',8,'İş barədə məlumat\r\n- Baş idarə dostluq kinoteatrı yaxınlığındadır. Şəhər üzrə filiallar mövcuddur!\r\n- İş saatı 10:00-dan 19:00-dək, nahar 13:00-dan 14:00-dək\r\n- Həftədə 1 gün istirahət\r\n- Bayram günləri qeyri iş günüdür\r\n- Rəsmi iş yeridir\r\n- İşçilər tibbi sığorta ilə təmin olunur\r\n- Əməkdaşlara ipoteka dəstəyi nəzərdə tutulur!','Namizədə tələblər\r\n- New House əmlak şirkəti yeni vakansiyalar elan edir!\r\n- Əməkdaşlıq etmək istəyən namizədlər şəkilli cv lərini öncədən whatsapp nömrəsinə göndərsin.\r\n- Qazanc faiz nisbətil ilə hesablanır!\r\n- Məhdudiyyət yoxdur!\r\n- Bacarıqlı şəxslər aylıq 2.500 azn üzəri qazanc edə bilir!\r\n- Namizədlərin insanlarla yüksək ünsiyyət qabiliyyəti olmalıdır\r\n- Xarici görünüşə önəm verilir\r\n- Şəhəri orta səviyyədə tanımağı vacibdir\r\n- Komputer biliyi orta olmağı kifayət edir\r\n- Məhbusluq olmamalıdır! Pozitiv şəxslərə üstünlük veriləcək!',28,5,'2023-02-25','Sinteks','+994702860404','800','mirzeyevanar10012@gmail.com',1,0,NULL,'2023-01-25 03:54:02','2023-01-25 04:45:50',0),(203,'ƏRAZİ KURATORU',8,'İş barədə məlumat\r\n- New House daşınmaz Emlak şirkəti\r\n- Mənzillərin,Obyektlerin,torpaqların alqı-satqısı ve kirayesi !\r\n- İş barəsində məlumatı olmayan şəxslərə iş öyrədilir\r\n- İş saat 10:00-dan 19:00-dək kimidir. 1 saat nahar\r\n- İstirahət bazar günləri\r\nWhatsApp ilə əlaqə saxlaya bilərsiniz','Namizədə tələblər\r\n- Xanım,Bəy\r\n- Azərbaycan dilində qüsursuz danışıq\r\n- Xarici görünüşə önəm verilir\r\n- Şəhəri tanımaq vacibdir\r\n- Müştərilərlə ünsiyyət qurmaq qabiliyyəti\r\n- Tam orta təhsil mütləqdir\r\n- Kompyuter anlayışı olmalıdır',28,5,'2023-02-25','Sinteks','+994702860404','1000','mirzeyevanar10012@gmail.com',1,0,NULL,'2023-01-25 03:56:57','2023-01-25 04:45:52',0),(204,'SATIŞ MENECERİ',8,'İş barədə məlumat\r\n- New House daşınmaz Emlak şirkəti\r\n- Mənzillərin,Obyektlerin,torpaqların alqı-satqısı ve kirayesi !\r\n- İş barəsində məlumatı olmayan şəxslərə iş öyrədilir\r\n- İş saat 10:00-dan 19:00-dək kimidir. 1 saat nahar\r\n- İstirahət bazar günləri\r\nWhatsApp ilə əlaqə saxlaya bilərsiniz','Namizədə tələblər\r\n- Xanım,Bəy\r\n- Azərbaycan dilində qüsursuz danışıq\r\n- Xarici görünüşə önəm verilir\r\n- Şəhəri tanımaq vacibdir\r\n- Müştərilərlə ünsiyyət qurmaq qabiliyyəti\r\n- Tam orta təhsil mütləqdir\r\n- Kompyuter anlayışı olmalıdır',28,5,'2023-02-25','Sinteks','+994702860404','900','mirzeyevanar10012@gmail.com',1,0,NULL,'2023-01-25 04:00:05','2023-01-25 04:45:53',0),(205,'NETWORK SUPPORT ENGİNEER (SD-WAN, LAN, Wİ-Fİ SYSTEMS)',6,'İş barədə məlumat\r\nSupport of LAN, WAN, Wi-Fi systems\r\nWorking hours: 09:00am - 18:00pm','Namizədə tələblər\r\n- Advanced knowledge and experience in LAN/WAN administration\r\n- Excellent knowledge of administration of networks based on Cisco active network equipment (network switches family 2xxx, 3xxx, 4xxx and 8xxx network switches, IDS, IPS, SD-WAN)\r\n- Huawei experience\r\n- Experience in configuration, use and error diagnostics of Cisco routers and multiplexers\r\n- Knowledge of local- and wide-area network architecture, LAN/WAN control systems\r\n- Configuring and administering Wi-Fi devices (access points and Wi-Fi controllers)\r\n- Knowledge and experience in using the following protocols: TCP/IP, OSPF, BGP, IPSec\r\n- Knowledge and experience in application of QoS: diffserv, CBWFQ, LLQ, PQ, CQ, WFQ, shaping, policing;\r\n- Knowledge and experience of L2 protocol use: xSTP, bpdu control, q-in-q tunnels, vlan private network, storm control, L2 security\r\n- Experience in regulatory document development\r\n- Experience of working with solutions based on mobile IT technologies and mobile office (e-Token PKI Client)\r\n- Valid CCNP Certified and passed exam 300-415 (SD-WAN) or above the required.\r\n- Language skills: English: at least intermediate level',135,5,'2023-02-25','LUKOIL Technology Services GmbH Branch Baku','+994124974105','2000','lala.agaeva@eu.lukoil.com',1,0,NULL,'2023-01-25 04:08:05','2023-01-25 04:45:56',0),(206,'ORTA PHP LARAVEL PROQRAMÇI',6,'İş barədə məlumat\r\n- Yeni proqram təminatı hazırlanması\r\n- Mövcud proqram təminatlarına texniki dəstək göstərilməsi\r\n- Mövcud proqram təminatlarının inkişaf etdirilməsi\r\n- Proqram təminatlarının test edilməsi\r\n- İş vaxtı: həftənin 5 günü, saat 09:00-dan- -18:00-dək\r\n- Əmək haqqı namizədin bilik, bacarıq və praktik iş təcrübəsinə uyğun olaraq müsahibə zamanı razılaşdırılacaq','Namizədə tələblər\r\n- PHP (MVC, OOP, Laravel framework) bilikləri mütləqdir\r\n- MySQL/relational database üzrə təcrübə\r\n- RESTFul API üzrə təcrübə\r\n- Optimal Sorğuların yazilması və yazılmış sorgularin optimallaşdırılması\r\n- HTML, CSS, JavaScript, jQuery haqqında əsas biliklər mütləqdir',136,5,'2023-02-25','PreBrand MMC','+994124803176','400','hr@prebrand.az',1,0,NULL,'2023-01-25 04:18:34','2023-01-25 04:45:57',0),(207,'RESEŞN',13,'İş barədə məlumat\r\n- Hotel Əhməd Rəcəbli (Nərimanov) küçəsində yerləşir\r\n- Qonaqların qarşılanması və qeydiyyat prossesinin icrası\r\n- Qonaqların tələblərini operativ şəkildə lazımi bölmələrə yönləndirmək\r\n- Telefon zənglərinə cavab vermək\r\n- Reservasiyalari vaxtinda ve duzgun sekilde sisteme vurmaq\r\n- 8 saatlıq İş rejimi həftədə 1 gün istirahət\r\n- Nahar müəssisə tərəfindən verilir. iş rejimi 3 növbədən ibarətdir (hər növbədə çalışmaq şərti ilə)\r\n- Qonaqların bütün arzu və istəklərini, şikayətlərini əlaqədar bölmə ilə koordinasiya edərək həll etmək\r\n- Otelin fəaliyyəti haqqında bütün məlumatlara malik olmalı və zəng edən müştərilərə ətraflı izah etməlidir\r\n- Rəsmi qaydada əmək müqaviləsi imzalanır','Namizədə tələblər\r\n- Hoteldə qeydiyyatçı kimi təcrübəsi olan\r\n- Məsuliyyətli\r\n- Bəy və Xanım namizədlər\r\n- Etik davranış qaydalarına sahib olmalı\r\n- Diqqətli,məsuliyyətli\r\n- Ofis proqramlarından anlayışı olan\r\n- Gülərüz, ünsiyyətcil, səliqəli və işə qarşı məsuliyyətli olmaq\r\n- Komandada işləmə və sərbəst qərar qəbuletmə bacarığı\r\n- İngilis dilini ən az orta səviyyədə bilməli\r\n- Aidiyyatı sahə üzrə iş təcrübəsinin olması üstünlükdür\r\n- Yuxarıda sadalanan keyfiyyətlər olduğu təqdirdə iş prosesinə dair bütün lazımi biliklər tərəfimizdən öyrədiləcək\r\nZəhmət olmasa fotoşəkilli cv\'nizi başlıqda \"Reception\" qeyd etməklə sales@atlashotelbaku.com elektron poçt ünvanına göndərəsiniz',137,5,'2023-02-25','Atlas Hotel Baku','+994779900101','400','sales@atlashotelbaku.com',1,0,NULL,'2023-01-25 04:24:19','2023-01-25 04:46:17',0),(208,'DİVAN KAZKAZ USTASI',13,'İş barədə məlumat\r\n- İş həftənin 6 günüdür\r\n- Bazar günü istirahətdir\r\n- İş saatları 08:00-dan-18:00-dək','Namizədə tələblər\r\n- Viona MMC-nin Yumşaq Mebel Fabriki üçün\r\n- Divan Karkaz ustası axtarılır\r\n- Divan Karkaz şablonu çıxarmağı bacarsın\r\n- İşində məsuliyyətli, dəqiq olsun',138,5,'2023-02-25','Viona MMC','+994554446414','1000','hr@viona.az',1,0,NULL,'2023-01-25 04:43:00','2023-01-25 04:46:19',0),(209,'MAL MATERİAL ÜZRƏ ANBARDAR',13,'İş barədə məlumat\r\n- İş saatı : 08:00-dan-18:00-dək\r\n- İş günləri : Həftənin 6 günü, bazar istirahətdir\r\n- AR qanunvericiliyinə əsasən rəsmiləşmə\r\n- Ünvan : Abşeron rayon, Ceyranbatan qəsəbəsi, Şah Sarayı ilə üzbəüz','Namizədə tələblər\r\n- Viona Mebel Şəbəkələrinin Yumşaq məhsul istehsalı Fabriki üçün anbardar axtarılır\r\n- Fabrikə daxil olan mal materialın fiziki cəhətdən qaiməyə uyğun yoxlanılması və qəbulu\r\n- İstehsal olunan məhsulların təyinatı üzrə anbara qaiməyə əsasən təhvil verilməsi\r\n- İstehsala verilən məhsulların kalkulyasiya üzrə mal materialının müvafiq istehsal şöbəsinə təhvili\r\n- Mühasibin və istehsal rəhbərinin digər tapşırıqlarının yerinə yetirilməsi',138,5,'2023-02-25','Viona MMC','+994554447005','800','hr@viona.az',1,0,NULL,'2023-01-25 04:45:10','2023-01-25 04:46:20',0),(210,'PYTHON DJANGO ÜZRƏ TƏLİMÇİ',5,'İş barədə məlumat\r\n- Online və Əyani formatda Python dərslərinin tədrisi\r\n- Python proqramlaşdırma dili üzrə özünəməxsus dərs proqramının olması\r\n- Dərs planını hazırlamaq və dərslərin proqram üzrə təşkilini təmin etmək\r\n- Kurs və ya repetitor təcrübəsi olmalı\r\n- Müxtəlif dərs metodları, daha çox praktiki yolla dərslərin daha maraqlı keçməsini təmin etmək\r\n- Praktiki ev tapşırıqları və imtahan sualları hazırlamaq\r\n- İş qrafiki: Part-time (Sərbəst)','Namizədə tələblər\r\n- Yaş həddi: 22-40 yaş\r\n- Təhsil: Ali\r\n- İş təcrübəsi: 2 il və daha çox\r\n- Rus dili biliyi: yüksək səviyyədə olmalıdır\r\n- Məsuliyyətli, müasir metodlarla dərs keçmək bacarığına malik bacarıqlı müəllimələri aramızda görməkdən şad olarıq\r\n- Bu vakansiya üzrə müraciət etmək istəyirsinizsə zəhmət olmasa CV-nizi career@jedai.az ünvanına göndərin və məktubun başlığına \"Python üzrə təlimçi\" qeyd etməyi unutmayın',139,5,'2023-02-25','JedAi Rəqəmsal Marketinq Agentliy','+994123101599','800','career@jedai.az',1,0,NULL,'2023-01-25 05:24:45','2023-01-25 05:29:35',0),(211,'SMM MENECER',5,'İş barədə məlumat\r\n- Həftədə 6 gün\r\nSəhər saat 09:00-dan-19:00-dək','Namizədə tələblər\r\n- Sosial şəbəkələrdə hesabların idarə olunması\r\n- İngilis dil biliyi',140,5,'2023-02-25','Mobistore','+994517776060','600','info@mobistore.az',1,0,NULL,'2023-01-25 05:29:21','2023-01-25 05:29:36',0),(212,'KOPİRAYTER',5,'İş barədə məlumat\r\n- İş qrafiki: Bazar ertəsi - Şənbə (qısa iş günüdür)\r\n- Əmək haqqı: 500 AZN + Bonus\r\n- İş yeri: Atatürk prospekti (sərbəst iş qrafiki ilə çalışma ehtimalı mümkündür)\r\nLayihə hədəflərini analiz edib gözləntiləri anlaya bilən, müştəri və işəgötürənin ehtiyaclarını nəzərə alaraq digər məlumatları təkrarlamadan orijinal məzmun və mətn hazırlayacaq komanda yoldaşı axtarırıq!\r\nKomandamızın yeni üzvü olmaq qərarına gəlmisinizsə CV-niz ilə bərabər portfoliyonuzu Hr@mobilex.az mail ünvanına “Kopirayter” başlığı ilə göndərməyinizi xahiş edirik','Namizədə tələblər\r\n- Sahə üzrə ən az 2 il iş təcrübəsi\r\n- Güclü ünsiyyət, araşdırma və yazma bacarığı\r\n- Layihə və hədəf auditoriya ilə əlaqəli ehtiyacları anlamaq bacarığ',141,5,'2023-02-25','Mobilex','+994123105714','500','Hr@mobilex.az',1,0,NULL,'2023-01-25 05:36:47','2023-01-25 05:42:01',0),(213,'TİBBİ NÜMAYƏNDƏ',14,'İş barədə məlumat\r\nİşçinin vəzifə və öhdəlikləri:\r\n- Şirkətin məhsullarını tibb müəssisələrində və apteklərdə tanıtmaq\r\n- Həftəlik və aylıq hesabatların hazırlanması\r\n- Satış dinamikasının izlənilməsi və təhlili\r\nİş rejimi və güzəştlər:\r\n- Müsabiqədən keçmis və sınaq müddətini uğurla başa vurmuş şəxslərin AR Əmək Məcəlləsinə uyğun elektron sənədləşməsi\r\n- Stabil əmək haqqı və nəticələrdən asılı olaraq mükafatlar\r\n- 5 günlük iş rejimi\r\n- İl ərzində şirkət hesabına məzuniyyət','Namizədə tələblər\r\n- Ali təhsil və ya orta tibb təhsili\r\n- Səlis və aydın nitq, sistemli təqdimat bacarığı\r\n- Rəsmi və səliqəli geyim tərzi\r\n- Dürüst, məsuliyyətli və qoyulan tapşırıqları vaxtında yerinə yetirmək\r\n- Hərəkətli iş rejimində və kollektivdə işləmə bacarığı\r\nMaraqlanan şəxslərdən CV-lərini doktorfarma2021@gmail.com ünvanına göndərmələri xahiş olunu\r\n- Rayonlar üzrə namizədlər !',142,5,'2023-02-25','Doctor Pharma','+994709449933','400','doktorfarma2021@gmail.com',1,0,NULL,'2023-01-25 07:11:03','2023-01-25 07:17:54',0),(214,'MÜƏLLİM',11,'İş barədə məlumat\r\n- Kursumuzda 7 yaşından başlayaraq uşaqlara, həvəskarlara və akademiya abituriyentlərinə rəssamlıq dərsləri keçirilir\r\n- İş saatı : 10:00-dan - 19:00-dək\r\n- Həftə içi 5 gün\r\n- Ünvan: Mətbuat Prospekti 62, Elmlər Akademiyası m\\s','Namizədə tələblər\r\n- Rəssamlıq təhsili olmalıdır\r\n- Rus dili biliyi vacibdir\r\n- Tələbələr ilə ünsiyyət yaratmağı bacarmalı\r\n- İşində məsuliyyətli olmalı',143,5,'2023-02-25','Çınqıllı Bulaq','+994702142019','300','naskerli009@gmail.com',1,0,NULL,'2023-01-25 07:17:28','2023-01-25 07:17:55',0),(215,'OFİS MENECERİ',7,'İş barədə məlumat\r\n- Çox səlis kommunikasiya qabiliyyəti\r\n- Müştəri məmnuniyyətini önəmsəmək, problemləri köməyə ehtiyac duymadan həll etmək qabiliyyəti\r\n- Proyekt idarə etmə bacarığı, başladığı işi tamamlama motivasiyasi\r\n- Dəqiq, məsuliyyətli, operativ, komanda ilə işləmə bacarığı\r\n- Analitik və riyazi düşünmə qabiliyyətinə sahib\r\n- Dinamik, aktiv, diribaş, sual verməkdən çəkinməyən, tələbkar kimliyə və professional iş etikasına sahib\r\n- Güclü ünsiyyət qabiliyyətinə malik\r\n- Daimi inkişaf etmək istəyi\r\n- İş vaxtı həftənin 5 günü, 09:00-dan-19:00-dək\r\n- Karyera yüksəlişi və maaş artımı (istək və bacarığınızdan asılıdır)\r\nMaaş 500-700 AZN arası başlanğıc məbləğ biliyinizdən asılı olaraq təyin olunur\r\nCv-nizi Markaaz.advertising@gmail.com ünvanına göndərməyinizi xahiş edirik','Namizədə tələblər\r\n- Daxil olan telefon zənglərinə və mesajlara cavab vermək\r\n- Müştəriləri qiymət və mövcud məhsullar haqqaında məlumatlandırmaq və satışın həyata keçirilməsi\r\n\r\n- Sifarişlərin qeydiyyata alınması\r\n- Hər sifarişin başlanğıcından tamamlanma mərhələsinə qədər bütünlükdə prosesə nəzarət etmək\r\n- Müştəri məmnuniyyətini ön planda tutmaq, deadline daxilində işləmək\r\n- Problemli müştərilərin problemlərinin həll edilməsi\r\n- Rəhbərlik tərəfindən verilən tapşırıqların vaxtında və dəqiq yerinə yetirilməsi',144,5,'2023-02-25','Marka.az Advertising agency','+994507715522','500','Markaaz.advertising@gmail.com',1,0,NULL,'2023-01-25 07:23:19','2023-01-25 07:29:57',0),(216,'SATIŞ MƏSLƏHƏTÇİSİ',8,'İş barədə məlumat\r\n- Park Bulvarda Parfumeriya maqazinidir\r\n- 2 növbəli iş qrafikidir (10:00-dan-16:00-dək və 16:00-dan-22:00-dək)\r\n- Həftə içi 1 gün istirahət günüdür\r\n- AR Əmək Məcəlləsinə əsasən sənədləşmə aparılır\r\n- Maaş 300 AZN+faiz','Namizədə tələblər\r\n- Yalnız xanım satıcılar\r\n- İngilis dili danışığı yüksək səviyyədə olan\r\n- Ünsiyyətcil, mehriban, enerjisi yüksək, gülərüzlü, ikna qabiliyyəti olan\r\n- Müdriyyətin tapşırıqlarını yerinə yetirən, məsiliyyətli, yüksək satış hədəfi olan\r\n- Məhsulları müştəriyə yüksək səviyyədə tanıdan\r\n- İntizamlı, kollektivdə işləmə bacarığı olan\r\n- Yüksək danışıq qabiliyyəti\r\n- Təqdimat bacarığı olan\r\n- Səliqəli və baxımlı görünüşü olan dinamik xanımlar',145,5,'2023-02-25','Lavie Global','+994512913131','300','info@lavie.global',1,0,NULL,'2023-01-25 07:29:50','2023-01-25 07:29:59',0),(217,'XADİMƏ',13,'İş barədə məlumat\r\n- Restoranda və mətbəxdə təmizliyin və səliqənin olmasını təmin edir\r\n- Pencərə və sanitar qovşaqın təmizliyini həyata keçirir\r\n- Təmizlik vasitələrinin sifarişini restoran menecerinə təqdim edir\r\n- Tapşırıqların vaxtında yerinə yetirilməsini təmin edir','Namizədə tələblər\r\n- Yaş 25-50\r\n- Orta təhsil\r\n- Müvafiq sahə üzrə 1-3 il iş təcrübəsi\r\n- Təmizkar, yüksək xidmət göstərmək bacarığı\r\n- Komanda ilə işləmək bacarığı\r\n- Məsuliyyətli, punktual',37,5,'2023-02-25','Pizza Mizza','+994502917735','400','hr@pizzamizza.az',1,0,NULL,'2023-01-25 07:43:26','2023-01-25 07:48:28',0),(218,'MENECER KÖMƏKÇİSİ',13,'İş barədə məlumat\r\n- Restoranın işçi heyətinə rəhbərlik edir\r\n- İşçilər arasında onların vəzifə öhdəliklərinə uyğun iş bölgüsü aparır\r\n- Həftəlik iş qrafiki tərtib edərək işçilərə və İR şöbəsinə təqdim edir\r\n- Yeni işçilərə prosedura uyğun təlim keçir və təyin edilmiş vaxtda dəyərləndirmə cədvəlini Əməliyyat şöbəsinə təqdim edir\r\n- Filialın satış göstəricilərinin artması istiqamətində təkliflər irəli sürür və müvafiq tədbirlər görür\r\n- Təlimlər haqqında aylıq hesabatı müvafiq formada İR şöbəsinə təqdim edir\r\n- Gündəlik inventarizasiyanı həyata keçirir\r\n- Nizam- intizam qaydaları haqqında mütəmadi olaraq təlim keçir, iclaslarda müzakirə edir və əməl olunmasını tələb edir\r\n- Məhsulların itirilməsi və ya zədələnməsinin qarşısını alır\r\n- Ümumi səliqə-səhmanının qorunub saxlanılmasına cavabdehdir\r\n- Ümumi fəaliyyəti haqqında tələb olunan bütün hesabatları hazırlayıb təqdim edir\r\n- Post-terminal, dövlət kassası, kompyuter və digər avadanlıqların işlək vəziyyətdə olmasına cavabdehdir\r\n- Post terminallar və kassa üçün lazımı kağızların tədarükünü görür','Namizədə tələblər\r\n- Ali təhsil\r\n- Müvafiq sahədə minimum 1-3 il təcrübə\r\n- Dil bilikləri: Azərbaycan və rus dili (ingilis dili arzuolunandır)\r\n- Yaş 25-35\r\n- Ofis proqramlarının biliyi\r\n- Komandada işləmək bacarığı\r\n- Stresə davamlı, gülərüz, punktual, məsuliyyətli\r\n- İdarə etmə bacarıqları',37,5,'2023-02-25','Pizza Mizza','+994502917735','500','hr@pizzamizza.az',1,0,NULL,'2023-01-25 07:45:45','2023-01-25 07:48:29',0),(219,'PİZZAÇI',13,'İş barədə məlumat\r\n- Mətbəxin ümumi gündəlik işinin təşkili, planlaşdırılması və koordinasiyasında Baş Pizzamenə dəstək verir\r\n- Pizzaların, sendviçlərin, salatların, qəlyanaltıların və pastaların hazırlanması təmin edir\r\n- Sifarişin standarta uyğun vaxtında hazırlanmasını təmin edir\r\n- Mətbəx işçi heyətinin işinin səmərəli təşkili və idarə olunmasında dəstək verir,\r\n- Məhsulların yararlılıq müddətinə və keyfiyyətinə nəzarət edir\r\n- Məhsulları müəyyən olunmuş standartlar və qaydalar əsasında hazırlanmasını həyata keçirir\r\n- Gün ərzində standartlar əsasında xəmirin kündələnməsini, tərəvəzlərin doğranılması\r\nhəyata keçirir\r\n- Mətbəx avadanlıqlarının təmizliyini həyata keçirir\r\n- Mətbəxdə gigiyena və qida təhlükəsizliyi standartlarının tələblərinə riayət edir','Namizədə tələblər\r\n- Yaş 18-35\r\n- Ali təhsil\r\n- Azərbaycan və Rus dili biliyi olmalı\r\n- Restoran sahəsi üzrə həvəs və marağı olmalı\r\n- Komanda ilə işləmək bacarığı olmalı\r\n- Məsuliyyətli, təmizkar, punktual olmalı\r\n-Bakı və Sumqayıt filialları üzrə',37,69,'2023-02-25','Pizza Mizza','+994502917735','400','hr@pizzamizza.az',1,0,NULL,'2023-01-25 07:48:10','2023-01-25 07:48:30',0),(220,'SATIŞ MENECERİ',14,'Vəzifə öhdəlikləri:\r\nTibbi sərfiyyat vasitələrinin çeşidlərinə dair bazar araşdırılmasının aparılması, məhsul və müştəri ilə bağlı satış məlumatlarının analizi\r\nŞirkətin satış strategiyasına uyğun olaraq satış və müştəri bazasının formalaşdırılması və idarə edilməsi\r\nSatış dövriyyəsinin artırılmasına dair uyğun təkliflərin hazırlanması\r\nTibbi sərfiyyat vasitələrinin sifarişlərinin verilməsini həyat keçirmək və nəzarət etmək\r\nTibbi sərfiyyat vasitələrinin çeşidləri barədə müştərilərə dolğun, ətraflı məlumatların verilməsi, suallarının əsaslandırılmış formada cavablandırılması, məhsulun keyfiyyəti və digər xüsusiyyətləri barədə məlumat verilməsi\r\nMüştəri bazasını artırmaq, yeni müştərilərin cəlb edilməsi üçün təklifləri hazırlayaraq rəhbərliyə təqdim etmək\r\nPotensial müştəriləri müəyyənləşdirmək, onlarla əlaqə yaratmaq\r\nKlinika və aptek şəbəkələri ilə danışıqların aparılması və görüşlərin təşkil edilməsi','Namizədə tələblər:\r\nAli təhsil\r\nMüvafiq vəzifə üzrə minimum 3 il iş təcrübəsi (Tibb sahəsində təcrübə mütləqdir)\r\nMC Office proqram bilikləri\r\nİdarəetmə və ünsiyyət qurma bacarığı\r\nİş rejimi:\r\nƏmək haqqı: 800-1000 AZN\r\nİş günləri: 5 gün, 09:00-dan 18:00-dək\r\nİstirahət günləri - Şənbə/Bazar\r\nMaraqlanan şəxslər öz CV formalarını  hrm@terrapharm.az ünvanına göndərə bilər (məktubun mövzu bölməsində vakansiyanın adını “Satış meneceri” qeyd etməyiniz xahiş edilir, əks halda müraciətə baxılmayacaq)',147,5,'2023-02-26','Terra Pharm','+994552057787','800','hrm@terrapharm.az',1,0,NULL,'2023-01-26 10:01:31','2023-01-26 11:09:36',0),(222,'SATIŞ NÜMAYƏNDƏSİ',8,'İş barədə məlumat\r\n- Satış hədəflərinin vaxtında icra etmək\r\n- Rut üzrə satış nöqtələrinə vaxtında vizitlərin edilməsi\r\n- Satış müqavilələrinin bağlanmasına və satış prosesinə nəzarət etmək\r\n- Aylıq satış hədəflərinə çatmaq\r\n- Şirkətə aid olan məhsulların təqdimatlarını təqdim etmək\r\n- Məhsulların satış nöqtələrində sayını nəzarət altında saxlamaq\r\n- Bütün müştərilərlə tərəfdaşlıq münasibətləri qurmaq və gündəlik işində rəhbər tutmaq\r\n- Gündəlik gördüyü iş barədə supervayzerə məlumat vermək\r\n- Bütün növ məhsulların satış nöqtələrində və rəflərində olmasını təmin etmək\r\n- İş saatları: 08:00-dan-17:00-dək\r\n- İstirahət günləri: Şənbə və Bazar günləri\r\n- Tibbi sığorta mövcuddur\r\nYuxarıda qeyd edilən tələblərə cavab verən namizədlər öz CV-formalarını cv@engin.az ünvanına mövzu hissəsində “Satış nümayəndəsi - İsmayıllı, Qəbələ” qeyd edərək göndərməyiniz xahiş olunur','Namizədə tələblər\r\n- Təhsil: Ali təhsil vacibdir (menecment, marketing üstünlük verilir)\r\n- İş təcrübəsi: mövcud vəzifə üzrə 3 il iş təcrübəsi\r\n- Xarici dil: arzu olunandır\r\n- Yaş həddi: 24-31 yaş\r\n- Yaşayış yeri: İsmayıllı və Qəbələ rayonlarına üstünlük verilir.\r\n- Sürüclük vəsiqəsi vacibdir (B)\r\n- Cins: Kişi namizədlərə üstünlük verilir\r\n- Satış texnikalarını bilmək\r\nŞəxsi keyfiyyətlər:\r\n- Effektiv ünsiyyət\r\n- Problem həll etmə\r\n- Gülərüz',148,44,'2023-03-03','Engin LTD','+994554555010','700','cv@engin.az',1,0,NULL,'2023-01-31 04:03:05','2023-01-31 06:22:58',0),(223,'SATIŞ ÜZRƏ MÜTƏXƏSSİS',8,'İş barədə məlumat\r\n- İş yeri: Babək Plaza\r\n- İş saatları: 09:00 dan-18:00-dək\r\n- Bayram günləri qeyri iş günüdür\r\n- Rəsmi iş yeridir\r\n- Fiks maaş +%','Namizədə tələblər\r\n- Verilən tapşırıqları vaxtında və keyfiyyətlə yerinə yetirmək\r\n- Səlis ingilis dili (Rus dili arzu olunandir)\r\n- Yerli və xarici bazarın araşdırması (Çin bazarı)\r\n- Satış bacarığı və səlist danışıq\r\n- Fikrini ayın ifadə edə bilməli\r\n- Məsuliyyətli, dürüst və ünsiyyət qurma bacarığı\r\n- Müştərilərin məhsul və xidmətlər, onların faydaları barədə məlumatlandırılması\r\n- Müştərilərin tələblərini nəzərə alaraq, qiymət təklifinin verilməsi\r\n- Görülmüş işlər və cari sifarişlər barədə hesabatların hazırlanması və rəhbərliyə təqdim olunması\r\n- İş təcrübəsi : müvafiq sahə üzrə minimum 5 il təcrübə',81,5,'2023-03-03','Novatech','+994505458842','700','info@novatech.az',1,0,NULL,'2023-01-31 04:05:57','2023-01-31 06:23:00',0),(224,'FLORİST',13,'İş barədə məlumat\r\n- İş yeri: Semed Vurgun 85 . Maliyye nazirliyinin yaninda.\r\n- İş qrafiki: 09:00-dan-18:00-dək, 2 növbə 13:00-dan- 22:00-dək, 2 növbə\r\n- Florist maaşı 500- 900 azn, köməkçi 300-350 azn, stajor isə 250 azn','Namizədə tələblər\r\n- Florist, florist köməkçisi və ya stajor tələb olunur\r\n- Rus dili arzuolunandır',149,5,'2023-03-03','Roses Are Red','+994554440016','500','info@roses.az',1,0,NULL,'2023-01-31 04:13:55','2023-01-31 06:23:01',0),(225,'SİSTEM İNZİBATÇISI',6,'İş barədə məlumat\r\n- Şəbəkə avadanlıqlarının (Aktiv və passiv) quraşdırılması, sazlanması və profilaktikası\r\n- Hardware və software səviyyəsində yaranmış problemlərin diaqnostikası və aradan qaldırılması\r\n- OS & Software quraşdırılması/ monitorinq/dəstək\r\n- MS Windows Server (2012 - ), Windows 7/10,11 əməliyyat sistemlərinin quraşdırılması və administrasiyası\r\n- Linux əməliyyat sistemlərinin quraşdırılması və administrasiyası\r\n- VMWare quraşdırılması və dəstək\r\n- Şəbəkə üzərində VoİP texnolgiyasının tətbiqi\r\n- Videokonferensiya avadanlıqlarının quraşdırılması və konfiqurasiya olunması\r\n- İP PBX quraşdırılması və konfiqurasiya olunması\r\n- CCTV avadanlıqlarının (DVR, Analog və İP kameralar) konfiqurasiya olunması\r\n- Wireless şəbəkələrinin qurulması\r\n- Printerlərin quraşdırılması və konfiqurasiya edilmesi\r\n- Software-Proqramlarin quraşdırılması və konfiqurasiya edilməsi\r\n- Domen şəbəkələrində istifadəçilərin idarə olunması (Active Drectory)\r\n- Şəbəkə avadanlıqlarında təhlükəsizliyin təmin edilməsi\r\n- Şəbəkə monitorinqinin aparılması\r\n- Avadanlıqlarda log-lara nəzarət\r\n- Modemlərin konfiqurasiya olunması\r\n- Ehtiyat nüsxələrin (backup çıxardılması)\r\n- Kommunikasiya xətlərində yaranmış nasazlıqların aradan qaldırılması\r\n- HelpDesk sistemində istifadəçilərdən daxil olan sorğuları qəbul və icra etmək\r\n- İş qrafiki 5 günlükdür\r\n- İş vaxtı 09:00-dan-18:00-dək','Namizədə tələblər\r\n- Əməliyyat sistemləri haqqında biliklər\r\n- Windows, Linux, Unix Server əməliyyat sistemlərində iş təcrübəsi\r\n- OSİ model (özəlliklə TCP/İP haqqında) ətraflı biliklər\r\n- VoİP texnolgiyasında istifadə olunan protokollar (SİP, H323 və s.) haqqında biliklər\r\n- Şəbəkə təhlükəsizliyi (firewall, VPN, IPSec və s.) haqqında biliklər\r\n- Wireless şəbəkəsi haqqında məlumatlı olmaq\r\n- Yuxarıda sadalananlar üzrə sertifikatı olanlara üstünlük verilir.\r\n- Şəbəkə və şəbəkə təhlükəsizliyi ilə iş təcrübəsi\r\n- Müştəri ilə işləyə bilmək qabiliyyəti\r\n- Ən azı 3 il iş təcrübəsi\r\n- Üzərində işləmək və daim inkişaf etmək qabiliyyəti\r\n- Nizam-intizamlı olub şirkətdaxili qaydalara riayət etmək\r\n- Ehtiyac olduqda olkədaxili və ölkəxarici ezamiyyətlərə getmək imkanı\r\n- Ehtiyac olduqda qeyri iş saatlarında və günlərində işləmək\r\n- Komandada işləmək qabiliyyəti',150,5,'2023-03-03','Prosys','+994125941232','1000','hr@prosys.az',1,0,NULL,'2023-01-31 04:26:10','2023-01-31 06:23:02',0),(226,'PROQRAM TƏMİNATININ TƏTBİQİ ÜZRƏ MÜHASİB',6,'İş barədə məlumat\r\nProsys MMC-nin ERP proqram təminatı məhsullunun tətbiqi və inkişaf etdirilməsi istiqamətində SCRUM komandasında ERP Product Owner rolunu icra edərək aşağıdakı öhdəliklərin yerinə yetirilməsi:\r\n- Sifarişçinin nümayəndələri ilə analitik müsahibələrin aparılması, sifarişçinin tələblərinin müəyyən edilməsi və təhlili\r\n- Biznes tələblərin qeydə alınıb analiz olunaraq SCRUM komandasına ötürülməsi\r\n- Mövcud olan informasiya sistemlərinin/\r\nproqram təminatının ekspertizasının aparılması\r\n- Texniki tapşırıq, texniki təklif və digər analiz sənədlərinin hazırlanması (Funksional spesifikasiyanın yazılması və yaradılması)\r\n- Proseslərin modellərinin sxemlər vasitəsi ilə qurulması və təsviri\r\n- Texniki tapşırıqların SCRUM komandası ilə müzakirə edilməsi\r\n- Tələblərin izlənilməsi\r\n- Proseslərin effektivliyinin ölçülməsi üzrə zəruri tədbirlərin irəli sürülməsi\r\n- Biznes tələblərinə görə hesabatların hazırlanması\r\n- Yeni funksionallığın test olunması\r\n- Proqram təminatlarında lazımi konfiqurasiyaların aparılması\r\n- Daim yeni texnologiyalar haqqında bilik sahibi olması\r\n- Sifarişçilərə məhsulların təqdimatının keçirilməsi\r\n- İş vaxtı: həftənin 5 günü\r\n- Saat 09:00-dan-18:00-dək\r\n- İstirahet günləri: şənbə, bazar\r\n- Əmək haqqı namizədin bilik, bacarıq və praktik iş təcrübəsinə uyğun olaraq müsahibə zamanı razılaşdırılacaq\r\nQeyd olunan tələblərə uyğun namizədlər mövzü yerində “Proqram təminatının tətbiqi üzrə mühasib” yazaraq CV formasını hr@prosys.az elektron ünvanına göndərməklə müraciət edə bilərlər','Namizədə tələblər\r\n- Mühasibatlıq sahəsində 10 illik təcrübə\r\n- Baş mühasib sahəsində 5 illik təcrübə\r\n- Maliyyə və mühasibatlıq(ERP) proqram təminatının istifadəsində 10 illik təcrübə\r\n- Analitik təfəkkür və yüksək düşünmə qabiliyyəti\r\n- İT analitik, Biznes analitik və ya oxşar sahədə iş təcrübəsi\r\n- Komandada işləmək, individual qərarlar alabilmək və stres altında işləyə bilmək\r\n- Biznes və texnologiyanın tələblərini anlamaq\r\n- Avtomatlaşdırılmış proseslərdə (Biznes, İT) iştirak etmiş olmaq\r\n- Proqram təminatının inkişaf etdirilməsi prosesi haqqında biliklər\r\n- Agile və SCRUM haqqında biliklər\r\n- Rus/İngilis dillərində yazışma və ünsiyyət səviyyəsində biliklər\r\n- SQL üzrə biliklər\r\n- Balsamiq Wireframes, Jira, MS - Office Visio proqram təminatlarını yaxşı bilmək\r\n- Problemlərin həll edilə bilməsi və analitik təfəkkür',150,5,'2023-03-03','Prosys','+994125941232','1500','hr@prosys.az',1,0,NULL,'2023-01-31 04:28:22','2023-01-31 06:23:04',0),(227,'PROQRAM TƏMİNATI ÜZRƏ BİZNES ANALİZÇİ',6,'İş barədə məlumat\r\nProsys MMC-nin 14 ədəd proqram təminatı məhsullarının inkişaf etdirilməsi istiqamətində SCRUM komandasında Product Owner rolunu icra edərək aşağıdakı öhdəliklərin yerinə yetirilməsi:\r\n- Sifarişçinin nümayəndələri ilə analitik müsahibələrin aparılması, sifarişçinin tələblərinin müəyyən edilməsi və təhlili\r\n- Biznes tələblərin qeydə alınıb analiz olunaraq SCRUM komandasına ötürülməsi\r\n- Mövcud olan informasiya sistemlərinin\r\n/ proqram təminatının ekspertizasının aparılması;\r\n- Texniki tapşırıq, texniki təklif və digər analiz sənədlərinin hazırlanması (Funksional spesifikasiyanın yazılması və yaradılması)\r\n- Proseslərin modellərinin sxemlər vasitəsi ilə qurulması və təsviri\r\n- Texniki tapşırıqların SCRUM komandası ilə müzakirə edilməsi\r\n- Tələblərin izlənilməsi\r\n- Proseslərin effektivliyinin ölçülməsi üzrə zəruri tədbirlərin irəli sürülməsi\r\n- Biznes tələblərinə görə hesabatların hazırlanması\r\n- Yeni funksionallığın test olunması\r\n- Proqram təminatlarında lazımi konfiqurasiyaların aparılması\r\n- Daim yeni texnologiyalar haqqında bilik sahibi olması\r\n- Sifarişçilərə məhsulların təqdimatının keçirilməsi\r\n- İş vaxtı: həftənin 5 günü, saat 09:00-dan 18:00-dək\r\n- İstirahət günləri: şənbə, bazar\r\n- Əmək haqqı namizədin bilik, bacarıq və praktik iş təcrübəsinə uyğun olaraq müsahibə zamanı razılaşdırılacaq\r\nQeyd olunan tələblərə uyğun namizədlər mövzü yerində “Analitik” yazaraq CV formasını hr@prosys.az elektron ünvanına göndərməklə müraciət edə bilərlər','Namizədə tələblər\r\nAnalitik təfəkkür və yüksək düşünmə qabiliyyəti\r\n- Minimum 3 il iş təcrübəsi\r\n- İT analitik, Biznes analitik və ya oxşar sahədə iş təcrübəsi\r\n- Komandada işləmək, individual qərarlar alabilmək və stres altında işləyə bilmək\r\n- Biznes və texnologiyanın tələblərini anlamaq\r\n- Avtomatlaşdırılmış proseslərdə (Biznes, İT) iştirak etmiş olmaq\r\n- Proqram təminatının inkişaf etdirilməsi prosesi haqqında biliklər\r\n- Agile və SCRUM haqqında biliklər\r\n- Rus/İngilis dillərində yazışma və ünsiyyət səviyyəsində biliklər\r\n- SQL, PL/SQL üzrə biliklər\r\n- Balsamiq Wireframes, Jira, MS - Office Visio proqram təminatlarını yaxşı bilmək\r\n- Problemlərin həll edilə bilməsi və analitik təfəkkür',150,5,'2023-03-03','Prosys','+994125941232','1500','hr@prosys.az',1,0,NULL,'2023-01-31 04:30:20','2023-01-31 06:23:05',0),(228,'NET PROQRAMÇI',6,'İş barədə məlumat\r\n- Verilən texniki tapşırığa uyğun proqram təminatlarının işlənib hazırlanması\r\n- Sprint üzrə verilmiş tapşırıqları vaxtında, tələblərə uyğun hazırlanması\r\n- Hazırladığı tapşırıqların ilkin sınaqlarını aparmaq və işlərin keyfiyyətli təhvil verilməsi\r\n- Yeni proqram təminatı hazırlanması\r\n- Mövcud proqram təminatlarına texniki dəstək göstərilməsi\r\n- Mövcud proqram təminatlarının inkişaf etdirilməsi,\r\n- Proqram təminatlarının test edilməsi,\r\n- Yeni hesabatların yazılması\r\n- İş vaxtı: həftənin 5 günü, saat 09:00-dan -18:00-dək\r\n- İstirahət günləri: şənbə, bazar\r\n- Əmək haqqı namizədin bilik, bacarıq və praktik iş təcrübəsinə uyğun olaraq müsahibə zamanı razılaşdırılacaq\r\n- Qeyd olunan tələblərə uyğun namizədlər mövzü yerində “proqramçı” yazaraq CV formasını hr@prosys.az elektron ünvanına göndərməklə müraciət edə bilərlər','Namizədə tələblər\r\n- Net Core, C#, ASP.NET Core, MVC, EntityFramework Core-da iş təcrübəsi ,\r\nWeb proqramlaşdırma, HTML, CSS, Bootstrap, Angular, TypeScript, JavaScript, Ajax, JQuery bilmək,RESTful və SOAP web servisləri ilə işləyə bilmək\r\n- Sıralama, konkurent və paralel alqoritmlərlə tanışlıq\r\n- Ümumi alqoritm qurma bacarığı,\r\n- OOP konseptini mənimsəmək,\r\n- Agile Software Development prinsipləri ilə iş təcrübəsi\r\n- Obyektyönlü proqramlaşdırmanın prinsipləri haqqında biliklərə malik olmaq\r\n- Analitik düşünmək və problem həll etmək bacarığı\r\n- Verilən tapşırığa adaptasiya olma və sərbəst araşdırma qabiliyyəti\r\n- Kollektiv şüurla komanda şəklində fəaliyyət\r\n- Asan ünsiyyət qura bilmək\r\n- Diqqətlilik, məsuliyyət və düzgünlük kimi müsbət xarakterlərə malik olmaq\r\n- Ali təhsilli olmaq\r\n- Texniki ingilis dili (daha yaxşı bilənlərə üstünlük verilir)\r\n- Azərbaycan dilində sərbəst şəkildə danışıq və yazı qabiliyyəti olmaq',150,5,'2023-03-03','Prosys','+994125941232','2500','hr@prosys.az',1,0,NULL,'2023-01-31 04:59:49','2023-01-31 06:23:07',0),(229,'BÖLGƏ MÜDİRİ',8,'İş barədə məlumat\r\n- Baş idarə dostluq kinoteatrı yaxınlığındadır. Şəhər üzrə filiallar mövcuddur!\r\n- İş saatı 10:00-dan 19:00-dək, nahar 13:00-dan 14:00-dək\r\n- Həftədə 1 gün istirahət\r\n- Bayram günləri qeyri iş günüdür\r\n- Rəsmi iş yeridir\r\n- İşçilər tibbi sığorta ilə təmin olunur\r\n- Əməkdaşlara ipoteka dəstəyi nəzərdə tutulur!','Namizədə tələblər\r\nNew house əmlak şirkəti yeni vakansiyalar elan edir!\r\nƏməkdaşlıq etmək istəyən namizədlər şəkilli cv lərini öncədən whatsapp nömrəsinə göndərsin.\r\nQazanc faiz nisbətil ilə hesablanır!\r\nMəhdudiyyət yoxdur!\r\nBacarıqlı şəxslər aylıq 5.000 azn üzəri qazanc edə bilir!\r\nNamizədlərin insanlarla yüksək ünsiyyət qabiliyyəti olmalıdır\r\n- Xarici görünüşə önəm verilir\r\n- Şəhəri orta səviyyədə tanımağı vacibdir\r\n- Komputer biliyi orta olmağı kifayət edir\r\n- Məhbusluq olmamalıdır! Pozitiv şəxslərə üstünlük veriləcək!',28,5,'2023-03-03','New House','+994702860404','800','mirzeyevanar10012@gmail.com',1,0,NULL,'2023-01-31 06:03:30','2023-01-31 06:23:08',0),(230,'SATICI(GÜL DÜKANI)',8,'İş barədə məlumat\r\n- Bizdə 2 filial var\r\n- İş stajınnan asılı olaraq 20 Yanvar Bravo və ya Koroğlu Bravoda işləyəcək\r\n- Satışdan əlavə bonusda verilir','Namizədə tələblər\r\n- Gül və bitkilərdən anlayışı olsun\r\n- Rus dili orta səviyyədə bilməlidir\r\n- Gülərüz və mehriban xanım və bəylər dəvət olunu',151,5,'2023-03-03','Botnical by the Rose','+994555834006','400','akbar.sadigzade@hotmail.com',1,0,NULL,'2023-01-31 06:10:45','2023-01-31 06:23:09',0),(231,'RESEPŞN',7,'İş barədə məlumat\r\n- Müştərilərin qarşılanması və qeydiyyatı\r\n- Telefon zənglərinə cavab verilməsi\r\n- Administratora inzibati işlərdə dəstək\r\n- Xidmətlərin keyfiyyətli və ən yüksək səviyyədə göstərilməsi\r\n- Rəhbərliyə gündəlik hesabatların göndərilməsi\r\n- Növbəli iş saatı\r\n- AR Əmək Məcəlləsi-nə uyğun sənədləşmə\r\nCV lərinizi hasanov@nurart.az ünvanına göndərin tel (012)598-54-57zəng edin\r\nYalnız CV göndərən namizədlər çağrılacaq','Namizədə tələblər\r\n- Cinsi: xanım\r\n- Azərbaycan vətəndaşlığı\r\n- Azərbaycan və Rus dilləri üzrə mükəmməl biliklər\r\n- Səliqəli, punktual, xoş görünüşlü\r\n- Ünsiyyətcil olmalı\r\n- İşində məsuliyyətli və dəqiq olmalı\r\n- Komandada işləməyi bacarmalı',152,5,'2023-03-03','Nur Art','+994125985457','400','hasanov@nurart.az',1,0,NULL,'2023-01-31 06:22:50','2023-01-31 06:23:10',0),(232,'LİNUX SİSTEM İNZİBATÇISI',6,'İş barədə məlumat\r\n- Tam iş günü, I-V – 09:00-dan-18:00-dək\r\nVI – 10:00-dan-16:00-dək\r\n- Əmək haqqı 2000-3000 AZN (müsahibənin nəticəsinə əsasən)','Namizədə tələblər\r\n- Windows server əməliyyat sisteminin idarəedilməsi üzrə nəzəri və praktiki biliklər\r\n- Microsoft Windows server əməliyyat sistemi (Active Directory, DHCP, DNS, - File server, Radius, Print server, IIS) üzrə biliklərin olması\r\n- Linux əməliyyat sistemlərinə (müxtəlif distrubitivlər – CentOS, Debian) dair nəzəri və praktiki biliklər - inzibatçılıq səviyyəsində;\r\n- Backup sistemlərinə nəzarət (VeeamBackup,)\r\n- Virtuallaşdırma texnologiyaları (Vmware vSphere, ESXi) üzrə nəzəri və praktiki biliklər\r\n- Məlumatların, sistemlərin və avadanlıqların arxivləşdirilməsi üzrə nəzəri və praktik biliklər\r\n- Storage avadanlıqları ilə işə dair nəzəri biliklər\r\n- Bu sahədə iş təcrübəsi olan namizədlərə üstünlük verilir\r\n- E-Mail sistemlərinin konfiqurasiyası və idarəolunması (MS Exchange)\r\n- Opensource istehsalçı firmalarının məhsulları haqqında bilik və təcrübə\r\n- Proxy və web server-lərlə bağlı iş təcrübəsi – Nginx, Apache və sair\r\n- Backup sistemlərinə nəzarət (VeeamBackup, AOMEI Backupper)\r\n- Serverlərin Monitoring sistemlərinin inteqrasiyası (Zabbix, PRTG)\r\n- Bash Script-lə ümumi biliklər\r\n- MySQL, MSSQL ümumi biliklər\r\n- Red Hat (RHCSA, RHCE), VMware Certified Professional (VCP) sertifikatlarına sahib olması arzuolunandır',153,5,'2023-03-03','GPS Solutions MMC','+994124041202','2000','hr@gps.az',1,0,NULL,'2023-01-31 06:39:26','2023-01-31 07:24:59',0),(233,'İSTEHSAL ÜZRƏ MÜHASİB',4,'İş barədə məlumat\r\nVəzifə və öhdəliklər:\r\n- Sistemə yeni mal-materialın adlarını daxil edilməsi\r\n- Mövcud hazır mal-materialın maya dəyərinin düzgün hesablanması üçün lazım olan göstəricilərin müəyyənləşdirilməsi və daimi nəzarətdə saxlanması\r\n- Məhsullar üzrə mal-materialın maya dəyərlərinin hesablanması və faktiki formalaşan maya dəyərləri ilə müqaisənin aparılması\r\n- Aylıq faktiki göstəricilərlə (sərfiyyat və itki) planlaşdırılmış göstəricilərin müqaisə olunması\r\n- Aylıq istehal olunmuş məhsulların maya dəyərlərinin düzgün formalaşmasının təmin edilməsi\r\n- Ay sonu istehsal sahəsində çalışan işçilərin əmək haqqlarının və Kommunal xərclərinin müəyyənləşdirilməsi və sistemə daxil edilməsi\r\n- Aylıq istehsal edilmiş məhsulların tam maya dəyərinin formalaşdırılması\r\n- İstehsal sahələri tərəfindən yazılmış əməliyyatların mütəmadi olaraq sistemdə yoxlanılması və sənədlərin təmin etməli\r\n- Gündəlik istehsalla bağlı yaranan sualların cavablandırılması\r\n- Mühasibatlıq sənədlərinin olduğu kimi qorunub saxlanmasını təmin etməli, müəyyən olunmuş qaydaya əsasən onların arxivə ötürülməsini həyata keçirməli\r\n- Aidiyyatı sahə üzrə rəhbər şəxslərin digər tapşırıqlarını həyata keçirməlidir\r\n- Əmək haqqı; 1200+ AZN\r\n- AR qanunvericiliyinə əsasən sənədləşmə\r\n- Həftənin 5 günü iş günü\r\n- Nahar şirkət tərəfindən təmin olunur\r\n- İş yeri: Baki şəhəri, Binəqədi rayonu, Sulutəpə qəsəbəsi\r\nMaraqlanan namizədlərdən mövzu sətrində “İstehsal üzrə mühasib” qeyd etməklə CV-ni mail ünvanına göndərmələri tələb olunur. Müraciətlər vakansiyanın tələblərinə əsasən dəyərləndiriləcək və yalnız seçilmiş namizədlərlə əlaqə saxlanılacaqdır.','Namizədə tələblər\r\n- İqtisadiyyat, maliyyə və mühasibatlıq sahəsi üzrə – Ali təhsil\r\n- İstehsal sahələrində 3 illik iş təcrübəsi olmalı\r\n- Mühasibat uçotu və vergi qanunvericiliyi üzrə mükəmməl biliklərə sahib olmalı\r\n- Müvafiq sahə üzrə sertifikatları olmalı\r\n- 1 C sistemi üzrə bilik və təcrübələri olmalı, , MS Excel üzrə mükəmməl biliklərə sahib olmalı\r\n- Mühasibat qaydaları, vergi qanunvericiliyi, Əmək qanunvericiliyi sahib olmalı\r\n- Azərbaycan və rus dillərində səlis danışa bilməli, İngilis dili biliyi üstünlküdür',154,5,'2023-03-03','Camal LTD Company','+994555003209','1200','elbrus.rasulzade@iceland.az',1,0,NULL,'2023-01-31 06:57:56','2023-01-31 07:25:00',0),(234,'TƏMİZLİK İŞÇİSİ',4,'İş barədə məlumat\r\n- Obyektdə təmizlik işlərinin həyata keçirilməsini\r\n- Rəhbərliyin təmizliklə bağlı digər göstərişlərini yerinə yetirmək\r\n- Ona etibar edilmiş əmlaka, maddi və digər sərvətlərə görə cavabdehlik daşıyır\r\n- Təmizlik üzrə avadanlıqların işlədilməsi\r\n- Çöl və daxili fasad şüşələrinin yuyulması\r\n- Çöl ərazisinin təmizlənməsi\r\n- Ərazi daxili tullantılarının atılması\r\n- Döşəmələrin süpürülüb, silinməsi\r\n- İş qrafiki: Növbəli, həftədə 5 gün\r\n- I növbə: 08:00-dan - 17:00-dək\r\n- II növbə: 14:00-dan - 23:00-dək\r\nÜnvan: Yasamal Yaşayış Kompleksi, Bakı (MİDA)\r\nƏlaqə tel: 051-225-49-94','Namizədə tələblər\r\n- Yalnız Kişi namizəd !\r\n- Orta təhsil\r\n- Bu sahə üzrə 2 il iş təcrübəsi\r\n- Əməksevər\r\n- Təmizkar',155,5,'2023-03-03','FMG MMC','+994125041111','400','hr@fmg.az',1,0,NULL,'2023-01-31 07:13:48','2023-01-31 07:25:01',0),(235,'İNTERYER DİZAYNER (SƏNAYE DİZAYNERİ)',9,'İş barədə məlumat\r\n- Müştərilərin istəyinə uyğun olaraq mebellərin, interyer dizaynın hazırlanması və müştərilərə təqdim olunması\r\n- Mebel, avadanlıq, dekorasiya və layihələndirmədə istifadə olunacaq materialın seçilməsi, mövcud brendlərə və materiallara uyğun olaraq sifarişlərin eskiz və işçi layihələrinin tərtib olunması;\r\n- İşə qəbul AR qanunvericiliyinə uyğun olaraq aparılır\r\n- İş günü: həftənin 6 günü\r\n- Nahar şirkət tərəfindən təmin olunur\r\n- İş vaxtı: 09:00-dan-19:00-dək\r\n- Hədəfi “Ən yaxşısı mən olacam” deyən Gözü yüksəklərdə olan Gənclər hr@arzena.az elektron ünvana CV və Portfoliolarını göndərə bilər','Namizədə tələblər\r\n- İşlərində intizamlı və məsuliyyətli\r\n- Stratejik düşünmək və problemləri həll etmək qabiliyyəti\r\n- Yaradıcı, yenilikçi və detallara diqqət yetirən\r\n- Proyekt təqdimatı, Mebel, material və detal biliklərinə sahib\r\n- 3DsMax | AutoCad | Photoshop proqramlarını mükəmməl bilən\r\n- İnteryer dizayn sferasında 3 ildən çox iş təcrübəsi',156,5,'2023-03-03','Arzena Design','+994512950690','600','hr@arzena.az',1,0,NULL,'2023-01-31 07:24:02','2023-01-31 07:24:56',0),(236,'QRAFİK DİZAYNER',9,'İş barədə məlumat\r\n- İş saatı 10:00-dan-19:00-dək\r\n- İş günləri: Həftənin 5 günü\r\n- Maaş intervyu əsasında müəyyən olunacaq\r\nCV- lərinizi elchin@multiviza.az ünvanına  \"Qrafik Dizayner\" başlığı ilə göndərin , CV-də portfolionun qeyd olunması mütləqdir','Namizədə tələblər\r\n- Adobe Photoshop, Adobe İllustrator, Adobe İnDesign programları ilə işləmə bacarığı\r\n- Sosial şəbəkə üçün cover və postların dizaynının hazırlanması\r\n- Brandbook, loqotiplərin, korporativ məhsulların dizaynlarının yaradılması\r\n- Gündəlik dizayn işləri ilə bağlı tapşırıqların yerinə yetirilməsi',157,5,'2023-03-03','M Group Media','+994702228480','300','elchin@multiviza.az',1,0,NULL,'2023-01-31 07:36:52','2023-01-31 09:09:33',0),(237,'ELEKTRİK',12,'İş barədə məlumat\r\n- İş saatları: 09:00-dan-18:00-dək\r\n- Nahar fasiləsi: 13:00-dan-14:00-dək\r\n- İstirahət günü: Şənbə, Bazar','Namizədə tələblər\r\n- Xidmət göstərilən qurğuların və elektrik avadanlığının saz vəziyyətdə qalmasını, qəzasız və etibarlı işini təmin edir\r\n- Yeni elektrik şəbəkələrinin montajı\r\n- Planlı-xəbərdarlıq təmir (PXT) qrafikinə uyğun olaraq avadanlığın elektrik hissəsinin PXT-ni aparır\r\n- Aşınma səbəblərini müəyyən edir, onların qarşısının alınması və aradan qaldırılması üçün tədbir görür\r\n-Texniki xidmətə dair təlimatlara, qüvvədə olan texniki şərt və normalara uyğun olaraq müəssisənin ТП-2 transformatoru və elektrik şəbəkələrinin düzgün istismarı, vaxtlı-vaxtında keyfiyyətli təmiri və onlara qulluğu təmin edir\r\n- Qurğuların işində nasazlıqları aradan qaldırır, onların təmiri, montajı və sazlanmasını həyata keçirir\r\n- Sexin daxili intizam qaydaları və iş rejiminə əməl edir\r\n- Əmlak təhlükəsizliyi, ilkin tibbi yardım, yanğın və fövqəladə hal prosedurları ilə tanış olmaq və avadanlığı təhlükəsiz və düşüncəli tərzdə istismar etmək\r\n- Təhlükəli vəziyyətin aradan qaldırılması üçün tədbir görmək və aidiyyəti şəxslərə potensial təhlükələr haqqında məlumat vermək\r\n- Qanunvericilik və təşkilatdaxili prosedurların tələblərinə riayət etmək;\r\n- Geyim kodeksi tələblərinə, xarici görünüş və gigiyena ilə bağlı ən yüksək standartlara riayət etmək\r\n- Peşəkar iş münasibətləri çərçivəsində fəaliyyət göstərmək\r\n- Tələb olunduqda, təlim sessiyaları və toplantılarda iştirak etmək\r\n- Təyin edilmiş digər müvafiq vəzifə və öhdəlikləri yerinə yetirmək',158,53,'2023-03-03','Agrarco MMC','+994123100251','500','cv@agrarco.az',1,0,NULL,'2023-01-31 07:46:34','2023-01-31 09:09:34',0),(238,'MÜHASİB KÖMƏKÇİSİ',4,'İş barədə məlumat\r\n- Təhvil-təslim aktlarının, hesab-fakturaların və müqavilələrin şablon üzərindən tərtib olunması\r\n- Mədaxil və məxaric kassa əməliyyatlarının aparılması və qeydiyyatı\r\n- Qarşılıqlı hesablaşma və üzləşmə aktlarının tərtib edilməsi\r\n- E-qaimə hesab-fakturalarının portal üzərindən göndərilməsi\r\n- Kreditor borclara nəzarət və xatırlama məktublarının göndərilməsi\r\n- İş qrafiki: 5 gün (09:00-dan-18:00-dək)\r\n- 1 saat nahar. Şənbə və Bazar günləri istirahət\r\n- Əmək haqqı: 500-600 AZN\r\n- İşə qəbul AR qanunvericiliyinə uyğun olaraq aparılır','Namizədə tələblər\r\n- Təcrübə: 2 il (Müvafiq sahə üzrə)\r\n- Microsoft Word, Microsoft Excel biliyi\r\n- Riyazi hesablama aparma, mal-materialların uçotunun aparılması\r\n- Dil bilikləri: Azərbaycan və Rus\r\n- Yaş həddi: 25-45\r\n- Məsuliyyətli, işgüzar, aktiv olmalı, şirkətin nizam-intizam qaydalarına hörmətlə yanaşmalı',159,5,'2023-03-03','NewTech','+994504087787','500','hr@newtech.az',1,0,NULL,'2023-01-31 08:54:20','2023-01-31 09:09:35',0),(239,'SATIŞ MENECERİ',8,'İş barədə məlumat\r\n- Hazır müştəri bazasına zənglərin olunması\r\n- Xidmətlərimiz haqqında ətraflı məlumat verilməsi\r\n- İş saatları: 10:0dan-19:00-dək\r\n(şənbə günü: 10:00-dan-15:00-dək)\r\nCV-ləri info@hisartour.az mailinə başlıq hissədə \"Satış mütəxəssisi\" yazaraq göndərmək lazımdır\r\nUyğun namizədlərlə əlaqə saxlanılacaq !','Namizədə tələblər\r\n- Verilən tapşırıqları vaxtında və keyfiyyətlə yerinə yetirmək\r\n- Səlis Azərbaycan dilini bilməsi (Rus və ingilis dili arzu olunandir)\r\n- Müştərilərə xidmətlərimiz barədə məlumat verilməsi\r\n- Satış bacarığı və səlist danışıq\r\n- Fikrini ayın ifadə edə bilməli\r\n- Məsuliyyətli, dürüst və ünsiyyət qurma bacarığı\r\n- Xanım namizəd tələb olunur !',160,5,'2023-03-03','Hisar tour','+994702552553','500','info@hisartour.az',1,0,NULL,'2023-01-31 09:07:40','2023-01-31 09:09:36',0),(240,'VİDEOQRAF - FOTOQRAF',9,'İş barədə məlumat\r\n- Sosial şəbəkər üçün foto çəkilişi, uzun və qısa metrajlı videolar çəkmək\r\n- Video materialların, reklam və sosial çarxların montajlanıb hazırlanması\r\n- Çəkilən şəkillərin işlənilməsi\r\n- Tapşırılan işlərin vaxtında, keyfiyyətli həll olunmasını təmin etmək\r\n- Rəhbərliyə görülən işlərlə bağlı müvafiq hesabatları təqdim etmək\r\n- Şirkətin kreativ sahədə işinin effektivliyini artırmaq məqsədi ilə təkliflər və təşəbbüslər irəli sürmək\r\n- İş saatı: Dəyişkən (həftədə 6 gün)','Namizədə tələblər\r\n- Adobe After Effects, Adobe Premier Pro, Video editing proqramlarını bilmək\r\n- Photoshop və lightroom proqramlarını bilmək\r\n- Trend video çəkiliş metodlarını izləmək və tətbiq etmək\r\n- Dəyişkən iş saatlarında işləmək bacarığı\r\n- Uzun müddətli və komanda ilə işləmək bacarığı\r\n- Yaradıcılıq və musiqi duyumu\r\n- Ofisdə işləmək şərti ilə',161,5,'2023-03-03','Texnosoft','+994502949333','800','ceyhun@texnosoft.az',1,0,NULL,'2023-01-31 09:16:06','2023-01-31 09:50:13',0),(241,'ÜMUMİ İNGİLİS DİLİ VƏ İELTS MÜƏLLİMİ',11,'İş barədə məlumat\r\n- İngilis dilinin tədrisi\r\n- Tələbələrin ingilis dilini öyrənməkləri üçün həvəsləndirici seminar keçmək\r\n- Tədris proqramını tələbələrə düzgün çatdırmalıdır\r\n- İngilis dilinin peşəkar səviyyədə tədris etməlidir\r\n- Tələbələrin qısa müddətdə inkişafı üçün fərqli metodlar tətbiq etmək\r\n- İş yeri: British Centre Əhmədli filalı\r\n- İş saatı 10:00-dan-19:00-dək və ya 12:00-dan-20:30-dək\r\n- İş qrafiki: Həftədə 6 və ya 3 iş günü\r\n- AR Əmək məcəlləsinə əsasən sənədləşmə\r\nHörmətli namizədlər CV-nizi “subject” bölməsində “İngilis dili müəllimi Əhmədli filialı” yazaraq hr@britishcentre.az e-poçt ünvanına göndərilməsi xahiş olunur','Namizədə tələblər\r\n- İngilis dilini mükəmməl bilməlidir\r\n- Yaxşı danışıq diksiyonu olmalıdır\r\n- Təcrübəli olmağı arzu olunandır',162,5,'2023-03-03','British Centre','+994708300654','600','hr@britishcentre.az',1,0,NULL,'2023-01-31 09:25:02','2023-01-31 09:50:15',0),(242,'OUTGOİNG MENECERİ',15,'İş barədə məlumat\r\n- Müştərilərdən gələn sorğuların vaxtında və işgüzar formada cavablandırılması\r\n- Partnyorlarla işgüzar yazışmaların aparılması\r\n- Xarici və daxili tur paketlərin hazırlanması\r\n- Fərdi turların hazırlanması\r\n- B2B sistemdən otellərin bronlaşdırılması\r\n- Həftə içi saat 10:00-dan-19:00-dək\r\n- 6-cı gün 10:00-dan-15:00-dək\r\n- İstirahət günü - Bazar günü\r\nUyğun olan şəxslər hr@orangetravel.az mail ünvanına CV (şəkilli) göndərməsi və ya (012) 446-65-67 nömrəsinə zəng etməsi tələb olunur. Xahiş edirik, yalnız təcrübəli şəxslər müraciət etsin!','Namizədə tələblər\r\n- Kompüterdə işləmək bacarığı\r\n- Səlis və işgüzar danışıq bacarığina malik olmaq\r\n- Məsuliyyətli və diqqətli olmaq\r\n- Tur menecer kimi ən az 3 il təcrübə\r\n- Rus dili biliyi (Mütləqdir)',163,5,'2023-03-03','Orange Travel','+994124466567','500','hr@orangetravel.az',1,0,NULL,'2023-01-31 09:37:22','2023-01-31 09:50:16',0),(243,'BAŞ SATIŞ TƏMSİLÇİSİ',8,'İş barədə məlumat\r\n- Şirkət Məhsularının satışının təşkil edilməsi\r\n- Ərazisində olan Mağazalarda məhsul ehtiyacının müəyyənləşdirilməsi\r\n- Ehtiyac müəyyənləşdikdən sonra məhsulun həmin mağazalar üzrə yerləşməsinə nəzarətin edilməsi\r\n- Yeni məhsulların satış nöqtələrinə təqdim olunması, tanıdılması\r\n- Bütün məhsullar üzrə qarşıya qoyulan satış hədəflərinin yerinə yetirilməsi\r\n- Fiks əmək haqqı+ faiz\r\n- İş yeri: Ofis Zabrat-Maştağa\r\n- İş saatı: 08:15-17:30\r\n- Yanacaq+\r\n- Satış süd məhsulları üzrə\r\n- Əmək haqqı 700-1000\r\n- 5 günlük iş qrafiki','Namizədə tələblər\r\n- Ali təhsil (orta ixtissas)\r\n- İş təcrübəsi : vaçib deyil\r\n- Yaş : 21 – 30\r\n- Şəxsi avtomobil mütləqdir\r\n- Hərbi bilet mütləqdir (yararlı)\r\n- Bəy namizədlərə üstünlük verilir',164,5,'2023-03-03','Food Trade','+994555151503','700','hr@foodtrade.az',1,0,NULL,'2023-01-31 09:42:59','2023-01-31 09:50:18',0),(244,'1 C OPERATOR',4,'İş barədə məlumat\r\n- Mədaxil və məxaric sənədlərinin hazırlanması\r\n- Fakturaların qeydiyyatı\r\n- Satış sənədlərinidə məlumatların düzgünlüyünü yoxlamaq\r\n- Dəyişiklik sonrası qaimələrin yekun fromasını hazırlamaq\r\n- Yeni müştəriləri sistemə əlavə etmək\r\n- Malların hərəkəti barədə sənədlərdəki məlumatların düzəldilməsi\r\n- Geri qaytarılan malların sənədlərinin qeydiyyatı\r\n- Analitik hesabatların formalaşdırılması\r\n- Stok qalıqlarının uzlaşdırılması və malların hərəkəti barədə hesabatların hazırlanması\r\n- İlkin mühasibat sənədlərinin hazırlanması\r\n- Məlumatların verilənlər bazasına daxil edilməsi\r\n- Bazaya yeni müştərilər əlavə etmək\r\n- Günün sonunda anbarın hərəkəti məlumatları hazırlamaq müvafiq şöbələrə təqdim etmək\r\n- İş rejimi həftəlik 5 gün\r\n- Saat 10:00-dan-18:00-dək\r\n- bir həftəfən bir 6 gün qısa iş rejimi\r\n- Vacib faktor:\r\nCV-lzemfira.zeynalova@abacusaudit.az\r\n- Təcrübə 1 il olması vacibdir','Namizədə tələblər\r\n- MS Office - Word, Excel, 1C 8.3 proqramlarını bilməli\r\n- Məsuliyyətli, işgüzar, ciddi, ünsiyyətcil və aktiv olmalı\r\n- Tez qavrama bacarığı\r\n- Problemləri həll etmə bacarığı\r\n- Fikrini dəqiq, lokanik və özünə əminliklə təqdim etmə bacarığı\r\n- Komandanın bir üzvü olmaq üçün, yeni iş mühitinə və kollektivə tez uyğunlaşmaq bacarığı',165,5,'2023-03-03','Abacus Audit &Consulting','+994125656059','400','zemfira.zeynalova@abacusaudit.az',1,0,NULL,'2023-01-31 09:49:55','2023-01-31 09:50:19',0),(245,'1 C OPERATOR',4,'İş barədə məlumat\r\n- Mədaxil və məxaric sənədlərinin hazırlanması\r\n- Fakturaların qeydiyyatı\r\n- Satış sənədlərinidə məlumatların düzgünlüyünü yoxlamaq\r\n- Dəyişiklik sonrası qaimələrin yekun fromasını hazırlamaq\r\n- Yeni müştəriləri sistemə əlavə etmək\r\n- Malların hərəkəti barədə sənədlərdəki məlumatların düzəldilməsi\r\n- Geri qaytarılan malların sənədlərinin qeydiyyatı\r\n- Analitik hesabatların formalaşdırılması\r\n- Stok qalıqlarının uzlaşdırılması və malların hərəkəti barədə hesabatların hazırlanması\r\n- İlkin mühasibat sənədlərinin hazırlanması\r\n- Məlumatların verilənlər bazasına daxil edilməsi\r\n- Bazaya yeni müştərilər əlavə etmək\r\n- Günün sonunda anbarın hərəkəti məlumatları hazırlamaq müvafiq şöbələrə təqdim etmək\r\n- İş rejimi həftəlik 5 gün\r\n- Saat 10:00-dan-18:00-dək\r\n- bir həftəfən bir 6 gün qısa iş rejimi\r\n- Vacib faktor:\r\nCV-lzemfira.zeynalova@abacusaudit.az\r\n- Təcrübə 1 il olması vacibdir','Namizədə tələblər\r\n- MS Office - Word, Excel, 1C 8.3 proqramlarını bilməli\r\n- Məsuliyyətli, işgüzar, ciddi, ünsiyyətcil və aktiv olmalı\r\n- Tez qavrama bacarığı\r\n- Problemləri həll etmə bacarığı\r\n- Fikrini dəqiq, lokanik və özünə əminliklə təqdim etmə bacarığı\r\n- Komandanın bir üzvü olmaq üçün, yeni iş mühitinə və kollektivə tez uyğunlaşmaq bacarığı',165,5,'2023-03-03','Abacus Audit &Consulting','+994125656059','400','zemfira.zeynalova@abacusaudit.az',1,0,NULL,'2023-01-31 09:49:56','2023-01-31 09:50:20',0),(246,'KASSİR',4,'İş barədə məlumat\r\n- Kassa əməliyyatlarını bilməli\r\n- Gündəlik və aylıq kassa hesabatlarının tərtib edilməsi\r\n- Müdriyyətin tapşırdığı işləri və hesabatları vaxtında yerinə yetirməli\r\n- Rəhbərliyə lazimi məlumatları hazırlayıb təhvil verməli\r\n- İş Saatı 09:30-dan-20:00-dək\r\n\r\nCV-lərinizi hr@w-t.az ünvanına “Kassir-Nəzarətçi” başlığı ilə göndərməyiniz xahiş olunu','Namizədə tələblər\r\n- İş təcrübəsi 3ildən 5 ilə qədər\r\n- Cins: Kişi\r\n- Yaş: 25-35\r\n- Punktuallıq,işində səliqəli olmalı\r\n- Düzgün nitq, Azərbaycan dilini səlis bilməli (Rus dili biliyi üstünlükdür)\r\n- Məsuliyyət, düzgünlük, dəqiqlik və etibarlılıq kimi müsbət göstəricilərə sahib olmalı',166,5,'2023-03-03','WorldTelecom','+994123102550','700','hr@w-t.az',1,0,NULL,'2023-01-31 10:03:55','2023-01-31 10:35:09',0),(247,'SATIŞ ÜZRƏ MƏSLƏHƏTÇİ',8,'İş barədə məlumat\r\n- Əmək haqqı: Fix+Bonus\r\n- Həftədə 6 iş günü (09:30-dan - 20:30-dək)\r\n- Həftədə 2 qısa iş günü\r\n- Həftədə 1 gün İstirahət','Namizədə tələblər\r\n- Dil bilikləri: Azərbaycan, Rus dili mütləqdir\r\n- Qarşısına qoyulan hədəfləri, satış planını yerinə yetirmək\r\n- Müştəri məmnuniyyətini yüksək səviyyədə qorumaq və təmin etmək\r\n- Müştərilərə yüksək səviyyəli xidmət göstərmək, onlara məhsul seçimi üçün optimal şərait yaratmaq, məhsullar üzrə məsləhətlər vermək, alış üçün seçim variantları təklif etmək\r\n- Mağazadakı vitrin təmizliyini təmin etmək\r\n- Rəhbərliyin işlə əlaqədar verdiyi digər təlimatları icra etmək və s.\r\n- Satış texnikası haqqında biliyin olması\r\n- Rus dili biliyi arzuolunandır\r\nYalnız şəkilli CV-ləri hr@w-t.az e-mail ünvanına göndərməyiniz xahiş olunur. Mövzu hissəsində “Satış üzrə məsləhətçi” qeyd olunmalıdır',166,5,'2023-03-03','WorldTelecom','+994123102550','700','hr@w-t.az',1,0,NULL,'2023-01-31 10:05:36','2023-01-31 10:35:12',0),(248,'TİBBİ NÜMAYƏNDƏ',14,'İş barədə məlumat\r\n- Şirkətin məhsullarını tibbi müəssisələrdə və apteklərdə həkim və əczaçılara tanıtmaq\r\n- Şirkətdə verilmiş təlimatları və tapşırıqları vaxtında və dəqiq yerinə yetirmək\r\n- Stabil əmək haqqı və mükafatlar\r\n- Aylıq məvacib - 500-900 AZN (iş təcrübəsindən, stajdan və potensialdan asılı olaraq)\r\n- 20-35 yaş arası namizədlər arsında seçim olacaq\r\n- İldə bir dəfə məzuniyyət\r\n- Karyerada yüksəliş\r\n- İş qrafiki: həftənin 5 günü 09:00-dan-18:00-dək\r\n- Əmək haqqı: Aylıq məvacib\r\n- AR Əmək Məcəlləsinə uyğun sənədləşmə','Namizədə tələblər\r\n- Ali və ya orta ixtisas təhsilli (tibbi təhsili və təcrübəsi olanlara üstünlük verilir)\r\n-uro-ginekoloji sahədə təcrübə\r\n- Şəxsi keyfiyyətlər: ünsiyyətcillik, məsuliyyətlilik, çalışqanlıq, səmimilik, hərəkətli iş rejimində işləmə bacarığı, öz biliyini artırma bacarığı\r\n- Komandada işləmək bacarığı, vaxtdan səmərəli istifadə etmə bacarığı\r\n- Aydın nitq və farmasevtik məlumatları yaxşı qavrama bacarığı\r\n- Xarici görünüş: Pozitiv və təmsilçi görünüşə sahib olmaq',167,5,'2023-03-03','Medicus pharm','+994125651080','500','medicus.pharm.ofis@gmail.com',1,0,NULL,'2023-01-31 10:10:44','2023-01-31 10:35:14',0),(249,'TEXNİKİ DƏSTƏK ÜZRƏ MÜTƏXƏSSİS',6,'İş barədə məlumat\r\n- İKT avadanlıqların proqram və aparat təminatı üzrə texniki xidmətin göstərilməsi\r\n- İKT avadanlıqların və lokal şəbəkənin işlək vəziyyətdə saxlanılması üçün işlək vəziyyətin qorunması üçün monitoringi, diaqnostikası, profilaktik işlərin aparılması və sazlanması\r\n- Yeni İKT avadanlıqların quraşdırılması, sazlanması və qeydiyyatı\r\n- İKT avadanlığın sıradan çıxmış hissələrin qeydiyyatı və dəyişdirilməsi\r\n- Daxil olmuş müraciətlərin və tapşırıqların qeydiyyatı və razılaşdırılmış vaxta uyğun icrası\r\n- Şirkətdə iş emalı üçün nəzərdə tutulmuş Əməliyyat Sistemində (OTRS) görülmüş işlərin qeydiyyatı\r\n- Görülən işlərin təhvil-təslimi, aktlaşdırılması, mal-materialın dövriyyəsinin dəstəklənməsini və iş emalın Əməliyyat Sistemində əks olunması\r\n- Əməliyyat Sistemlərin (Windows XP,Vista,7,8,10) quraşdırılması, sazlanması və idarə edilməsi\r\n- Modem, marşrutlayıcı (router), kommutatorların (switch) və Wi-Fi (access point) qurğuların quraşdırılması, sazlanması və idarə edilməsi\r\n- İş qrafiki: 5 günlük iş rejimi\r\n- Əmək haqqı: əmək haqqı müsahibə vaxtı müəyyən ediləcək','Namizədə tələblər\r\n- Ali və ya texniki təhsil\r\n- Müvafiq sahədə ən az 1-3 illik iş təcrübəsi\r\n- Azərbaycan, rus və ingilis (orta səviyədə) dillərini bilmək\r\n- Kollektivdə işləmək bacarığı',168,5,'2023-03-03','AzEduNet','+994554443956','400','lagayeva@azedunet.az',1,0,NULL,'2023-01-31 10:47:43','2023-02-01 02:45:37',0),(250,'İNSAN RESURSLARI ÜZRƏ MÜTƏXƏSSİS',7,'İş barədə məlumat\r\nİş barədə məlumat:\r\n- İş vaxtı: həftənin 5 günü, saat 09:00-dan--18:00-dək\r\n- İstirahət günləri: şənbə və bazar\r\n- İş yeri: \"NN Business Group\" MMC','Namizədə tələblər\r\n- Azərbaycan Respublikasının Əmək qanunvericiliyini bilmək\r\n- İşə qəbul, əmək müqaviləsinə xitam, işə davamiyyət, məzuniyyət, ezamiyyət, intizam tənbehləri və digər bütün əməliyyatları qanunvericiliklə müəyyən olunmuş qaydada həyata keçirmək\r\n- Məzuniyyət cədvəlini tərtib etmək, işçilərə məzuniyyətlərin verilməsini əmrləşdirmək və uçotunu aparmaq, verilən məzuniyyətlərin cədvəl üzrə istifadə edilməsinə nəzarət - İşçilərin şəxsi işlərini formalaşdırmaq, mütəmadi olaraq qaydaya salmaq və dəyişikliklərin müntəzəm olaraq qeydiyyatını aparmaq\r\n- Əmək kitabçalarının yazılması, dəyişikliklərin qeyd olunması, əmək kitabçalarının qeydiyyatı jurnalının yazılması\r\n- ƏMAS platformasında sərbəst işləmək\r\n- Rəhbərliyin tapşırıqlarının keyfiyyətlə və vaxtında yerinə yetirmək',169,5,'2023-03-03','NN BUSİNESS GROUP','+994125559999','500','info@nnbusinessgroup.az',1,0,NULL,'2023-01-31 10:53:29','2023-02-01 02:45:36',0),(251,'KURYER',13,'İş barədə məlumat\r\n- AR əmək məcəlləsinə əsasən sənədləşmə.\r\n- İş barəsində təlimlər keçirilir,iş prosesi etraflı izah olunur\r\n- Yol xərci və mobil telefon şirkət tərəfindən qarşılanır\r\n- İş yeri: Azadlıq prospektində yerləşir.\r\n- İş günləri: Həftənin 6günü, həftədə bir dəfə istirahət\r\n- Əmək haqqı 350AZN\r\n- İş qrafiki: 10:30-dan -19:30-dək\r\nMaraqlanan şəxslər cvlərini office@digitallab.az email ünvanına göndərə bilərlər.\r\nƏsas qeyd : Vatsapp üzərindən müraciət etməyin. HR vatsappa baxmır. Ancaq email üzərindən gələn cvlərə HR baxdıqdan sonra müsahibəyə dəvət edəcək','Namizədə tələblər\r\n- Cins: kişi\r\n- İşgüzar və çalışqan olmalı\r\n- Fiziki sağlam, məsuliyyətli və diqqətcil\r\n- Google maps proqramından istifadə bacarığı\r\n- Sifarişlərin vaxtında ünvana səliqəli və qüsursuz çatdırılması',170,5,'2023-03-01','Digitallab','+994518959493','300','info@digitallab.az',1,0,NULL,'2023-02-01 02:14:24','2023-02-01 02:45:39',0),(252,'KOORPERATİV SATIŞ MENECERİ',8,'İş barədə məlumat\r\n- Potensial müştərilərin cəlb edilməsi və müştəri bazasının formalaşdırılması\r\n- Müştərilər barədə informasiya toplayır və müştəri bazasına qeyd edir\r\n- Yeni müştərilərə \"soyuq\" zənglərin edilməsini icra edir\r\n- Görüş və təqdimatların təşkil edilməsini icra edir\r\n- Keçirilən aksiya və kampaniyalar haqqında müştəriləri məlumatlandırır\r\n- Gündəlik , həftəlik , aylıq hesabatların hazırlanması və rəhbərliyə təqdim olunması\r\n- Proqram təminatı , təhlükəsizlik sistemləri və digər texniki avadanlıqların satışını həyata keçirmək\r\nƏmək haqqı : 400 + bonus\r\nİş qrafiki : 10:00-dan-18:00-dək (5gün)\r\n10:00-dan-13:00-dək (6-ci gün)\r\nKorporativ nömrə və nəqliyyat xərci şirkət tərəfindən ödənilir','Namizədə tələblər\r\n- Ali təhsil ( satış və marketing arzu olunandır )\r\n- İş təcrübəsi : satış sahəsi 1 il ( İT sferası üzrə təcrübə üstünlükdür)\r\n- Müştəriyə satış etmə bacarığı olmalıdır\r\n- Yeniliyə və daim öyrənməyə açıq olmalıdır',171,5,'2023-03-01','Technomen','+994552110281','400','hr@technomen.az',1,0,NULL,'2023-02-01 02:28:01','2023-02-01 02:45:40',0),(253,'AZƏRBAYCAN DİLİ MÜƏLLİMİ (RUS BÖLMƏSİ)',11,'İş barədə məlumat\r\n- Rus bölməsi üçün həm fərdi, həm qrup şəklində Azərbaycan dili dərslərinin tədris edilməsi\r\n- Dərs planını proqramlaşdırmaq və dərslərin proqram üzrə təşkilini təmin etmək\r\n- Müxtəlif dərs metodları, audio və video materiallardan istifadə etməklə dərslərin daha maraqlı keçməsini təmin etmək\r\n- Hər ay sonu tələbələri imtahan edib nəticələri menecerlərə bildirmək\r\n- Sərbəst iş qrafiki\r\nCv-lər - info@piramida.az elektron poçt ünvanında qəbul edilir\r\nXahiş olunur CV-nizi göndərdikdə mövzu hissəsində müraciət etdiyiniz vakansiyanın adını \"Azərbaycan dili müəllimi rus bölməsi\" qeyd edəsiniz','Namizədə tələblər\r\n- Müvafiq sahə üzrə ali təhsil\r\n- Azərbaycan və rus dillərini əla səviyyədə bilməlidir\r\n- İntizamlı, məsuliyyətli olmalıdır\r\n- Yaxşı ünsiyyət, əlaqə və komanda ilə işləmək bacarığı\r\n- Müxtəlif yaş qrupları ilə işləmə bacarığı',172,5,'2023-03-01','Piramida Təhsil mərkəzi','+994124413551','300','info@piramida.az',1,0,NULL,'2023-02-01 02:38:32','2023-02-01 02:45:41',0),(254,'MALİYYƏ PLANLAMASI VƏ TƏHLİLİ ŞÖBƏSİNİN APARICI MÜTƏXƏSSİSİ',4,'İş barədə məlumat\r\nFunksional vəzifələr:\r\n- Müəssisənin illik büdcə planının, rüblük proqnozlarının və müvafiq balans, mənfəət və zərər, pul hərəkəti hesabatlarının hazırlanması\r\n- Pul vəsaitləri üzrə büdcənin tərtib edilməsi, şirkətin üzləşə biləcəyi pul defisiti ilə bağlı maliyyələşmə mənbələrinin müəyyən edilməsi\r\n- Müvafiq struktur bölmələrin və törəmə müəssisələrin büdcə planlamasında iştirakı və koordinasiyanı təmin edilməsi\r\n- Təqdim edilmiş büdcə və proqnozların təhlili\r\n- Büdcənin icrasına mütəmadi nəzarətin həyata keçirilməsi və icra vəziyyətinə dair hesabatların rəhbərliyə təqdim edilməsi\r\n- Kənarlaşmalar barədə müvafiq struktur bölmələrinin xəbərdar edilməsi və büdcəyə düzəlişlərin həyata keçirilməsi\r\n- Büdcə xərclərinin səmərəliliyinin təhlilinin aparılması və səmərəliliyinin artırılması üzrə təkliflərin verilməsi\r\n- Büdcə gəlirlərinin artırılması üzrə mənbələrin aidiyyəti struktur bölmələrlə müzakirə edilməsi\r\n- Müəssisədə tətbiq edilən bütün təlimatlara, qaydalara və sair prosedur və tələblərə riayət\r\n- Şöbənin vəzifələrinə aid edilmiş məsələlər üzrə digər işlər\r\n- Əmək haqqı -1440 azn','Namizədə tələblər\r\nMüvafiq sahə ilə əlaqəli ali bakalavr təhsili (Magistr, MBA arzu olunandır)\r\n- Maliyyə planlaması, büdcə, maliyyə nəzarəti, audit və ya mühasibat sahəsi üzrə 2 il iş təcrübəsi\r\n- Maliyyə-uçot sahəsi ilə əlaqədar mövcud qanunvericiliyi işində tətbiq edə biləcək səviyyədə bilmək\r\n- Yüksək səviyyədə Azərbaycan dili biliyi;\r\n- Xarici dil biliyi (ingilis dili, rus dili biliyi arzu olunandır)\r\n- Microsoft Office proqramlarını yüksək səviyyədə bilmək və internet resurslarının istifadə bacarığı\r\n- ERP sistemləri ilə (1C 8.3 versiyası) üzrə bilik və işlətmə bacarığı\r\n- Statistik və riyazi biliklər\r\n- Analitik təhlil, strateji düşünmə, korporativ idarəetmə və problem həlletmə bacarığı\r\n- Maliyyə Hesabatlarının Beynəlxalq Standartları üzrə biliklər; (MHBS)\r\n- ACCA, CFA, FMVA, CIMA, CPA və ya bunlara ekvivalent olan digər beynəlxalq sertifikatlar arzu olunandır',173,5,'2023-03-01','Azərbaycan Sənaye Korporasiyası ASC','+994125059511','1440','hr@ask.gov.az',1,0,NULL,'2023-02-01 02:45:21','2023-02-01 02:45:43',0),(255,'OFİS MENECERİ',7,'İş barədə məlumat\r\n- Ofis daxili sənədləşmələrin həyata keçirilməsinə nəzarət, və qeydiyatının aparılması, rəhbərliyə birbaşa təqdim olunması\r\n- Rəhbərliyin verdiyi tapşırıqları vaxtında və düzgün yerinə yetirmək\r\n- Daxil olan zəngləri cavablandırmaq\r\n- Daxil və xaric olan sənədlərin qeydiyyatı\r\n- İşçilərələ həftəlik görülən işlərin müzakirəsi və yarana biləcək problemlərin aradan qaldılırması\r\n- Əmək haqqı: 400-500 AZN\r\n- Nahar şirkət tərəfindən verilir\r\n- İş saatı: 08:30-dan-16:30-dək\r\n- İş qrafiki 6 günlük (şənbə günü qısa iş günüdür)\r\n- Ünvan:Bakıxanov qəs.Bəşir Bünyadov 17A küç.\r\n- Maraqlanan namizədlər CV-lərini mövzu yerinə “Ofis Meneceri”yazaraq hr1@mirzaoglu.az.ünvanına göndərə bilər və ya 055 455 90 34 nömrəsi ilə əlaqə saxlaya bilərlər\r\n- Əlaqədar şəxs: Nigar İbrahimli','Namizədə tələblər\r\n- Aktiv, məsuliyyətli, stressə davamlı, işində dəqiq və ünsiyyətcil\r\n- Rus və ya ingilis dili biliyi mütləqdir\r\n- Ms Office proqramlarında işləmək bacarığı, (Word, Excel mütləqdir)\r\n- İşgüzar münasibət etikası\r\n- Yaş: 22-30\r\n- Xanım namizədlər tələb olunur',55,5,'2023-03-01','Konfirom MMC','+994554559034','400','hr1@mirzaoglu.az',1,0,NULL,'2023-02-01 02:49:14','2023-02-01 03:44:46',0),(256,'MENECER',7,'İş barədə məlumat\r\n- Alfaparf şirkətinə xanım işçi tələb olunur.\r\n- Seminarların təşkil olunması, slayd təqtimadı\r\n- Bu sahədə ən azı 6 ay təcrübəsi olması mütləqdir\r\n- Orta aylıq gəlir 450 azn-dən başlayır\r\n- İş saatları - həftənin 6 günü\r\n- Saat 09:00-dan-18:00-dək\r\n- İstirahət bazar günləri\r\n- Nahar şirkət tərəfindən (pulsuz) verilir.\r\n- Yaş həddi 18-40 yaş aralığı\r\nUyğun namizədlər CV-lərini s.vusala@viplife.az mail ünvanına və ya iş nömrəmizə +994 70 4900853 göndərsinlər.\r\nÜnvan: Nəriman Nərimanov ray. Aşıq Molla Cümə 19b (Nərimanov metrosunun yaxınlığı)','Namizədə tələblər\r\n- Ünsiyyət qurmaq bacarığı\r\n- Kollektivdə işləmək bacarığı\r\n- Dil bilikləri : Azərbaycan (əla) Rus dili (əla)\r\n- Dinamik, aktiv, inadkar',174,5,'2023-03-01','Alfaparf','+994124659014','400','s.vusala@viplife.az',1,0,NULL,'2023-02-01 02:57:56','2023-02-01 03:44:48',0),(257,'EHTİYAT SATIŞ MÜVƏKKİLİ',8,'İş barədə məlumat\r\n- Sifarişlərin qəbul olunmasına nəzarət\r\n- Verilən iadələrin vaxtında və düzgün iadə olunmasına nəzarət\r\n- Sifarişin müştəriyə vaxtında və sağlam şəkildə çatdırılması\r\n- Müştəridən və ya ərazidə işə aid məlumatların əldə olunub satış müdirinə çatdırılması\r\n- Avtomobilə yüksək səviyyədə qulluğun edilməsi və vaxtı vaxtında təmirinin təmin olunması\r\n- Ay sonu satılan malın pulunun tam şəkildə kassaya çatdırılması\r\n- Müştəri haqqında tam və dolğun məlumata sahib olmaq\r\nİş şəraiti:\r\n- 6 günlük iş həftəsi\r\n- Nahar şirkət tərəfindən verilir\r\n- Əmək haqqı – 600 AZN\r\n- İş yeri: NZS qəsəbəsi, Oqtay Vəliyev küç. 21C, Depo','Namizədə tələblər\r\n- Ali təhsil\r\n- Satış və çatdırılma sahəsində iş təcrübəsi\r\n- Microsoft Office və 1C proqramlarından istifadə bacarığı\r\n- Sürücülük vəsiqəsi(mexaniki sürət qutusu ilə avtomobil idarə etmək bacarığı)\r\n- Hərbi xidməti başa vurmuş şəxslər\r\n- Satış qabiliyyəti',175,5,'2023-03-01','Zeytun Pharmaceuticals','+994502731173','600','nigar.hajiyeva@zeytunpharma.az',1,0,NULL,'2023-02-01 03:07:35','2023-02-01 03:44:49',0),(258,'ANBAR İŞÇİSİ',13,'İş barədə məlumat\r\nVəzifə funksiyaları: Anbarda dərman preparatlarının qəbulu, qablaşdırılması, çeşidlənməsi,rəflərə yerləşdirilməsi və s. ibarətdir\r\n- İş qrafiki: 6 günlük iş həftəsi\r\n08:00-dan - 17:00-dək\r\n15:00-dan - 23:00-dək\r\n- İş yeri: NZS qəsəbəsi, Oqtay Vəliyev küç. 21C, Depo\r\n- Nahar şirkət tərəfindən təmin edilir\r\n- Əmək haqqı: 450 AZN və daha yüksək','Namizədə tələblər\r\n- Anbarda 1 il iş təcrübəsi arzuolunandır\r\n- Rus dilində sərbəst oxuma qabiliyyəti\r\n- Kompüterdən istifadə bacarığı\r\n- Cinsi: Kişi (hərbi xidməti başa vurmuş şəxslər)\r\n- Yaş həddi: 20-35\r\n- Namizədin iş yerinə yaxın ərazidə yaşaması şərtdir',175,5,'2023-03-01','Zeytun Pharmaceuticals','+994502731173','400','nigar.hajiyeva@zeytunpharma.az',1,0,NULL,'2023-02-01 03:09:51','2023-02-01 03:44:50',0),(259,'MÜHASİB',4,'İş barədə məlumat\r\n- Müəssisənin maliyyə-təsərrüfat fəaliyyətinin mühasibat uçotu və hesabat sənədlərində əks etdirilməsi üzrə fəaliyyətin təşkili və nəzarət edilməsi\r\n- Müəssisə tərəfindən həyata keçirilən bütün maliyyə-təsərrüfat əməliyyatlarının mühasibat uçotunda düzgün əks etdirilməsi,mühasibat-maliyyə hesabatlarının müəyyən edilmiş müddətdə tərtib və təqdim edilməsinin təşkili və nəzarət edilməsi\r\n- Əmək haqqı hesablanması\r\n- İlkin mühasibat sənədlərinin,hesablaşmaların və ödəniş öhdəliklərinin hazırlanmasına,əməkhaqqı fondunun sərf olunmasına,əmtəə-mal qiymətlərinin və əsas fondlarının inventarizasiyasının aparılmasına nəzarət edilməsi\r\n- Maliyyə nizamına ciddi əməl edilməsi,inzibati təsərrüfat və digər xərclərin ,debitor borclarının,çatışmazlıqların və digər hesabatların mühasibat uçotunda düzgün əks etdirtilməsinin təmin edilməsi\r\n- Kassa,Bank əməliyyatlarının həyata keçirilməsi\r\n- DSMF, Vergi, Statistika hesabatlarının vaxtında tərtib və təqdim edilməsi. ƏDV depozit əməliyyatlarının aparılması, E-qaimələrin tərtibi\r\n- Aylıq, rüblük və illik hesabatların dövlət orqanlarına göndərilməsi - Gündəlik və aylıq hesabatlarınin tərtib edilməsi\r\n- Aylıq daxili maliyyə hesabatlarının hazırlanması\r\n- İş qrafiki: 5 tam iş günü\r\n- Şənbə günü yarım gün\r\n- Nahar şirkət tərəfindən təmin edilir','Namizədə tələblər\r\n- Təhsil:Ali (Mühasibat uçotu və audit, İqtisadiyyat və Maliyyə ixtisasları)\r\n- 1C proqramında gündəlik əməliyyatların daxil edilməsi\r\n- Mühasibatlıq sahəsində minimum 3 il iş təcrübəsi\r\n- MC Office proqramlarında işləmə bacarığı (Excel proqramını yüksək səviyyədə bilməli)\r\n- ACCA,CFA sahəsində biliklərə malik namizədlərə üstünlük verilir.\r\n- Vergi qanunvericiliyini səlis bilməlidir\r\n- Komanda ilə işləmə qabiliyyəti\r\n- Operativlik,məsuliyyətlilik\r\n- Analitik düşünmə, analiz etmə,diqqətlilik',176,5,'2023-03-01','APPRO HOSPİTAL','+994512018870','800','askerzade.adile@novatorfarma.com',1,0,NULL,'2023-02-01 03:20:44','2023-02-01 03:44:52',0),(260,'SATIŞ VƏ REKLAM AGENTİ (QAPIDAN-QAPIYA)',8,'İş barədə məlumat\r\n- Satış və reklam agenti tələb olunur (qapıdan-qapıya marketinq mütəxəssisi):\r\n- Ailə TV Kabel Televiziyasına peşəkar satış və reklam agentləri tələb olunur\r\n- Sərbəst iş qrafiki, Stabil maaş, yüksək bonuslar və karyera yüksəlişi imkanı mövcuddur\r\nÖhdəliklər:\r\n- Verilən ərazi üzrə kabel televiziyası və internet provayderin xidmətləri haqqında reklam materiallarını (buklet, flayer, poster) və s. qapılara paylamaq. (reklam materiallarının üzərində müvafiq reklam agentinin əlaqə nömrəsi olacaq)\r\n- Reklam materiallarını paylamaqla yanaşı ərazi üzrə qapıları döyüm potensial müştərilərə xidmət haqqında məlumat vermək və xidmətə qoşulmağı təklif etmək\r\n- Qapılara paylanılan reklam materiallarının üzərində göstərilən telefon nömrəsi ilə əlaqə saxlayan potensial müştərilərin sorğularına cavab vermək, qoşulmaları qəbul edib, müvafiq şöbəyə icrası üçün yönəltmək\r\nİş şəraiti:\r\n- Sərbəst iş qrafiki\r\n- Əmək haqqı: razılaşma yolu ilə. + satışdan bonuslar\r\n- Korporativ danışıq nömrəsi və balans verilir\r\nUyğun namizədlərdən CV-lərini “Satış və reklam agenti” başlığı ilə info@aile.tv e-mail adresinə göndərmələri xahiş olunur. Əlavə məlumat üçün WhatsApp: 055 828 96 14','Namizədə tələblər\r\n- Cins: kişi\r\n- Məsuliyyətli və kollektivlə işləmək bacarığı\r\n- Səlis nitq və danışıqlar aparmaq qabiliyyəti\r\n- Təqdimat və aktiv satış bacarığı\r\n- Səliqəli zahiri görünüş\r\n- Fiziki cəhətdən sağlam, piyada gəzməyi sevən\r\n- Üzlü və çəkinməyən',177,5,'2023-03-01','Caspian Telecom MMC','+994554474409','500','info@castel.az',1,0,NULL,'2023-02-01 03:33:22','2023-02-01 03:44:53',0),(261,'FƏHLƏ',13,'İş barədə məlumat\r\n- Viplife şirkətinə bəy işçi (fəhlə) tələb olunur\r\n- Orta aylıq gəlir 450 azn-dən başlayır\r\n- İş saatları - həftənin 6 günü\r\n- Saat 09:00-dan-18:00-dək\r\n- İstirahət bazar günləri\r\n- Nahar şirkət tərəfindən (pulsuz) verilir\r\n- Yaş həddi 18-40 yaş aralığı\r\n- Məhsulların anbara danışması\r\n- Məhsulların rəflərə yerləşdirilməsi\r\nUyğun namizədlər CV-lərini h.pari@viplife.az mail ünvanına və ya iş nömrəmizə +994 50 263 63 15 göndərsinlər\r\nÜnvan: Nəriman Nərimanov ray. Aşıq Molla Cümə 19b (Nərimanov metrosunun yaxınlığı)','Namizədə tələblər\r\n- Ünsiyyət qurmaq bacarığı\r\n- Kollektivdə işləmək bacarığı',178,5,'2023-03-01','Viplife','+994124659015','400','h.pari@viplife.az',1,0,NULL,'2023-02-01 03:44:30','2023-02-01 03:44:55',0),(262,'OPTİKA ÜZRƏ TİBBİ NÜMAYƏNDƏ',14,'İş barədə məlumat\r\nVəzifə öhdəlikləri:\r\n- Gündəlik olaraq tibbi müəssisələri və aptekləri ziyarət etmək\r\n- Təyin olunmuş optika məhsullarının tibbi müəssisələr və apteklərdə təqdimatı\r\n- Optika məhsullarının satışını təşkil etmək\r\n- Mütəmadi olaraq görülən işlər barədə hesabatın təqdim edilməsi\r\nİş şəraiti:\r\n- İş qrafiki: Tam iş günü\r\n- Əmək haqqı: 500-1200 AZN\r\nQeyd olunan göstəricilərə cavab verən namizədlərdən öz CV-lərini mövzu hissəsində “Optika üzrə Tibbi Nümayəndə” qeyd etməklə cv@azerimed.com elektron ünvanına göndərmələri xahiş olunur.\r\nƏlavə suallar üçün 055-455-58-71 (Whatsapp) nömrəsi ilə əlaqə saxlaya bilərsiniz','Namizədə tələblər\r\n- Yaş: 22-35\r\n- Xanım namizədlər tələb olunur\r\n- Təhsil: Ali və ya orta təhsil\r\n- Təcrübə: Tibbi nümayəndə olaraq minimum 1 il iş təcrübəsi (Optika sahəsində təcrübənin olması üstünlükdür)\r\n- Dil bilikləri: Azərbaycan dilində sərbəst ünsiyyət bacarığına malik olmalı (Rus dili biliyi arzu olunandır)\r\n- Effektiv kommunikasiya və təqdimat bacarığ',179,5,'2023-03-01','AzəriMed','+994554558404','500','cv@azerimed.com',1,0,NULL,'2023-02-01 04:01:27','2023-02-01 04:12:59',0),(263,'PİYADA KURYER',13,'İş barədə məlumat\r\nVəzifə öhdəlikləri:\r\n- Dərman preparatlarının müvafiq ünvana çatdırılması\r\n- Təyin olunmuş yerlərdə dərman preparatlarının təhvil-təsliminin həyata keçirilməsi\r\n- Sifarişlərin çatdırılması Bakı və Bakı ətarfı ərazilərdə həyata keçirilir\r\nİş şəraiti:\r\n- İş qrafiki: Tam iş günü\r\n- Əmək haqqı: 350 AZN + Bonus sistemi mövcuddur\r\nQeyd olunan göstəricilərə cavab verən namizədlərdən öz CV-lərini mövzu hissəsində “Piyada Kuryer” qeyd etməklə cv@azerimed.com elektron ünvanına göndərmələri xahiş olunur\r\nƏlavə suallar üçün 055-455-84-04 (Whatsapp) nömrəsi ilə əlaqə saxlaya bilərsiniz','Namizədə tələblər\r\n- Yaş: 18-30 yaş\r\n- Təcrübə tələb olunmur\r\n- Cəld, dəqiq, diqqətli və məsuliyyətli olmalı\r\n- Bakı və Bakı ətrafı əraziləri yaxşı tanımalı',179,5,'2023-03-01','AzəriMed','+994554558404','400','cv@azerimed.com',1,0,NULL,'2023-02-01 04:03:44','2023-02-01 04:13:02',0),(264,'TİBBİ NÜMAYƏNDƏ',14,'İş barədə məlumat\r\nVəzifə öhdəlikləri:\r\n- Gündəlik olaraq tibbi müəssisələri və aptekləri ziyarət etmək\r\n- Təyin olunmuş müvafiq dermatoloji məhsulların tibb müəssisələri və apteklərdə təqdimatı\r\n- Dermatoloji məhsulların satışını təşkil etmək\r\n- Məhsullara təlabat yaratmaq və satışını təşkil etmək\r\n- Mütəmadi olaraq görülən işlər barədə hesabatın təqdim edilməsi\r\n\r\nİş şəraiti:\r\n- İş qrafiki: Tam iş günü\r\n- Əmək haqqı: 500 – 1000 AZN (Gross)\r\nQeyd olunan göstəricilərə cavab verən namizədlərdən öz CV-lərini mövzu hissəsində “Tibbi Nümayəndə” qeyd etməklə cv@azerimed.com elektron ünvanına göndərmələri xahiş olunur\r\nƏlavə suallar üçün 055-455-84-04 (Whatsapp) nömrəsi ilə əlaqə saxlaya bilərsiniz','Namizədə tələblər\r\n- Yaş: 20-40\r\n- Təcrübə: Tibbi nümayəndə olaraq minimum 1 il iş təcrübəsi mütləqdir (Dermatoloji məhsullar üzrə təcrübənin olması üstünlükdür)\r\n- Dil bilikləri: Azərbaycan dili və rus dili biliyi mütləqdir\r\n- Şəxsi maşının olması üstünlükdür\r\n- Effektiv kommunikasiya və təqdimat bacarığı',179,5,'2023-03-01','AzəriMed','+994554558404','500','cv@azerimed.com',1,0,NULL,'2023-02-01 04:05:14','2023-02-01 04:13:03',0),(265,'SOSİAL MEDİA MENECERİ (SMM)',5,'İş barədə məlumat\r\nVəzifə öhdəlikləri:\r\n- Şirkətə aid müvafiq brendləin təhvil alınması və Sosial Media hesablarının idarə olunması (Facebook, Facebook Business manager, Instagram, Google adwords. YouTube);\r\n- Reklamların idarə olunması, büdcənin hesablanması və aylıq təyinatı\r\n- Həftəlik/aylıq kontent planının hazırlanması\r\n- Dizayner, Videoqraf, Fotoqraf və Motion dizayner üçün müvafiq kontentlərin yazılması\r\n- Dizaynerə və Motion dizaynerə əsas ideanın çatdırılması\r\n- Fotoqraf və videoqrafa çəkiliş barədə olan ideaların çatdırılması\r\n- Rəhbərlik tərəfindən verilən tapşırıqların vaxtında icra olunması\r\n⠀⠀İş şəraiti:\r\nƏmək haqqı: 700-900 AZN\r\n- İş qrafiki: Tam iş günü\r\n- Ünvan: Nərimanov rayonu, Əhməd Rəcəbli 1/11 küçəsi\r\n⠀Qeyd olunan göstəricilərə cavab verən namizədlərdən öz portfolio və CV-lərini mövzu hissəsində “Sosial Media Meneceri (SMM)” qeyd etməklə cv@azerimed.com elektron ünvanına göndərmələri xahiş olunur\r\nƏlavə suallar üçün 055-455-84-04 (Whatsapp) nömrəsi ilə əlaqə saxlaya bilərsiniz','Namizədə tələblər\r\nTələblər:\r\n\r\n- Ali təhsil\r\n- Müvafiq sahədə ən azı 1 il iş təcrübəsi\r\n- Azərbaycan və rus dili biliyi mütləq, ingilis dili biliyi arzuolunandır\r\n- Google adwords ilə işləmə və düzgün copywriting bacarığı üstünlükdür\r\n- Sosial media hesabları üzrə metodları və digər platformaları bilməli\r\n- Yenilikləri və trendləri izləməli\r\n- Komandada işləmək qabiliyyəti\r\n- Kreativ və innovativ düşüncəli olmalı',179,5,'2023-03-01','AzəriMed','+994554558404','700','cv@azerimed.com',1,0,NULL,'2023-02-01 04:08:48','2023-02-01 04:13:04',0),(266,'KADRLAR ÜZRƏ MÜTƏXƏSSİS',7,'İş barədə məlumat\r\n- İş vaxtı-08:30-dan-18:00-dək\r\n- Şənbə, bazar 08:30-dan-15:30-dək\r\n- İşçilər tərəfindən daxili nizam qaydalarına riayət olunmasına nəzarət etmək\r\n- Yeni vakansiya üzrə işçi axtarışını həyata keçirilməsi\r\n- Namizədlərin müsahibə və imtahanlardan keçirilməsi\r\n- Yeni işçinin işə qəbul sənədlərinin toplanması və işçi ilə əmək müqaviləsinin bağlanması\r\n- İşə qəbul prosedurlarının hazırlanması\r\n- Vakansiya tələbinin müəyyən edilməsi\r\n- Vakansiya elanlarının hazırlanması və işə qəbul kanallarında yerləşdirilməsi\r\n- Seçilən əməkdaşların müvafiq struktur bölməyə yerləşdirilməsi\r\n- İşçilərin sınaq müddətinin qiymətləndirilməsi\r\n- İşə qəbul ilə bağlı digər müvafiq fəaliyyətlərin icrası\r\n- Rəhbərlik tərəfindən verilən tapşırıqları vaxtında və məsuliyyətlə yerinə yetirilməsi','Namizədə tələblər\r\n- İşə qəbul sahəsində 3-5 il iş təcrübəsi\r\n- MS Office (MS Excel, MS Word, MS Outlook) proqramlarından sərbəst işləmək bacarığı\r\n- Səlis və işgüzar danışıq bacarığı\r\n- Komandada işləmə qabiliyyəti\r\n- Məsuliyyətlilik, dürüstlük, çeviklik, problem həlletmə, planlaşdırma, nəzarətedicilik, müştəriyönümlülük\r\n- Qeyd: Namizdələrdən CV-lərini göndərməmişdən öncə vəzifə öhtəliklərini diqqətlə oxumaqları xahiş olunur .Tələblərə cavab verən namizədlərin CV-lərini “HR MENECER” başlığı altında “botellicareers@gmail.com” elektron ünvanına göndərmələri xahiş olunur',180,5,'2023-03-01','Botelli','+994553334863','500','botellicareers@gmail.com',1,0,NULL,'2023-02-01 04:21:29','2023-02-01 04:27:17',0),(267,'MENECER',8,'İş barədə məlumat\r\n- Botelli magazalar şəbəkəsinə Mağaza Müdiri tələb olunur\r\n- Yeni müştərilərin cəlb olunması\r\n- Satışın həyata keçirilməsi, mağaza və işçi heyətinin idarə edilməsi\r\n- Qarşısına qoyulan hədəfləri, satış planını yerinə yetirmək\r\n- Müştəri məmnuniyyətini yüksək səviyyədə təmin etmək\r\n- Günün sonu hesabatların verilməsi\r\n- İş rejimi: Növbəli\r\n- Əmək haqqı: 500 - 600 AZN / müsahibə əsnasında namizədə görə dəyişir\r\n- Satış hədəflərinə uyğun bonus sistemi\r\n- AR əmək məcəlləsinə görə sənədləşmə','Namizədə tələblər\r\n- Şüvəlan, Mərdəkan, Razin ərazisinə geyimdə və qab-qacaq bölməsində işləmiş təcrübəli bəy və xanım menecerlər tələb olunur\r\n- Bottelli mağazalar şəbəkəsinə Mağaza Müdiri tələb olunur\r\n- Satış sahəsində 1-3 il iş təcrübəsi\r\n- Satış sahəsinin nəzəri və praktiki bilikləri olan\r\n- Müştərilərlə işləmək qabiliyyəti\r\n- Təqdimat bacarığının olması\r\n- Səliqəli xarici görünüş, nəzakətli danışıq, ünsiyyətcil, intizamlı və işinə qarşı məsuliyyətli olmalı\r\n- Komandada işləmək bacarığı\r\n- Mükəmməl kommunikasiya qabiliyyəti\r\n- İşdə dəqiqlik və detallara fikir vermə qabiliyyəti\r\n- Qeyd: Namizdələrdən CV-lərini göndərməmişdən öncə vəzifə öhtəliklərini diqqətlə oxumaqları xahiş olunur\r\n- Tələblərə cavab verən namizədlərin CV-lərini “MAĞAZA MÜDİRİ” başlığı altında “botellicareers@gmail.com” elektron ünvanına göndərmələri xahiş olunur',180,5,'2023-03-01','Botelli','+994553334863','500','botellicareers@gmail.com',1,0,NULL,'2023-02-01 04:23:32','2023-02-01 04:27:19',0),(268,'DİREKTOR KÖMƏKÇİSİ',7,'İş barədə məlumat\r\n- Gələn qonaqların qarşılanması və müşaiyət olunması (çay, kofe, su)\r\n- Telefonlara cavab vermək\r\n- Rəhbərin tapşırığı əsasında işlərin yönləndirilməsi və icrasını nəzarət etmək\r\n- Həftə içi 5 gün saat 08:30-dan-18:00-dək\r\n- Şənbə günü 08:30-dan -15:30-dək\r\n- Əmək haqqı: 500 Azn\r\n- Ünvan: Sakit Qocayev 126, Bakıxanov qəsəbəsi\r\n- Əlaqə nömrəsi: +994553334863','Namizədə tələblər\r\n- Ofis texnikasından istifadə bacarığı\r\n- Kompyuter bilikləri\r\n- Diqqətcil, komandada işləmə bacarığı,nəzakətli danışıq, intizamlı\r\nvə işinə qarşı məsuliyyətli olmalı\r\n- Xoş və səliqəli zahiri görünüş\r\n- Məsuliyyətli, pozitiv, gülərüz və nəzakətli\r\n- Cins: Xanım\r\n- CV-lərinizi botellicareers@gmail.com ünvanına “Direktor Assistent”\r\nbaşlığı ilə göndərməyiniz xahiş olunur',180,5,'2023-03-01','Botelli','+994553334863','500','botellicareers@gmail.com',1,0,NULL,'2023-02-01 04:25:16','2023-02-01 04:27:21',0),(269,'DİREKTOR ASSİSTENTİ',7,'İş barədə məlumat\r\n- Gələn qonaqların qarşılanması və müşaiyət olunması (çay, kofe, su)\r\n- Telefonlara cavab vermək\r\n- Rəhbərin tapşırığı əsasında işlərin yönləndirilməsi və icrasını nəzarət etmək\r\n- Həftə içi 5 gün saat 08:30-dan -18:00-dək - Şənbə günü 08:30-dan -15:30-dək\r\n- Əmək haqqı: 500 azn\r\n- Ünvan: Sakit Qocayev 126, Bakıxanov qəsəbəsi\r\n- Əlaqə nömrəsi: +994553334863 (WP)\r\n+994553334870','Namizədə tələblər\r\n- Ofis texnikasından istifadə bacarığı\r\n- Kompyuter bilikləri\r\n- Diqqətcil, komandada işləmə bacarığı,nəzakətli danışıq, intizamlı və işinə qarşı məsuliyyətli olmalı\r\n- Xoş və səliqəli zahiri görünüş\r\n- Məsuliyyətli, pozitiv, gülərüz və nəzakətli\r\n- Cins: Xanım\r\n- CV-lərinizi botellicareers@gmail.com ünvanına “Direktor Assistenti”\r\nbaşlığı ilə göndərməyiniz xahiş olunur',180,5,'2023-03-01','Botelli','+994553334863','500','botellicareers@gmail.com',1,0,NULL,'2023-02-01 04:26:56','2023-02-01 04:27:22',0),(270,'VFX DİREKTORU',17,'İş haqqında məlumat\r\nBiz YouTube kanallarının yaradılması, saxlanması və inkişafı ilə məşğuluq. Ümumilikdə 15 milyondan çox kanal abunəçimiz var; YouTube-dan 5 qızıl və 10 gümüş mükafat\r\nİndi biz eyni vaxtda müxtəlif nişlərdə və 100 mindən 4 milyona qədər müxtəlif auditoriyaya malik bir neçə kanal üzərində işləyirik.\r\nNə təklif edirik:\r\n- sabit əmək haqqı\r\n- Tam məşğulluq\r\n- Uzaqdan iş\r\n- Dost, kreativ, gənc kollektiv\r\n- Şirkət hesabına ixtisasartırma kursları\r\nBu vəzifə üçün test tapşırığı var.\r\nDiqqət yoxlaması. Qapaq məktubunuzda \"admin\" sözünü yazın','Namizədə tələblər\r\nBizim üçün vacib olan:\r\n- Yüksək səviyyədə proqram biliyi: Adobe Premiere, Adobe After Effects, Adobe Illustrator, Adobe Photoshop\r\n- VFX proqramlarında işləmə bacarığı\r\n- Motion Design animasiya dizaynı - bu sahədə anlayış və bacarıqlar\r\n- Redaktə zamanı xroma düyməsi ilə işləmək bacarığı\r\n- 3D modelləşdirmə ilə proqramlarda işləmək bacarığı (Cinema 4D / Blender)\r\n- Materialı tez və səmərəli şəkildə işləyin və videoları vaxtında təqdim edin\r\n- Görülən işə görə məsuliyyət daşımaq istəyi\r\n- Müstəqillik, təşkilatçılıq, tez öyrənmək bacarığı və yaxşı məhsul hazırlamaq istəyi',181,5,'2023-03-01','sosmedia space','+994124374818','1000','info@sosmedia.space',1,0,NULL,'2023-02-01 04:34:07','2023-02-01 04:34:07',0),(271,'SATIŞ TƏMSİLÇİSİ',8,'İş barədə məlumat\r\n- Ərazisində olan Mağazalarda məhsul ehtiyacının müəyyənləşdirilməsi\r\n- Ehtiyac müəyyənləşdikdən sonra məhsulun həmin mağazalar üzrə yerləşməsinə nəzarətin edilməsi\r\n- Yeni məhsulların satış nöqtələrinə təqdim olunması, tanıdılması\r\n- Bütün məhsullar üzrə qarşıya qoyulan satış hədəflərinin yerinə yetirilməsi\r\n- İş yeri: Ofis Zabrat-Maştağa\r\n- İş saatı: 08:15-dan-18:00-dək\r\n- Satış qida sektoru üzrə olacaq\r\n- İlk öncə təcrübəçi kimi işə qəbul olunacaq 400,450,500 Azn sonradan artacaq\r\n- Təyinat aldıqdan sonra maaş 600-800 aralığına qədər yüksələcək','Namizədə tələblər\r\nİş təcrübəsi : vacib deyil.Əsas satışda işləmək qabiliyyəti olsun\r\n- Şəxsi avtomobil mütləqdir\r\n- Hərbi bilet mütləqdir (yararlı)\r\n- Bəy namizədlər\r\n- Yaş: 20-28\r\n- Təhsil: Orta (Ali arzu olunandır)',182,5,'2023-03-01','SRM Group','+994775571657','400','namiq@srm-group.az',1,0,NULL,'2023-02-01 04:46:53','2023-02-01 04:46:53',0),(272,'Healpro',14,'İş barədə məlumat\r\n- Müvafiq məhsulların tibb müəssisələri və apteklərdə təqdimatı\r\n- Məhsulların marketinq işinin düzgün təşkili\r\n- Plana uyğun işin aparılması\r\n- Satışa nəzarət etmək\r\n- İş rejimi: 5 günlük\r\n- İş saatı: 09:00-dan-18:00-dək','Namizədə tələblər\r\n- Komandada işləmə qabiliyyəti olmalıdır\r\n- Fikrini aydın ifadə etməyi bacarmalıdır\r\n- Yüksək ünsiyyət qurma bacarıqlı olmalıdır\r\n- Qeyd: Təcrübəsiz və iş qabiliyyəti olmayan şəxslərdən müraciət etməmələri xahiş olunur',183,5,'2023-03-01','Healpro','+994512295894','800','gunay@healpro.az',1,0,NULL,'2023-02-01 07:30:26','2023-02-01 09:03:06',0),(273,'ÇAĞRI MƏRKƏZİ OPERATORU',7,'İş barədə məlumat\r\n- Xidmətlərimiz haqqında müştərilərə dolğun məlumat vermək\r\n- Keçirilən kampaniyalar haqqında müştəriyə dolğun məlumat vermək\r\n- Müştərilərin müraciətlərini operativ olaraq cavablandırılması\r\nİş şəraiti:\r\nİş qrafiki: həftədə 6 gün\r\n(20:00-dan-08:00-dək)\r\nYalnız email adresinə göndərilən CV-lər dəyərləndiriləcək','Namizədə tələblər\r\n- Yaş:18-28 yaş arası bəy namizədlər\r\nDil bilikləri:\r\n- Azərbaycan dili mükəmməl səviyyədə\r\n- Rus dili yüksək səviyyədə\r\n- Səlis danışıq qabiliyyəti\r\n- Azərbaycan dilinin qrammatik normalarına mükəmməl bələd olmaq\r\n- Enerjili,punktual,məsuliyyətli,kreativ, ünsiyyətcil və işinə qarşı həvəsli\r\n- Mehriban və kollektiv ilə birgə işləmə bacarığının olması\r\n- Vəzifə öhdəliklərinin tam və vaxtında icra etmə bacarığının olması\r\n- Təqdimat bacarığının olması',184,5,'2023-03-01','149 Avtotelim','+994502311730','400','office@149avtotelim.az',1,0,NULL,'2023-02-01 07:36:43','2023-02-01 09:03:08',0),(274,'MOBİLQRAF',5,'İş barədə məlumat\r\n- Gündəlik qısametrajlı videoların çəkilməsi\r\n- Çəkilən videoların montaj edilərək təhvil verilməsi\r\n- Rəhbərliyə görülən işlərlə bağlı müvafiq hesabatların təqdim edilməsi\r\n- Yenilikləri tətbiq etmək bacarığı\r\n- Reklam roliki, promo videolar hazırlama bacarığı üstünlükdür\r\n- Həftənin 5 günü tam iş günü 09:00-dan-17:00-dək\r\n- 6-cı günləri yarım iş qrafiki 09:00-dan-14:00-dək\r\n- Bazar günü - istirahət günüdür\r\n- İşə qəbul AR Əmək Məcəlləsinə uyğun olaraq həyata keçirilir','Namizədə tələblər\r\n- Müvafiq sahə üzrə iş təcrübəsi: 1 il\r\n- Çəkiliş bacarığı (əsasən “mobile videography”)\r\n- Adobe Premier Pro, Adobe After Effects proqramlarında sərbəst işləmə bacarığı\r\n- Photoshop bilməyi üstünlükdür\r\n- Səlis Azərbaycan dili biliyi, 1 xarici dil biliyi - Rus və ya İngilis arzulonandır(araşdırma apara bilmək üçün)\r\n- Komanda ilə çalışmaq qabiliyəti\r\n- Kreativ düşüncə tərzi\r\n- İnkişafa və yeniliyə meyillilik\r\n- Çəkiliş avadanlığının olması üstünlükdür\r\n- CV-ləri yuxarıda qeyd olunan email-ə göndərmək xahiş edilir\r\n- Uyğun namizədlərlə əlaqə yaradılacaq',185,5,'2023-03-01','Bizim Yükdaşıma','+994502311724','600','hr@bizimyuk.az',1,0,NULL,'2023-02-01 07:42:26','2023-02-01 09:03:09',0),(275,'MÜHASİB KÖMƏKÇİSİ',4,'İş barədə məlumat\r\n- İş yeri : Dərnəgül şossesi\r\n- Əmək haqqı : 500 AZN\r\n- İş vaxtı 6 günlük,bazar günü istirahət\r\n- İş saatı 09:00dan-17:00dək\r\n- Xahiş olunur şəkilli cv-lərinizi qeyd olunan elektron ünvana göndərəsiniz,şəkilsiz cv-lər Baxılmayacaq!\r\npolemakgroup@gmail.com\r\n- Qeyd olunan nömrə ilə saat 09:00dan-17:00dək əlaqə saxlaya bilərsiniz','Namizədə tələblər\r\n- Xanım namizədlər tələb olunur\r\n- Ali (iqtisadi, maliyyə və ya mühasibatlıq ixtisası üzrə) təhsil\r\n- Yaş: 25-35\r\n-1 ildən 3 ilə qədər iş təcrübəsi\r\n- Elektron vergi portalından istifadə etmək bacarığı( E-gov.az, e-taxes.gov.az)\r\n- E-qaimə fakturanın hazırlanması və göndərilməsi,dəyişdirilməsi və ləğv edilməsi\r\n- Baş mühasibin tapşırığı əsasında digər işlər\r\n- Vergi idarəsi ilə elektron yazışmalar, asan imza ilə işləmə bacarığı\r\n- İşçilərin elektron online işə qəbulu,əmək müqaviləsinin bağlanması və xitam verilməsi\r\n- BTP (sadələşmiş,gəlir,mənfəət,ƏDV və digər) hesabatların aparılması və göndərilməsi\r\n- Bank əməliyyatlarının elektron online həyata keçirilməsi\r\n- Microsoft Office proqramlarını yaxşı səviyyədə bilmək və Excel proqramından sərbəst istifadə bacarığı\r\n- Mal material uçotunun aparılması\r\n- Ciddi,məsuliyyətli,çalışqan,səliqəli,inkişafa meyilli',186,5,'2023-03-01','Polemak','+994552666304','500','polemakgroup@gmail.com',1,0,NULL,'2023-02-01 08:03:26','2023-02-01 09:03:10',0),(276,'SATIŞ TƏMSİLÇİSİ',8,'İş barədə məlumat\r\n- Daima inkişafda olan Smart Brain Company vakansiya elan edir\r\n- Hal-hazırda satış təmsilçisi vakansiyası mövcuddur\r\n- Məhsullar haqqında müştərilərə məlumat vermək\r\n- Məhsulun satışını həyata keçirmək\r\n- Müştərilərin tələbatını öyrənmək\r\n- Həftənin 6 günü iş, bazar günü istirahət günüdür\r\n- İşə qəbul AR Əmək Məcəlləsinə uyğun olaraq həyata keçirilir','Namizədə tələblər\r\n- Səlis Azərbaycan dilini bilməsi\r\n- Danışıq qabiliyyəti olmalı,fikirini aydın izah etmə və aktiv satış bacarığı\r\n- Xoş və səliqəli görünüş\r\n- İşgüzar və hədəf yönlü\r\n- Məsuliyyətli, dürüst və ünsiyyət qurma bacarığı\r\n- Kollektiv ilə işləmə bacarığı\r\n- Satış və müştərilərə xidmət bacarığı\r\n- Ünsiyyət qabiliyyəti\r\nCV-ləri yuxarıda qeyd olunan email-ə göndərmək və ya mobil nömrə ilə whatsapp vasitəsilə əlaqə saxlamaq xahiş edilir\r\nUyğun namizədlərlə əlaqə yaradılaca',187,69,'2023-03-01','Smart Brain Company','+994556054158','600','kenan.tarverdi@smartbrain.az',1,0,NULL,'2023-02-01 08:27:20','2023-02-01 09:03:11',0),(277,'ƏCZAÇI',14,'İş barədə məlumat\r\n- Dərman preparatlarının satışını həyata keçirtmək\r\n- Müştəri ilə xoş danışmaq\r\n- İş qrafiki : Tam(Gecə növbəsi) 20:00-dan - 08:00-dək (3 və 4 günlük qrafiklərdə mövcuddur)\r\n- İstirahət günü : Həftədə 1 gün\r\n- Maaş+Bonus','Namizədə tələblər\r\n- Əczaçılıq ixtisası üzrə ali və ya orta ixtisas təhsili\r\n- Əczaçılıq üzrə minimum 6 ay iş təcrübəsi (Tərkib bilənlərə üstünlük verilir)\r\n- İşində məsuliyyətli\r\nQeyd olunan göstəricilərə cavab verən namizədlərdən öz CV-lərini mövzu hissəsində “Əczaçı” qeyd etməklə avaz.pharmacy@gmail.com elektron ünvanına göndərmələri xahiş olunur',188,5,'2023-03-01','Avaz Aptek','+994519991144','600','avaz.pharmacy@gmail.com',1,0,NULL,'2023-02-01 08:47:50','2023-02-01 09:03:13',0),(278,'SÜRÜCÜ',13,'İş barədə məlumat\r\nTəsviri:\r\n- Təyin olunmuş bölgə üzrə malların mağazalara operativ şəkildə çatdırılması\r\n- Anbardan malların təhvil alınması və maşına yüklənilməsi\r\n- İşin düzgün planlaşdırılması və verilən tapşırıqları vaxtında yerinə yetirilməsi\r\n- İş günləri: 1-6\r\n- AR üzrə rəsmi sənədləşmə\r\n- Nəqliyyat şirkət tərəfindən verilir (İsuzi yük maşını)\r\n- Ünvan: Abşeron ray., Şamaxı şos.14-cü km\r\n- Yaxın ərazidə yaşayan namizədlərə üstünlük verilir\r\n- Mail ünvanı: hr@can-pa.com\r\n- Əlaqə: +994512409568','Namizədə tələblər\r\n- Ən azı 3 illik sürücülük təcrübəsi olmalı\r\n- Şəhəri yaxşı tanımalı\r\n- Sərbəst avtomobil idarə etməyi bacarmalı və yol hərəkət qaydalarını bilməli\r\n- Səliqəli və təmkinli olmalı\r\n- BC kateqoriya mütləqdir\r\n- Yaş həddi: 24-35',189,5,'2023-03-01','CAN-PA MMC','+994512409568','600','hr@can-pa.com',1,0,NULL,'2023-02-01 08:59:14','2023-02-01 09:03:15',0),(279,'PAXLAVA USTASI',13,'İş barədə məlumat\r\n- 6 günlük iş həftəsi\r\n- Nahar şirkət tərəfindən qarşılanır\r\n- Ünvan: Abşeron ray., Hökməli qəs. (araziyə yaxın yaşayan namizədlərə üstünlük veriləcək)','Namizədə tələblər\r\n- Şəkərbura, paxlava ustası kimi azı 3 il iş təcrubəsi olmalı\r\n- İşini təmiz, səliqəli, düzgün şəkildə aparmalı\r\n- İşində cəld və səbirli olmalı',189,5,'2023-03-01','CAN-PA MMC','+994502409568','500','hr@can-pa.com',3,0,NULL,'2023-02-01 09:01:01','2023-02-01 09:03:16',0),(280,'TİBB BACISI',14,'İş barədə məlumat\r\n- Həkiməqədər ilk tibbi yardımı göstərməli\r\n- Sanitar-gigiyenik qaydalara əməl olunması, yoluxuçu xəstəliyə qarşı tədbirlərin həyata keçirilməsi işlərini vaxtında yerinə yetirməli\r\n- Verilən bütün təyinatları və göstərişləri düzgün və vaxtında yerinə yetirməli\r\n- Şirkətə lazım olan dərman və tibbi ləvazimatların sifarişini hazırlamalı və təşkil etməli\r\n- İşçilərin dırnaq, geyim, ayaqqabı və digər təmizliyinə nəzarət etməli\r\n- Yeni gələn işçiləri gigiyenik qaydalarla təlimatlandırmalı və bunu nezarətdə saxlamalı\r\n- İş qrafiki: bazar ertəsi - şənbə\r\n- İstirahət günü – bazar','Namizədə tələblər\r\n- Tibbi texniki təhsilli\r\n- Komandada işləməyi bacarmalı',189,5,'2023-03-01','CAN-PA MMC','+994512409568','400','hr@can-pa.com',3,0,NULL,'2023-02-01 09:02:49','2023-02-01 09:03:17',0),(281,'KREDİT MÜTƏXƏSSİSİ',4,'İş barədə məlumat\r\n- İş saatı: 09:00-dan-18:00- a dək\r\n- İstirahət günləri : Bazar günü\r\n- Əmək Müqaviləsinə əsasən işə qəbul\r\n- Şirkətin satış siyasəti və iş prinsipləri öyrədiləcəkdir\r\n- İş yeri: Sumqayıt ş., 2 ci mkr N.Nərimanov küç., Nizami kinoteatrnın yaxınlığında','Namizədə tələblər\r\n- Təhsil: Ali təhsilli; natamam ali\r\n- Yaş həddi: 18-30 yaş\r\n- Dillər: Azərbaycan dili(Rus dili arzuolunandır)\r\n- Cinsi: Kişi;qadın\r\n- Kompüter biliyi: Microsoft Office\r\n- İş təcrübəsi tələb olunmur\r\n- Təcrübəli kadrlara üstünlük verilir, təcrübəsi olmayan şəxslər kredit mütəxəssisin yanında təcrübə keçərək bu sahədə biliklər eldə edərək özlərini sınaya bilər',190,69,'2023-03-01','İnternational BOKT','+994186425540','400','pervin.ahmadov@icu.az',1,0,NULL,'2023-02-01 09:24:53','2023-02-01 09:32:29',0),(282,'TURİZM MENECERİ',15,'İş barədə məlumat\r\n- Xarici turların, otellərin, aviabiletlerin satışı\r\n- Xarici ölkələr üzrə reklam üçün tur paketlərin hazırlanması\r\n- Xarici və daxili partnyorlar ilə əlaqələr qurmaq və işgüzar yazışmalar aparmaq\r\n- Müştərilərdən gələn sorğuların vaxtında və işgüzar formada cavablandırılması\r\n- Günlük Aylıq satış hesabatlarının mühasibə, rəhbərliyə təqdim olunması\r\n- İş saatları: 09:00-dan-18:00-dək\r\n- İstirahət günü - Bazar günü\r\n- Əmək haqqı 400 AZN + Satışdan bonus','Namizədə tələblər\r\n- Turizm sahəsində (outgoing) iş təcrübəsinin olması vacibdir\r\n- Aviabilet/Otel bronlaşdırma sistemləri üzrə təcrübə\r\n- Azərbaycan dilini əla səviyyədə bilmək\r\n- Rus və İngilis dillərini yaxşı səviyyədə bilmək\r\n- Kompüter proqramlarında işləmək bacarığı (xüsusilə MS Office, word, excel, outlook proqramları)\r\n- Səlis və işgüzar danışıq bacarığına malik olmaq\r\n- Kollektivdə işləmə bacarığına malik olmaq\r\n- Müştəri ilə işləmə bacarığına malik olmaq\r\n- Məsuliyyətli, diqqətli və dəqiq olmaq\r\nŞəkilli CV-lərinizi info@naxtur.com saytına göndərməyiniz xahiş olunur. Yalnız qeyd olunan tələblərə cavab verən şəxslərlə əlaqə saxlanılacaq, turizm sahəsində təcrübəsi, bilikləri və ya təhsili olmayanlar nəzərə alınmayacaq',191,60,'2023-03-01','Naxcivan Turizm','+994556535841','400','info@naxtur.com',1,0,NULL,'2023-02-01 09:32:14','2023-02-01 09:32:31',0),(283,'SATIŞ ÜZRƏ MENECER',8,'İş barədə məlumat\r\n- Müştəri şəbəkəsini yaratmaq və inkişaf etdirmək\r\n- Potensial müştəriləri araşdırmaq və əməkdaşlığa cəlb etmək\r\n- Gorülmüş işlər barəsində gündəlik və aylıq hesabatları rəhbərliyə təqdim etmək\r\n- Şirkətin təqdim etdiyi servislərin xüsusiyyətləri və qiymətləri haqqında tam informasiyaya sahib olmalı\r\n- Nəqliyyat xərcləri, korporativ nömrə, nahar pulu və kompyuter şirkət tərəfindən verilir\r\n- Azərbaycan Respublikasının Əmək Məcəlləsinə əsasən işə alınma\r\n- İş rejimi: 09:30-dan -18:30-dək\r\n- Həftənin 6 günü\r\n(Şənbə günü saat 13:00-dək)\r\n- Bayramlar qeyri iş günü','Namizədə tələblər\r\nProfessional Biliklər:\r\n- Xanım namizəd\r\n- Azərbaycan dili və rus dili əsas, İngilis dili arzuolunandır\r\n- MS Office proqramlarını bilmək\r\n- Satış texnikası\r\n- Yüksək danışıq qabiliyyəti, fikirini aydın izah etmə\r\n- Stressə davamlılıq\r\n- Məsuliyyətli və punktual\r\n- Xoş və səliqəli zahiri görünüş',192,5,'2023-03-01','Aramex','+994124973705','600','fakhriye@aramex.com',1,0,NULL,'2023-02-01 09:48:43','2023-02-01 10:03:20',0),(284,'SATIŞ MENECERİ',8,'İş barədə məlumat\r\nQEYD: Əmlak şirkəti deyilik !!!\r\n- Xanım və Bəy namizədlər tələb olunur !\r\n- Satış hədəflərinin vaxtlı vaxtında icra olunması\r\n- Öz rutu üzərində yeni müştərilərin tapılması və onlara təqdimat keçirilməsi\r\n- Şirkəti düzgün təmsil etməyə, bu sahədəki geyim, davranış, etik qaydalar və şirkət dəyər və prinsiplərinə uyğun davranmaq\r\n- Hər günün sonunda rəhbərliyə günlük hesabatın təqdim edilməsi\r\n- Satışla bağlı rəhbərliyin ona həvalə etdiyi digər vəzifələr və öhdəliklərin icra edilməsi\r\n- İş yeri : Bakı\r\n- İş qrafiki:Həftədə 5 gün\r\n- İş vaxtı: (09:30-dan-18:30-dək)\r\n- Yalnız CV göndərən namizəd ilə əlaqə saxlanılacaq !!!','Namizədə tələblər\r\n- Korporativ satış üzrə təcrübə\r\n- Danışıq qabiliyyəti olmalı,fikirini aydın izah etmə və aktiv satış bacarığı\r\n- Ofis proqramları və internetdən yüksək səviyyədə istifadə\r\n- Danışıqlar aparma qabiliyyəti\r\n- Təqdimat hazırlama və təqdimat keçmək bacarığı\r\n- Satış müdiri vəzifələrində işləyənə önəm veriləcək\r\n- Rus dilini bilməli arzu olunandı',193,5,'2023-03-01','Rahat Bina','+994552950018','500','cv@rahatbina.az',1,0,NULL,'2023-02-01 10:03:08','2023-02-01 10:03:21',0),(285,'TURİZM MENECERİ',15,'İş barədə məlumat\r\n- İş saatları: həftənin 1-5 günlər\r\n- Saat 10:00-dan-18:00-dək\r\n- 6 cı gün saat 10:00-dan-16:00-dək\r\nMaraqlanan şəxslər CV lərini rec.cen.hr@gmail.com ünvanına göndərə bilərlər.Qeyd olunmuş nömrəylə də əlaqə saxlaya bilərsiniz','Namizədə tələblər\r\n- Daxili və xarici turizm mütəxəssisi kimi turizm sahəsində ən azı 1 il iş təcrübəsinə malik olmaq\r\n- İngilis və rus dilində işgüzar danışıq bacarığı və rəsmi yazışmaların aparılması\r\n- Komputerdə sərbəst işləmək bacarığı\r\n- Ms Office proqramları internet Ms Outlook və s. bilmək',194,5,'2023-03-01','Recruitment Center','+994508600828','600','rec.cen.hr@gmail.com',1,0,NULL,'2023-02-01 10:17:33','2023-02-01 10:23:40',0),(286,'OPERATOR',4,'İş barədə məlumat\r\n- Telefon vasitəsilə sığorta məhsullarının satışı\r\n- Onlayn satış və sorğuların cavablanması\r\n- Gecə növbəsində oxuyan tələbələr qəbul edilir.\r\n- İş vaxtı 10:00-dan 17:00-dək\r\n- Həftə içi 5 gün\r\n- Ünvan: Nizami küç 147\r\n- Whatsappla əlaqə saxlanmasına üstünlük verilir.','Namizədə tələblər\r\n- Yalnız Xanım Namizədlər\r\n- Təhsil: Orta\r\n- İş təcrübəsi (fərq etməz 10 gün trening keçirilir)\r\n- Dil bilikləri: Azərbaycan (əla)\r\n- Kompyuter bilikləri:internet excel\r\n- Ünsiyyət qurmaq bacarığı\r\n- Hesabat qaydalarını bilməsi\r\n- Təqdimat bacarığı\r\n- Stressə davamlılıq və münaqişələri həll etmə bacarığı\r\n- Plana uyğun maaş dəyişir',195,5,'2023-03-01','MAX-A CONSULTING','+994703327707','300','islambalabayov1978@gmail.com',1,0,NULL,'2023-02-01 10:23:33','2023-02-01 10:23:42',0),(287,'AŞPAZ KÖMƏKÇİSİ',13,'İş barədə məlumat\r\n- Həftədə 1 gün istirahət\r\n- Nahar şirkət tərəfindən verilir\r\n- AR-nın ƏM uyğun işə qəbul\r\n- İş yeri :Elmlər metrosu yaxınlığı, Laliga Lounge Center Z.Xəlilov 25B','Namizədə tələblər\r\n- Salat, Burger, Pizza və Sendviç hazırlamaq\r\n- Müxtəlif növ salatların hazırlamaq\r\n- Yeməklərin dadının ləzzətli olmasına və təqdimatın düzgün verilməsinə riayət etmək\r\n- İstifadə olunacaq tərkibin təmizliyinin yüksək keyfiyyətdə olmasına həmçinin son istifadə tarixinə\r\nnəzarət etmək',196,5,'2023-03-01','Laliga lounge','+994707515180','400','hr.laligalounge@gmail.com',1,0,NULL,'2023-02-01 10:41:24','2023-02-01 10:43:09',0),(288,'XADİMƏ (GECƏ NÖVBƏSİ)',13,'İş barədə məlumat\r\n- Ə/h 450 azn\r\n- Həftədə 1 gün istirahət\r\n- İş qrafiki: Gecə\r\n- İş yeri :Gənclik metrosu yaxınlığı\r\n- Nahar şirkət tərəfindən verilir\r\n- Yol xərci qarşılanır\r\n- Gənclik m/s yaxınlığında qalması mütləqdir\r\n- AR-nın ƏM uyğun işə qəbul','Namizədə tələblər\r\nMüəyyən edilmiş qaydalara əsasən, gündəlik ümumi təmizlik və sanitariya işlərini yerinə yetirmək.',196,5,'2023-03-01','Laliga lounge','+994707515180','450','hr.laligalounge@gmail.com',3,0,NULL,'2023-02-01 10:43:01','2023-02-01 10:54:51',0),(289,'DİZAYNER',9,'İş barədə məlumat\r\nİş qrafiki:\r\n- Həftənin 1-5 günləri\r\n- 09:00dan -18:00-dək\r\n- 6 günü isə 09:00-dan - 14:00-dək','Namizədə tələblər\r\n- Yalnız xanım namizəd!\r\n- AutoCad və 3D MAX bilməli olan namizəd',197,5,'2023-03-01','Arxstudiya','+994503331112','700','info@arxstudiya.az',1,0,NULL,'2023-02-01 10:54:32','2023-02-01 10:54:53',0),(290,'DƏZGAH OPERATORU',7,'İş barədə məlumat\r\n- Şirkətimiz Flexo çap üzrə klişe istehsalı edir\r\n- Həftə içi 5 gün 09:00-dan-18:00-dək iş qrafiki\r\n- Nahar şirkət tərəfindən verilir\r\n- Ünvan: Nizami rayonu, Keşlə qəs. 4-cü Köndələn (201 nömrəli məktəbinyaxınlığı)','Namizədə tələblər\r\n- Ünsiyyət və komandada işləmə bacarığı\r\n- Problemi həll etmə bacarığı\r\n- İşləri təyin olunan vaxt təhvil vermək\r\n- Sürücülük vəsiqəsi və kompyuter biliyinin olması üstünlükdür\r\niş öyrədilir',198,5,'2023-03-02','Baku Klişe','+994512291245','600','info@bakuklise.com',1,0,NULL,'2023-02-02 02:15:49','2023-02-02 03:07:02',0),(291,'Operator',7,'İş barədə məlumat\r\n- İş saatları 08:00-dan-20:00-dək , 20:00-dan-08:00-dək\r\n- Əməkhaqqı 350 azn\r\n- Görəcəyiniz iş: daxil olan zəngləri scat proqramı vasitə ilə cavablandırmaq və aidiyyatı üzrə sistemə yönləndirməkdən ibarətdir\r\n- İş öyrədilir.10 gün ərzində (daha az olması sizdən aslıdı)\r\n- İş yeri ABŞ səfirliyinin yaxınlığında yerləşir.\r\n- CV-nizi info@bumerang-tur.az email adresinə göndərməyi unutmayın.\r\n- WhatsApp aktivdir','Namizədə tələblər\r\n- Taksi xidmətində xanımlar üçün operator vəzifəsi\r\n- Taksi operatoru kimi təcrübəsi olanlara üstünlük verilir\r\n- İşədüzəltmə deyil birbaşa işə götürən tərəfdir\r\n- Distant-onlayn (evdən işləmə) mövcud deyil\r\n- Yaş aralığı 18-45\r\n- Tələb : Səlis və aydın nitq\r\n- Klaviaturada sürətli yazma bacarığı\r\n- Səlis və aydın nitq\r\n- Klaviaturada sürətli yazma bacarığı',199,5,'2023-03-02','Bumeranq-tur','+994503749711','3000','info@bumerang-tur.az',1,0,NULL,'2023-02-02 03:02:46','2023-02-02 03:07:03',0),(292,'OPERATOR(EVDƏN İŞ)',4,'İş barədə məlumat\r\n- Gələn sifarişlər üzərindən müştərilərə düzgün və tam məlumatın verilməsi və məhsulun satışın həyata keçirmək\r\n- Verilən tapşırıqların düzgün yerinə yetirilməsi\r\n- İş qrafiki 6 günlükdür ( həftəiçi istirahət günü)\r\n- İş vaxtı: saat 09:00-dan 18:00-dək (tam iş vaxtı)\r\n- Aylıq gəlir 400-600 AZN\r\nCV-ləri yuxarıda qeyd olunan email-ə \"Operator(evdən iş)\" başlığı ile göndərmək lazımdır, göndərəndə başlıqda iki üstəgəl iki cavabını qeyd edin','Namizədə tələblər\r\n- Hal-hazırda digər işdə işləməyən\r\n- Yaş: 18-50 yaş\r\n- Azərbaycan dilində Səlis danışıq qabiliyyəti. Rus dili bilməsi arzu olunandır\r\n- Ünsiyyətqurma və komandada işləmək bacarığı',29,5,'2023-03-02','Sashera-Med Azerbaijan','+994702204393','400','hr@sashera-med-aze.info',1,0,NULL,'2023-02-02 03:06:04','2023-02-02 03:07:05',0),(294,'DAXİLİ MÜHASİB',4,'İş barədə məlumat\r\n- Mühasib uçotunun hazırlanması\r\n- Anbara mal qəbulu və köçürülməsi\r\n- Əmək haqqı, məzuniyyət, xəstəlik vərəqəsi və ezamiyyənin hazırlanması\r\n- Bank və kassa əməliyyatları\r\n- Daxili mühasibatlıq işlərini görə bilən (hesab fakturalar, elektron qaimələr, daxili hesabatlar,bank köçürmələri və.s)\r\n- Sayımlarda iştirak\r\n- İş saatı I-V (10:00-dan-19:00-dək)-VI-(10:00-dan-16:00-dək)','Namizədə tələblər\r\n- Təhsil: Ali(Mühasibat və ya maliyyə üzrə)\r\n- İş təcrübəsi: 1 ildən 3 ilə qədər\r\n- Yaş: 23-35(Bəy)\r\n- İşində ciddi və məsuliyyətli olmalı\r\n- MS Office (Word, Excel)-bilgisi önəmlidir.(Excell mütləqdir)',200,5,'2023-03-02','Senser606','+994555547617','800','senserlingerie@mail.ru',4,0,NULL,'2023-02-02 03:30:42','2023-02-02 03:30:42',0),(295,'SMM MENECER',5,'İş barədə məlumat\r\n- Sosial şəbəkələr ilə (facebook, instagram,Tik-tok,şirkətin rəsmi saytı və s.) işləmək və ofis proqramlarını bilmək\r\n- SMM strategiyasının hazırlanması və həyata keçirilməsi\r\n- Mövzuya uyğun olaraq kontentin (mətn, foto, video) hazırlanması və ya seçilməsi\r\n- Sosial şəbəkədə müştərilər tərəfindən daxil olan sorğuları şirkətin adından korporativ etika çərçivəsində cavablandırmaq\r\n- Müştərilərlə əlaqə saxlamaq\r\n- İş saatı 10:00-dan-18:00-dək\r\n- Həftədə 1 gün istirahət\r\n- Əmək haqqı: 450-600 AZN','Namizədə tələblər\r\n- Yaş: 18-30(xanım)\r\n- Ali və ya orta təhsil mütləqdir\r\n- Azərbaycan dilinin qrammatika, leksika biliyi və düzgün tətbiq bacarıqları\r\n- Kreativ ideyalı və yaradıcı qabiliyyətli\r\n- Məsuliyyətli və diqqətli olmaq\r\n- Bu sahədə ən azı 1 il iş təcrübəsi\r\n- Komandada işləmə bacarığı\r\n- Stresə davamlı',200,5,'2023-03-02','Senser606','+994555547617','450','senserlingerie@mail.ru',4,0,NULL,'2023-02-02 03:32:22','2023-02-02 03:32:22',0),(296,'MÜHAFİZƏÇİ',13,'İş barədə məlumat\r\n- 8 saatlıq iş\r\n- 1 gün istrahət\r\n- Gecə və gündüz növbələri\r\n- yemək şirkət tərəfində verilir\r\n- Kameralara nəzarət\r\n- Mal giriş qapısından gələn malları qəbul etmək\r\n- Ərazinin vaxtaşırı nəzarəti\r\n- Maraqlanan namizədlər xahiş olunur CV göndərsin\r\n- Rəsmi qaydada əmək müqaviləsi bağlanır\r\nMaaş 435 Gross. 400 AZN Net karta oturan','Namizədə tələblər\r\n- İşinə məsuliyyətlə yanaşan bəy namizədlər müraciət edə bilərlər\r\n- Kollektivlə işləmə bacarığı\r\n- Yaş həddi: 18 – 35\r\n- Təcrübəsi az olan namizədlər də müraciət edə bilərlər',201,5,'2023-03-02','Modern Hotel','+994552091567','400','hr@modernhotel.az',4,0,NULL,'2023-02-02 03:40:12','2023-02-02 03:40:12',0);
/*!40000 ALTER TABLE `vacancies` ENABLE KEYS */;
UNLOCK TABLES;

--
-- Table structure for table `wallet_transactions`
--

DROP TABLE IF EXISTS `wallet_transactions`;
/*!40101 SET @saved_cs_client     = @@character_set_client */;
/*!40101 SET character_set_client = utf8 */;
CREATE TABLE `wallet_transactions` (
  `id` bigint(20) unsigned NOT NULL AUTO_INCREMENT,
  `wallet_id` bigint(20) unsigned NOT NULL,
  `vacancy_id` bigint(20) unsigned NOT NULL,
  `session_id` varchar(255) COLLATE utf8_general_ci NOT NULL,
  `order_id` varchar(255) COLLATE utf8_general_ci NOT NULL,
  `order_status` varchar(255) COLLATE utf8_general_ci NOT NULL,
  `order_status_code` varchar(255) COLLATE utf8_general_ci DEFAULT NULL,
  `order_status_description` varchar(255) COLLATE utf8_general_ci DEFAULT NULL,
  `amount` varchar(255) COLLATE utf8_general_ci NOT NULL,
  `currency` varchar(255) COLLATE utf8_general_ci NOT NULL,
  `transaction_id` varchar(255) COLLATE utf8_general_ci DEFAULT NULL,
  `PAN` varchar(255) COLLATE utf8_general_ci DEFAULT NULL,
  `created_at` timestamp NULL DEFAULT NULL,
  `updated_at` timestamp NULL DEFAULT NULL,
  `CompanyUser_id` bigint(20) unsigned DEFAULT NULL,
  PRIMARY KEY (`id`),
  KEY `wallet_transactions_companyuser_id_foreign` (`CompanyUser_id`),
  CONSTRAINT `wallet_transactions_companyuser_id_foreign` FOREIGN KEY (`CompanyUser_id`) REFERENCES `company_users` (`id`) ON DELETE CASCADE
) ENGINE=InnoDB AUTO_INCREMENT=23 DEFAULT CHARSET=utf8 COLLATE=utf8_general_ci;
/*!40101 SET character_set_client = @saved_cs_client */;

--
-- Dumping data for table `wallet_transactions`
--

LOCK TABLES `wallet_transactions` WRITE;
/*!40000 ALTER TABLE `wallet_transactions` DISABLE KEYS */;
INSERT INTO `wallet_transactions` VALUES (4,2,8,'EA12A10521E6B01478AC17DA4AD1247C','517902','pending',NULL,NULL,'1000','944',NULL,NULL,'2023-01-14 15:15:17','2023-01-14 15:15:17',NULL),(5,2,8,'54482C6F02572A2F4E620D0AD92A16CE','517903','APPROVED','001','Approved, no balances available','1000','944','13432914','416973XXXXXX5869','2023-01-14 15:17:14','2023-01-14 15:17:36',NULL),(6,2,7,'7098590E5A9E38995118A1DD3A34A146','517904','APPROVED','001','Approved, no balances available','500','944','13432917','416973XXXXXX5869','2023-01-14 15:18:35','2023-01-14 15:18:45',NULL),(7,3,10,'664E3A3D74110A29B6DBCAFD108AC1D1','518096','pending',NULL,NULL,'500','944',NULL,NULL,'2023-01-16 09:08:57','2023-01-16 09:08:57',NULL),(8,3,10,'38E5CC58759D310510D10FD1D46C0042','518097','pending',NULL,NULL,'500','944',NULL,NULL,'2023-01-16 09:09:22','2023-01-16 09:09:22',NULL),(9,3,10,'8E5F0C0C362AEBF95971345A0150DE71','518098','pending',NULL,NULL,'500','944',NULL,NULL,'2023-01-16 09:09:55','2023-01-16 09:09:55',NULL),(10,3,9,'CA3016E8DE51707374D0B620E5C31CEF','518100','APPROVED','001','Approved, no balances available','1000','944','13438545','416973XXXXXX5869','2023-01-16 09:12:14','2023-01-16 09:13:27',NULL),(11,4,11,'C6B1F1782D954F2032834D15DD1F2D01','518138','pending',NULL,NULL,'1000','944',NULL,NULL,'2023-01-17 03:57:59','2023-01-17 03:57:59',NULL),(12,4,13,'D6200A3D3E20677A06953E22C232DFEF','518139','pending',NULL,NULL,'1000','944',NULL,NULL,'2023-01-17 03:58:32','2023-01-17 03:58:32',NULL),(13,4,11,'F5DCC3AF3C8E6E192B3571146C4DCF76','518140','APPROVED','001','Approved, no balances available','1000','944','13443420','416973XXXXXX5869','2023-01-17 04:00:59','2023-01-17 04:01:50',NULL),(14,4,19,'D69F55D82832F3E86B5AFDF6C7486F7E','518212','APPROVED','001','Approved, no balances available','1000','944','13443607','416973XXXXXX5869','2023-01-17 07:58:23','2023-01-17 07:59:05',NULL),(15,3,9,'2E32025B3D83CC83160DCC72CAC6B498','518549','pending',NULL,NULL,'500','944',NULL,NULL,'2023-01-19 07:15:42','2023-01-19 07:15:42',NULL),(16,4,11,'C6CB3F5F1BD355BFCD8F36D069867388','518552','APPROVED','001','Approved, no balances available','500','944','13454017','416973XXXXXX5869','2023-01-19 07:19:58','2023-01-19 07:20:31',NULL),(17,3,9,'ADA4AFA7023B9546685BB1EBDC3F64B7','519379','pending',NULL,NULL,'500','944',NULL,NULL,'2023-01-24 09:34:37','2023-01-24 09:34:37',NULL),(18,3,9,'18ED27A118CADD5DFE0BB369343D0992','519406','APPROVED','001','Approved, no balances available','500','944','13479746','416973XXXXXX5869','2023-01-24 10:34:42','2023-01-24 10:35:00',NULL),(19,3,10,'53E48A10F839079065A9F2C3D9F3702F','520037','pending',NULL,NULL,'500','944',NULL,NULL,'2023-01-27 09:36:43','2023-01-27 09:36:43',NULL),(20,3,10,'83768CA8E6B0D0DC25BBB0FEDD5B9455','520043','APPROVED','001','Approved, no balances available','500','944','13495257','416973XXXXXX5869','2023-01-27 09:48:07','2023-01-27 09:49:01',NULL),(21,3,9,'488DF1D2BBA15CF48CD461FC9462CD02','520045','APPROVED','001','Approved, no balances available','500','944','13495271','416973XXXXXX5869','2023-01-27 09:52:17','2023-01-27 09:52:35',NULL),(22,3,9,'C4EC2191984FDCA3436F56B286D558CF','520814','APPROVED','001','Approved, no balances available','500','944','13521361','416973XXXXXX5869','2023-02-01 10:46:05','2023-02-01 10:46:17',NULL);
/*!40000 ALTER TABLE `wallet_transactions` ENABLE KEYS */;
UNLOCK TABLES;

--
-- Table structure for table `wallets`
--

DROP TABLE IF EXISTS `wallets`;
/*!40101 SET @saved_cs_client     = @@character_set_client */;
/*!40101 SET character_set_client = utf8 */;
CREATE TABLE `wallets` (
  `id` bigint(20) unsigned NOT NULL AUTO_INCREMENT,
  `CompanyUser_id` bigint(20) unsigned NOT NULL,
  `total_spend` varchar(255) COLLATE utf8_general_ci NOT NULL,
  `status` varchar(255) COLLATE utf8_general_ci NOT NULL,
  `created_at` timestamp NULL DEFAULT NULL,
  `updated_at` timestamp NULL DEFAULT NULL,
  PRIMARY KEY (`id`),
  KEY `wallets_companyuser_id_foreign` (`CompanyUser_id`),
  CONSTRAINT `wallets_companyuser_id_foreign` FOREIGN KEY (`CompanyUser_id`) REFERENCES `company_users` (`id`) ON DELETE CASCADE
) ENGINE=InnoDB AUTO_INCREMENT=5 DEFAULT CHARSET=utf8 COLLATE=utf8_general_ci;
/*!40101 SET character_set_client = @saved_cs_client */;

--
-- Dumping data for table `wallets`
--

LOCK TABLES `wallets` WRITE;
/*!40000 ALTER TABLE `wallets` DISABLE KEYS */;
INSERT INTO `wallets` VALUES (3,6,'300','1','2023-01-16 09:08:56','2023-02-01 10:46:17'),(4,9,'250','1','2023-01-17 03:57:59','2023-01-19 07:20:31');
/*!40000 ALTER TABLE `wallets` ENABLE KEYS */;
UNLOCK TABLES;
/*!40103 SET TIME_ZONE=@OLD_TIME_ZONE */;

/*!40101 SET SQL_MODE=@OLD_SQL_MODE */;
/*!40014 SET FOREIGN_KEY_CHECKS=@OLD_FOREIGN_KEY_CHECKS */;
/*!40014 SET UNIQUE_CHECKS=@OLD_UNIQUE_CHECKS */;
/*!40101 SET CHARACTER_SET_CLIENT=@OLD_CHARACTER_SET_CLIENT */;
/*!40101 SET CHARACTER_SET_RESULTS=@OLD_CHARACTER_SET_RESULTS */;
/*!40101 SET COLLATION_CONNECTION=@OLD_COLLATION_CONNECTION */;
/*!40111 SET SQL_NOTES=@OLD_SQL_NOTES */;

-- Dump completed on 2023-02-02 11:52:06
